Caller Library	Field Name	Declared Class	Actual Class	Field Signature	Static	Visibility	Field Library	Reflective	Count
org.jfree:jfreechart:1.0.19	org.jfree.util.Rotation::ANTICLOCKWISE	org.jfree.util.Rotation	org.jfree.util.Rotation	org.jfree.util.Rotation	true	public	org.jfree:jcommon:1.0.23	false	3
org.jfree:jfreechart:1.0.19	org.jfree.ui.Size2D::height	org.jfree.ui.Size2D	org.jfree.ui.Size2D	double	false	public	org.jfree:jcommon:1.0.23	false	2061
org.apache.xmlgraphics:batik-bridge:1.8	org.apache.batik.ext.awt.image.CompositeRule::ATOP	org.apache.batik.ext.awt.image.CompositeRule	org.apache.batik.ext.awt.image.CompositeRule	org.apache.batik.ext.awt.image.CompositeRule	true	public	org.apache.xmlgraphics:batik-awt-util:1.8	false	1
org.eclipse.jdt:ecj:3.21.0	java.lang.Class::compilation_write	org.eclipse.jdt.internal.compiler.util.Messages	java.lang.Class	java.lang.String	true	public	org.eclipse.jdt:ecj:3.21.0	true	1
org.jfree:jfreechart:1.0.19	org.jfree.ui.VerticalAlignment::CENTER	org.jfree.ui.VerticalAlignment	org.jfree.ui.VerticalAlignment	org.jfree.ui.VerticalAlignment	true	public	org.jfree:jcommon:1.0.23	false	5
net.sf.jasperreports:jasperreports:6.17.0	org.jfree.chart.axis.AxisLocation::TOP_OR_LEFT	org.jfree.chart.axis.AxisLocation	org.jfree.chart.axis.AxisLocation	org.jfree.chart.axis.AxisLocation	true	public	org.jfree:jfreechart:1.0.19	false	2
org.apache.xmlgraphics:batik-bridge:1.8	org.apache.xmlgraphics.java2d.color.RenderingIntent::RELATIVE_COLORIMETRIC	org.apache.xmlgraphics.java2d.color.RenderingIntent	org.apache.xmlgraphics.java2d.color.RenderingIntent	org.apache.xmlgraphics.java2d.color.RenderingIntent	true	public	org.apache.xmlgraphics:xmlgraphics-commons:1.5	false	1
org.apache.xmlgraphics:batik-bridge:1.8	org.apache.batik.gvt.text.GVTAttributedCharacterIterator$TextAttribute::KERNING	org.apache.batik.gvt.text.GVTAttributedCharacterIterator$TextAttribute	org.apache.batik.gvt.text.GVTAttributedCharacterIterator$TextAttribute	org.apache.batik.gvt.text.GVTAttributedCharacterIterator$TextAttribute	true	public	org.apache.xmlgraphics:batik-gvt:1.8	false	1
org.eclipse.jdt:ecj:3.21.0	java.lang.Class::abort_invalidAttribute	org.eclipse.jdt.internal.compiler.util.Messages	java.lang.Class	java.lang.String	true	public	org.eclipse.jdt:ecj:3.21.0	true	1
net.sf.jasperreports:jasperreports:6.17.0	com.lowagie.text.pdf.PdfName::S	com.lowagie.text.pdf.PdfName	com.lowagie.text.pdf.PdfName	com.lowagie.text.pdf.PdfName	true	public	com.lowagie:itext:2.1.7.js8	false	2
org.jfree:jfreechart:1.0.19	org.jfree.ui.TextAnchor::BOTTOM_LEFT	org.jfree.ui.TextAnchor	org.jfree.ui.TextAnchor	org.jfree.ui.TextAnchor	true	public	org.jfree:jcommon:1.0.23	false	3
org.eclipse.jdt:ecj:3.21.0	java.lang.Class::compilation_internalError	org.eclipse.jdt.internal.compiler.util.Messages	java.lang.Class	java.lang.String	true	public	org.eclipse.jdt:ecj:3.21.0	true	1
ar.com.fdvs:DynamicJasper:5.3.2	net.sf.jasperreports.engine.type.OnErrorTypeEnum::ICON	net.sf.jasperreports.engine.type.OnErrorTypeEnum	net.sf.jasperreports.engine.type.OnErrorTypeEnum	net.sf.jasperreports.engine.type.OnErrorTypeEnum	true	public	net.sf.jasperreports:jasperreports:6.17.0	false	1
ar.com.fdvs:DynamicJasper:5.3.2	net.sf.jasperreports.crosstabs.type.CrosstabPercentageEnum::GRAND_TOTAL	net.sf.jasperreports.crosstabs.type.CrosstabPercentageEnum	net.sf.jasperreports.crosstabs.type.CrosstabPercentageEnum	net.sf.jasperreports.crosstabs.type.CrosstabPercentageEnum	true	public	net.sf.jasperreports:jasperreports:6.17.0	false	1
org.eclipse.jdt:ecj:3.21.0	java.lang.Class::parser_regularParse	org.eclipse.jdt.internal.compiler.util.Messages	java.lang.Class	java.lang.String	true	public	org.eclipse.jdt:ecj:3.21.0	true	1
org.apache.xmlgraphics:batik-bridge:1.8	org.apache.batik.gvt.text.GVTAttributedCharacterIterator$TextAttribute::ORIENTATION_ANGLE	org.apache.batik.gvt.text.GVTAttributedCharacterIterator$TextAttribute	org.apache.batik.gvt.text.GVTAttributedCharacterIterator$TextAttribute	java.lang.Integer	true	public	org.apache.xmlgraphics:batik-gvt:1.8	false	3
org.apache.xmlgraphics:batik-anim:1.8	org.apache.batik.parser.UnitProcessor$UnitResolver::value	org.apache.batik.parser.UnitProcessor$UnitResolver	org.apache.batik.parser.UnitProcessor$UnitResolver	float	false	public	org.apache.xmlgraphics:batik-parser:1.8	false	26
org.jfree:jfreechart:1.0.19	org.jfree.ui.LengthAdjustmentType::EXPAND	org.jfree.ui.LengthAdjustmentType	org.jfree.ui.LengthAdjustmentType	org.jfree.ui.LengthAdjustmentType	true	public	org.jfree:jcommon:1.0.23	false	5
org.apache.xmlgraphics:batik-bridge:1.8	org.apache.batik.ext.awt.image.CompositeRule::OUT	org.apache.batik.ext.awt.image.CompositeRule	org.apache.batik.ext.awt.image.CompositeRule	org.apache.batik.ext.awt.image.CompositeRule	true	public	org.apache.xmlgraphics:batik-awt-util:1.8	false	1
org.apache.xmlgraphics:batik-bridge:1.8	org.apache.batik.ext.awt.image.PadMode::REPLICATE	org.apache.batik.ext.awt.image.PadMode	org.apache.batik.ext.awt.image.PadMode	org.apache.batik.ext.awt.image.PadMode	true	public	org.apache.xmlgraphics:batik-awt-util:1.8	false	2
org.jfree:jfreechart:1.0.19	org.jfree.ui.RectangleAnchor::LEFT	org.jfree.ui.RectangleAnchor	org.jfree.ui.RectangleAnchor	org.jfree.ui.RectangleAnchor	true	public	org.jfree:jcommon:1.0.23	false	3
org.eclipse.jdt:ecj:3.21.0	java.lang.Class::abort_invalidOpcode	org.eclipse.jdt.internal.compiler.util.Messages	java.lang.Class	java.lang.String	true	public	org.eclipse.jdt:ecj:3.21.0	true	1
net.sf.jasperreports:jasperreports:6.17.0	org.jfree.chart.plot.DialShape::CIRCLE	org.jfree.chart.plot.DialShape	org.jfree.chart.plot.DialShape	org.jfree.chart.plot.DialShape	true	public	org.jfree:jfreechart:1.0.19	false	1
ar.com.fdvs:DynamicJasper:5.3.2	net.sf.jasperreports.engine.JRExporterParameter::OUTPUT_STREAM	net.sf.jasperreports.engine.JRExporterParameter	net.sf.jasperreports.engine.JRExporterParameter	net.sf.jasperreports.engine.JRExporterParameter	true	public	net.sf.jasperreports:jasperreports:6.17.0	false	2
net.sf.jasperreports:jasperreports:6.17.0	com.lowagie.text.pdf.PdfName::OUTPUTINTENT	com.lowagie.text.pdf.PdfName	com.lowagie.text.pdf.PdfName	com.lowagie.text.pdf.PdfName	true	public	com.lowagie:itext:2.1.7.js8	false	1
org.apache.xmlgraphics:batik-bridge:1.8	org.apache.batik.gvt.CompositeGraphicsNode::VIEWPORT	org.apache.batik.gvt.CompositeGraphicsNode	org.apache.batik.gvt.CompositeGraphicsNode	java.awt.geom.Rectangle2D	true	public	org.apache.xmlgraphics:batik-gvt:1.8	false	1
net.sf.jasperreports:jasperreports:6.17.0	org.jfree.chart.axis.AxisLocation::BOTTOM_OR_RIGHT	org.jfree.chart.axis.AxisLocation	org.jfree.chart.axis.AxisLocation	org.jfree.chart.axis.AxisLocation	true	public	org.jfree:jfreechart:1.0.19	false	2
org.jfree:jfreechart:1.0.19	org.jfree.ui.TextAnchor::CENTER_RIGHT	org.jfree.ui.TextAnchor	org.jfree.ui.TextAnchor	org.jfree.ui.TextAnchor	true	public	org.jfree:jcommon:1.0.23	false	16
org.apache.xmlgraphics:batik-bridge:1.8	org.apache.batik.ext.awt.MultipleGradientPaint::REFLECT	org.apache.batik.ext.awt.MultipleGradientPaint	org.apache.batik.ext.awt.MultipleGradientPaint	org.apache.batik.ext.awt.MultipleGradientPaint$CycleMethodEnum	true	public	org.apache.xmlgraphics:batik-awt-util:1.8	false	1
net.sf.jasperreports:jasperreports:6.17.0	com.lowagie.text.pdf.PdfName::SECT	com.lowagie.text.pdf.PdfName	com.lowagie.text.pdf.PdfName	com.lowagie.text.pdf.PdfName	true	public	com.lowagie:itext:2.1.7.js8	false	1
org.jfree:jfreechart:1.0.19	org.jfree.util.TableOrder::BY_ROW	org.jfree.util.TableOrder	org.jfree.util.TableOrder	org.jfree.util.TableOrder	true	public	org.jfree:jcommon:1.0.23	false	4
org.jfree:jfreechart:1.0.19	org.jfree.ui.RectangleAnchor::BOTTOM	org.jfree.ui.RectangleAnchor	org.jfree.ui.RectangleAnchor	org.jfree.ui.RectangleAnchor	true	public	org.jfree:jcommon:1.0.23	false	2
org.jfree:jfreechart:1.0.19	org.jfree.text.TextBlockAnchor::TOP_CENTER	org.jfree.text.TextBlockAnchor	org.jfree.text.TextBlockAnchor	org.jfree.text.TextBlockAnchor	true	public	org.jfree:jcommon:1.0.23	false	2
org.eclipse.jdt:ecj:3.21.0	java.lang.Class::compilation_loadBinary	org.eclipse.jdt.internal.compiler.util.Messages	java.lang.Class	java.lang.String	true	public	org.eclipse.jdt:ecj:3.21.0	true	1
ar.com.fdvs:DynamicJasper:5.3.2	net.sf.jasperreports.engine.type.SplitTypeEnum::PREVENT	net.sf.jasperreports.engine.type.SplitTypeEnum	net.sf.jasperreports.engine.type.SplitTypeEnum	net.sf.jasperreports.engine.type.SplitTypeEnum	true	public	net.sf.jasperreports:jasperreports:6.17.0	false	1
ar.com.fdvs:DynamicJasper:5.3.2	net.sf.jasperreports.engine.type.LineStyleEnum::DASHED	net.sf.jasperreports.engine.type.LineStyleEnum	net.sf.jasperreports.engine.type.LineStyleEnum	net.sf.jasperreports.engine.type.LineStyleEnum	true	public	net.sf.jasperreports:jasperreports:6.17.0	false	1
org.apache.xmlgraphics:batik-bridge:1.8	org.apache.batik.ext.awt.image.CompositeRule::SCREEN	org.apache.batik.ext.awt.image.CompositeRule	org.apache.batik.ext.awt.image.CompositeRule	org.apache.batik.ext.awt.image.CompositeRule	true	public	org.apache.xmlgraphics:batik-awt-util:1.8	false	1
ar.com.fdvs:DynamicJasper:5.3.2	net.sf.jasperreports.engine.type.LineStyleEnum::SOLID	net.sf.jasperreports.engine.type.LineStyleEnum	net.sf.jasperreports.engine.type.LineStyleEnum	net.sf.jasperreports.engine.type.LineStyleEnum	true	public	net.sf.jasperreports:jasperreports:6.17.0	false	4
net.sf.jasperreports:jasperreports:6.17.0	com.lowagie.text.pdf.PdfName::NONSTRUCT	com.lowagie.text.pdf.PdfName	com.lowagie.text.pdf.PdfName	com.lowagie.text.pdf.PdfName	true	public	com.lowagie:itext:2.1.7.js8	false	1
ar.com.fdvs:DynamicJasper:5.3.2	net.sf.jasperreports.engine.type.CalculationEnum::NOTHING	net.sf.jasperreports.engine.type.CalculationEnum	net.sf.jasperreports.engine.type.CalculationEnum	net.sf.jasperreports.engine.type.CalculationEnum	true	public	net.sf.jasperreports:jasperreports:6.17.0	false	1
net.sf.jasperreports:jasperreports:6.17.0	com.lowagie.text.pdf.PdfName::LANG	com.lowagie.text.pdf.PdfName	com.lowagie.text.pdf.PdfName	com.lowagie.text.pdf.PdfName	true	public	com.lowagie:itext:2.1.7.js8	false	2
org.eclipse.jdt:ecj:3.21.0	java.lang.Class::compilation_units	org.eclipse.jdt.internal.compiler.util.Messages	java.lang.Class	java.lang.String	true	public	org.eclipse.jdt:ecj:3.21.0	true	1
ar.com.fdvs:DynamicJasper:5.3.2	net.sf.jasperreports.engine.type.PositionTypeEnum::FIX_RELATIVE_TO_TOP	net.sf.jasperreports.engine.type.PositionTypeEnum	net.sf.jasperreports.engine.type.PositionTypeEnum	net.sf.jasperreports.engine.type.PositionTypeEnum	true	public	net.sf.jasperreports:jasperreports:6.17.0	false	6
org.eclipse.jdt:ecj:3.21.0	java.lang.Class::compilation_process	org.eclipse.jdt.internal.compiler.util.Messages	java.lang.Class	java.lang.String	true	public	org.eclipse.jdt:ecj:3.21.0	true	1
org.jfree:jfreechart:1.0.19	org.jfree.ui.HorizontalAlignment::RIGHT	org.jfree.ui.HorizontalAlignment	org.jfree.ui.HorizontalAlignment	org.jfree.ui.HorizontalAlignment	true	public	org.jfree:jcommon:1.0.23	false	5
org.apache.xmlgraphics:batik-bridge:1.8	org.apache.xmlgraphics.java2d.color.RenderingIntent::PERCEPTUAL	org.apache.xmlgraphics.java2d.color.RenderingIntent	org.apache.xmlgraphics.java2d.color.RenderingIntent	org.apache.xmlgraphics.java2d.color.RenderingIntent	true	public	org.apache.xmlgraphics:xmlgraphics-commons:1.5	false	1
org.apache.xmlgraphics:batik-bridge:1.8	org.apache.batik.gvt.text.GVTAttributedCharacterIterator$TextAttribute::WRITING_MODE	org.apache.batik.gvt.text.GVTAttributedCharacterIterator$TextAttribute	org.apache.batik.gvt.text.GVTAttributedCharacterIterator$TextAttribute	org.apache.batik.gvt.text.GVTAttributedCharacterIterator$TextAttribute	true	public	org.apache.xmlgraphics:batik-gvt:1.8	false	3
org.jfree:jfreechart:1.0.19	org.jfree.ui.TextAnchor::CENTER_LEFT	org.jfree.ui.TextAnchor	org.jfree.ui.TextAnchor	org.jfree.ui.TextAnchor	true	public	org.jfree:jcommon:1.0.23	false	10
net.sf.jasperreports:jasperreports:6.17.0	org.apache.batik.bridge.DefaultFontFamilyResolver::SINGLETON	org.apache.batik.bridge.DefaultFontFamilyResolver	org.apache.batik.bridge.DefaultFontFamilyResolver	org.apache.batik.bridge.DefaultFontFamilyResolver	true	public	org.apache.xmlgraphics:batik-bridge:1.8	false	5
net.sf.jasperreports:jasperreports:6.17.0	org.jfree.chart.plot.DialShape::PIE	org.jfree.chart.plot.DialShape	org.jfree.chart.plot.DialShape	org.jfree.chart.plot.DialShape	true	public	org.jfree:jfreechart:1.0.19	false	1
org.jfree:jfreechart:1.0.19	org.jfree.ui.TextAnchor::CENTER	org.jfree.ui.TextAnchor	org.jfree.ui.TextAnchor	org.jfree.ui.TextAnchor	true	public	org.jfree:jcommon:1.0.23	false	32
ar.com.fdvs:DynamicJasper:5.3.2	net.sf.jasperreports.engine.type.ResetTypeEnum::GROUP	net.sf.jasperreports.engine.type.ResetTypeEnum	net.sf.jasperreports.engine.type.ResetTypeEnum	net.sf.jasperreports.engine.type.ResetTypeEnum	true	public	net.sf.jasperreports:jasperreports:6.17.0	false	6
ar.com.fdvs:DynamicJasper:5.3.2	net.sf.jasperreports.engine.type.HorizontalTextAlignEnum::LEFT	net.sf.jasperreports.engine.type.HorizontalTextAlignEnum	net.sf.jasperreports.engine.type.HorizontalTextAlignEnum	net.sf.jasperreports.engine.type.HorizontalTextAlignEnum	true	public	net.sf.jasperreports:jasperreports:6.17.0	false	3
org.apache.xmlgraphics:batik-bridge:1.8	org.apache.batik.gvt.text.GVTAttributedCharacterIterator$TextAttribute::WORD_SPACING	org.apache.batik.gvt.text.GVTAttributedCharacterIterator$TextAttribute	org.apache.batik.gvt.text.GVTAttributedCharacterIterator$TextAttribute	org.apache.batik.gvt.text.GVTAttributedCharacterIterator$TextAttribute	true	public	org.apache.xmlgraphics:batik-gvt:1.8	false	1
org.eclipse.jdt:ecj:3.21.0	java.lang.Class::parser_syntaxRecovery	org.eclipse.jdt.internal.compiler.util.Messages	java.lang.Class	java.lang.String	true	public	org.eclipse.jdt:ecj:3.21.0	true	1
ar.com.fdvs:DynamicJasper:5.3.2	net.sf.jasperreports.engine.type.IncrementTypeEnum::GROUP	net.sf.jasperreports.engine.type.IncrementTypeEnum	net.sf.jasperreports.engine.type.IncrementTypeEnum	net.sf.jasperreports.engine.type.IncrementTypeEnum	true	public	net.sf.jasperreports:jasperreports:6.17.0	false	1
org.eclipse.jdt:ecj:3.21.0	java.lang.Class::compilation_request	org.eclipse.jdt.internal.compiler.util.Messages	java.lang.Class	java.lang.String	true	public	org.eclipse.jdt:ecj:3.21.0	true	1
org.eclipse.jdt:ecj:3.21.0	java.lang.Class::problem_atLine	org.eclipse.jdt.internal.compiler.util.Messages	java.lang.Class	java.lang.String	true	public	org.eclipse.jdt:ecj:3.21.0	true	1
org.apache.xmlgraphics:batik-anim:1.8	org.apache.batik.util.MimeTypeConstants::MIME_TYPES_SVG_LIST	org.apache.batik.util.MimeTypeConstants	org.apache.batik.util.MimeTypeConstants	java.util.List	true	public	org.apache.xmlgraphics:batik-util:1.8	false	1
org.eclipse.jdt:ecj:3.21.0	java.lang.Class::problem_noSourceInformation	org.eclipse.jdt.internal.compiler.util.Messages	java.lang.Class	java.lang.String	true	public	org.eclipse.jdt:ecj:3.21.0	true	1
org.apache.xmlgraphics:batik-bridge:1.8	org.apache.batik.ext.awt.image.CompositeRule::LIGHTEN	org.apache.batik.ext.awt.image.CompositeRule	org.apache.batik.ext.awt.image.CompositeRule	org.apache.batik.ext.awt.image.CompositeRule	true	public	org.apache.xmlgraphics:batik-awt-util:1.8	false	1
net.sf.jasperreports:jasperreports:6.17.0	com.lowagie.text.pdf.PdfName::APPDEFAULT	com.lowagie.text.pdf.PdfName	com.lowagie.text.pdf.PdfName	com.lowagie.text.pdf.PdfName	true	public	com.lowagie:itext:2.1.7.js8	false	1
org.jfree:jfreechart:1.0.19	org.jfree.util.SortOrder::ASCENDING	org.jfree.util.SortOrder	org.jfree.util.SortOrder	org.jfree.util.SortOrder	true	public	org.jfree:jcommon:1.0.23	false	8
net.sf.jasperreports:jasperreports:6.17.0	org.jfree.chart.plot.DefaultDrawingSupplier::DEFAULT_STROKE_SEQUENCE	org.jfree.chart.plot.DefaultDrawingSupplier	org.jfree.chart.plot.DefaultDrawingSupplier	java.awt.Stroke[]	true	public	org.jfree:jfreechart:1.0.19	false	2
org.apache.xmlgraphics:batik-bridge:1.8	org.apache.batik.ext.awt.image.CompositeRule::OVER	org.apache.batik.ext.awt.image.CompositeRule	org.apache.batik.ext.awt.image.CompositeRule	org.apache.batik.ext.awt.image.CompositeRule	true	public	org.apache.xmlgraphics:batik-awt-util:1.8	false	5
org.apache.xmlgraphics:batik-bridge:1.8	org.apache.batik.gvt.text.GVTAttributedCharacterIterator$TextAttribute::LENGTH_ADJUST	org.apache.batik.gvt.text.GVTAttributedCharacterIterator$TextAttribute	org.apache.batik.gvt.text.GVTAttributedCharacterIterator$TextAttribute	org.apache.batik.gvt.text.GVTAttributedCharacterIterator$TextAttribute	true	public	org.apache.xmlgraphics:batik-gvt:1.8	false	4
org.apache.xmlgraphics:batik-bridge:1.8	org.apache.batik.ext.awt.image.CompositeRule::MULTIPLY	org.apache.batik.ext.awt.image.CompositeRule	org.apache.batik.ext.awt.image.CompositeRule	org.apache.batik.ext.awt.image.CompositeRule	true	public	org.apache.xmlgraphics:batik-awt-util:1.8	false	1
org.apache.xmlgraphics:batik-bridge:1.8	org.apache.batik.gvt.text.GVTAttributedCharacterIterator$TextAttribute::ORIENTATION_AUTO	org.apache.batik.gvt.text.GVTAttributedCharacterIterator$TextAttribute	org.apache.batik.gvt.text.GVTAttributedCharacterIterator$TextAttribute	java.lang.Integer	true	public	org.apache.xmlgraphics:batik-gvt:1.8	false	1
net.sf.jasperreports:jasperreports:6.17.0	com.lowagie.text.pdf.PdfName::DISPLAYDOCTITLE	com.lowagie.text.pdf.PdfName	com.lowagie.text.pdf.PdfName	com.lowagie.text.pdf.PdfName	true	public	com.lowagie:itext:2.1.7.js8	false	1
net.sf.jasperreports:jasperreports:6.17.0	com.lowagie.text.pdf.PdfName::IMAGE	com.lowagie.text.pdf.PdfName	com.lowagie.text.pdf.PdfName	com.lowagie.text.pdf.PdfName	true	public	com.lowagie:itext:2.1.7.js8	false	1
net.sf.jasperreports:jasperreports:6.17.0	com.lowagie.text.pdf.PdfName::INFO	com.lowagie.text.pdf.PdfName	com.lowagie.text.pdf.PdfName	com.lowagie.text.pdf.PdfName	true	public	com.lowagie:itext:2.1.7.js8	false	1
org.jfree:jfreechart:1.0.19	org.jfree.ui.HorizontalAlignment::CENTER	org.jfree.ui.HorizontalAlignment	org.jfree.ui.HorizontalAlignment	org.jfree.ui.HorizontalAlignment	true	public	org.jfree:jcommon:1.0.23	false	5
org.jfree:jfreechart:1.0.19	org.jfree.text.TextBlockAnchor::BOTTOM_RIGHT	org.jfree.text.TextBlockAnchor	org.jfree.text.TextBlockAnchor	org.jfree.text.TextBlockAnchor	true	public	org.jfree:jcommon:1.0.23	false	4
org.jfree:jfreechart:1.0.19	org.jfree.ui.TextAnchor::TOP_CENTER	org.jfree.ui.TextAnchor	org.jfree.ui.TextAnchor	org.jfree.ui.TextAnchor	true	public	org.jfree:jcommon:1.0.23	false	20
org.jfree:jfreechart:1.0.19	org.jfree.util.UnitType::RELATIVE	org.jfree.util.UnitType	org.jfree.util.UnitType	org.jfree.util.UnitType	true	public	org.jfree:jcommon:1.0.23	false	3
ar.com.fdvs:DynamicJasper:5.3.2	net.sf.jasperreports.engine.type.OnErrorTypeEnum::BLANK	net.sf.jasperreports.engine.type.OnErrorTypeEnum	net.sf.jasperreports.engine.type.OnErrorTypeEnum	net.sf.jasperreports.engine.type.OnErrorTypeEnum	true	public	net.sf.jasperreports:jasperreports:6.17.0	false	1
org.jfree:jfreechart:1.0.19	org.jfree.text.TextBlockAnchor::TOP_RIGHT	org.jfree.text.TextBlockAnchor	org.jfree.text.TextBlockAnchor	org.jfree.text.TextBlockAnchor	true	public	org.jfree:jcommon:1.0.23	false	4
org.apache.xmlgraphics:batik-gvt:1.8	org.apache.batik.ext.awt.RenderingHintsKeyExt::KEY_AREA_OF_INTEREST	org.apache.batik.ext.awt.RenderingHintsKeyExt	org.apache.batik.ext.awt.RenderingHintsKeyExt	java.awt.RenderingHints$Key	true	public	org.apache.xmlgraphics:batik-awt-util:1.8	false	1
org.apache.xmlgraphics:batik-bridge:1.8	org.apache.batik.ext.awt.image.CompositeRule::DARKEN	org.apache.batik.ext.awt.image.CompositeRule	org.apache.batik.ext.awt.image.CompositeRule	org.apache.batik.ext.awt.image.CompositeRule	true	public	org.apache.xmlgraphics:batik-awt-util:1.8	false	1
org.apache.xmlgraphics:batik-bridge:1.8	org.apache.batik.ext.awt.MultipleGradientPaint::REPEAT	org.apache.batik.ext.awt.MultipleGradientPaint	org.apache.batik.ext.awt.MultipleGradientPaint	org.apache.batik.ext.awt.MultipleGradientPaint$CycleMethodEnum	true	public	org.apache.xmlgraphics:batik-awt-util:1.8	false	1
net.sf.jasperreports:jasperreports:6.17.0	org.jfree.ui.TextAnchor::CENTER	org.jfree.ui.TextAnchor	org.jfree.ui.TextAnchor	org.jfree.ui.TextAnchor	true	public	org.jfree:jcommon:1.0.23	false	2
net.sf.jasperreports:jasperreports:6.17.0	org.apache.commons.collections4.comparators.ComparableComparator::INSTANCE	org.apache.commons.collections4.comparators.ComparableComparator	org.apache.commons.collections4.comparators.ComparableComparator	org.apache.commons.collections4.comparators.ComparableComparator	true	public	org.apache.commons:commons-collections4:4.1	false	2
org.apache.xmlgraphics:batik-anim:1.8	org.apache.batik.parser.UnitProcessor$UnitResolver::unit	org.apache.batik.parser.UnitProcessor$UnitResolver	org.apache.batik.parser.UnitProcessor$UnitResolver	short	false	public	org.apache.xmlgraphics:batik-parser:1.8	false	26
org.eclipse.jdt:ecj:3.21.0	java.lang.Class::parser_endOfFile	org.eclipse.jdt.internal.compiler.util.Messages	java.lang.Class	java.lang.String	true	public	org.eclipse.jdt:ecj:3.21.0	true	1
ar.com.fdvs:DynamicJasper:5.3.2	net.sf.jasperreports.engine.export.JRXlsExporterParameter::IS_REMOVE_EMPTY_SPACE_BETWEEN_ROWS	net.sf.jasperreports.engine.export.JRXlsExporterParameter	net.sf.jasperreports.engine.export.JRXlsExporterParameter	net.sf.jasperreports.engine.export.JRXlsAbstractExporterParameter	true	public	net.sf.jasperreports:jasperreports:6.17.0	false	2
org.jfree:jfreechart:1.0.19	org.jfree.ui.VerticalAlignment::TOP	org.jfree.ui.VerticalAlignment	org.jfree.ui.VerticalAlignment	org.jfree.ui.VerticalAlignment	true	public	org.jfree:jcommon:1.0.23	false	5
net.sf.jasperreports:jasperreports:6.17.0	org.jfree.ui.RectangleAnchor::CENTER	org.jfree.ui.RectangleAnchor	org.jfree.ui.RectangleAnchor	org.jfree.ui.RectangleAnchor	true	public	org.jfree:jcommon:1.0.23	false	1
net.sf.jasperreports:jasperreports:6.17.0	org.apache.commons.collections4.map.AbstractReferenceMap$ReferenceStrength::SOFT	org.apache.commons.collections4.map.AbstractReferenceMap$ReferenceStrength	org.apache.commons.collections4.map.AbstractReferenceMap$ReferenceStrength	org.apache.commons.collections4.map.AbstractReferenceMap$ReferenceStrength	true	public	org.apache.commons:commons-collections4:4.1	false	3
com.lowagie:itext:2.1.7.js8	org.bouncycastle.asn1.pkcs.PKCSObjectIdentifiers::envelopedData	org.bouncycastle.asn1.pkcs.PKCSObjectIdentifiers	org.bouncycastle.asn1.pkcs.PKCSObjectIdentifiers	org.bouncycastle.asn1.ASN1ObjectIdentifier	true	public	org.bouncycastle:bcprov-jdk15on:1.64	false	1
ar.com.fdvs:DynamicJasper:5.3.2	net.sf.jasperreports.engine.type.OrientationEnum::LANDSCAPE	net.sf.jasperreports.engine.type.OrientationEnum	net.sf.jasperreports.engine.type.OrientationEnum	net.sf.jasperreports.engine.type.OrientationEnum	true	public	net.sf.jasperreports:jasperreports:6.17.0	false	2
ar.com.fdvs:DynamicJasper:5.3.2	net.sf.jasperreports.engine.type.HorizontalAlignEnum::LEFT	net.sf.jasperreports.engine.type.HorizontalAlignEnum	net.sf.jasperreports.engine.type.HorizontalAlignEnum	net.sf.jasperreports.engine.type.HorizontalAlignEnum	true	public	net.sf.jasperreports:jasperreports:6.17.0	false	1
ar.com.fdvs:DynamicJasper:5.3.2	net.sf.jasperreports.crosstabs.type.CrosstabTotalPositionEnum::END	net.sf.jasperreports.crosstabs.type.CrosstabTotalPositionEnum	net.sf.jasperreports.crosstabs.type.CrosstabTotalPositionEnum	net.sf.jasperreports.crosstabs.type.CrosstabTotalPositionEnum	true	public	net.sf.jasperreports:jasperreports:6.17.0	false	2
ar.com.fdvs:DynamicJasper:5.3.2	net.sf.jasperreports.engine.type.PrintOrderEnum::VERTICAL	net.sf.jasperreports.engine.type.PrintOrderEnum	net.sf.jasperreports.engine.type.PrintOrderEnum	net.sf.jasperreports.engine.type.PrintOrderEnum	true	public	net.sf.jasperreports:jasperreports:6.17.0	false	1
org.jfree:jfreechart:1.0.19	org.jfree.ui.TextAnchor::BOTTOM_RIGHT	org.jfree.ui.TextAnchor	org.jfree.ui.TextAnchor	org.jfree.ui.TextAnchor	true	public	org.jfree:jcommon:1.0.23	false	3
org.eclipse.jdt:ecj:3.21.0	java.lang.Class::abort_missingCode	org.eclipse.jdt.internal.compiler.util.Messages	java.lang.Class	java.lang.String	true	public	org.eclipse.jdt:ecj:3.21.0	true	1
org.eclipse.jdt:ecj:3.21.0	java.lang.Class::abort_externaAnnotationFile	org.eclipse.jdt.internal.compiler.util.Messages	java.lang.Class	java.lang.String	true	public	org.eclipse.jdt:ecj:3.21.0	true	1
org.jfree:jfreechart:1.0.19	org.jfree.util.TableOrder::BY_COLUMN	org.jfree.util.TableOrder	org.jfree.util.TableOrder	org.jfree.util.TableOrder	true	public	org.jfree:jcommon:1.0.23	false	2
net.sf.jasperreports:jasperreports:6.17.0	org.jfree.chart.axis.CategoryLabelPositions::UP_90	org.jfree.chart.axis.CategoryLabelPositions	org.jfree.chart.axis.CategoryLabelPositions	org.jfree.chart.axis.CategoryLabelPositions	true	public	org.jfree:jfreechart:1.0.19	false	1
org.apache.xmlgraphics:batik-bridge:1.8	org.apache.batik.gvt.text.GVTAttributedCharacterIterator$TextAttribute::HORIZONTAL_ORIENTATION_ANGLE	org.apache.batik.gvt.text.GVTAttributedCharacterIterator$TextAttribute	org.apache.batik.gvt.text.GVTAttributedCharacterIterator$TextAttribute	org.apache.batik.gvt.text.GVTAttributedCharacterIterator$TextAttribute	true	public	org.apache.xmlgraphics:batik-gvt:1.8	false	3
org.eclipse.jdt:ecj:3.21.0	java.lang.Class::parser_missingFile	org.eclipse.jdt.internal.compiler.util.Messages	java.lang.Class	java.lang.String	true	public	org.eclipse.jdt:ecj:3.21.0	true	1
net.sf.jasperreports:jasperreports:6.17.0	com.lowagie.text.pdf.PdfName::PRINTSCALING	com.lowagie.text.pdf.PdfName	com.lowagie.text.pdf.PdfName	com.lowagie.text.pdf.PdfName	true	public	com.lowagie:itext:2.1.7.js8	false	2
org.jfree:jfreechart:1.0.19	org.jfree.ui.HorizontalAlignment::LEFT	org.jfree.ui.HorizontalAlignment	org.jfree.ui.HorizontalAlignment	org.jfree.ui.HorizontalAlignment	true	public	org.jfree:jcommon:1.0.23	false	5
ar.com.fdvs:DynamicJasper:5.3.2	net.sf.jasperreports.engine.JRExporterParameter::OUTPUT_FILE	net.sf.jasperreports.engine.JRExporterParameter	net.sf.jasperreports.engine.JRExporterParameter	net.sf.jasperreports.engine.JRExporterParameter	true	public	net.sf.jasperreports:jasperreports:6.17.0	false	2
ar.com.fdvs:DynamicJasper:5.3.2	net.sf.jasperreports.engine.type.SplitTypeEnum::IMMEDIATE	net.sf.jasperreports.engine.type.SplitTypeEnum	net.sf.jasperreports.engine.type.SplitTypeEnum	net.sf.jasperreports.engine.type.SplitTypeEnum	true	public	net.sf.jasperreports:jasperreports:6.17.0	false	1
org.apache.xmlgraphics:batik-bridge:1.8	org.apache.batik.gvt.text.GVTAttributedCharacterIterator$TextAttribute::BBOX_WIDTH	org.apache.batik.gvt.text.GVTAttributedCharacterIterator$TextAttribute	org.apache.batik.gvt.text.GVTAttributedCharacterIterator$TextAttribute	org.apache.batik.gvt.text.GVTAttributedCharacterIterator$TextAttribute	true	public	org.apache.xmlgraphics:batik-gvt:1.8	false	2
org.eclipse.jdt:ecj:3.21.0	java.lang.Class::parser_incorrectPath	org.eclipse.jdt.internal.compiler.util.Messages	java.lang.Class	java.lang.String	true	public	org.eclipse.jdt:ecj:3.21.0	true	1
net.sf.jasperreports:jasperreports:6.17.0	org.jfree.chart.plot.DefaultDrawingSupplier::DEFAULT_SHAPE_SEQUENCE	org.jfree.chart.plot.DefaultDrawingSupplier	org.jfree.chart.plot.DefaultDrawingSupplier	java.awt.Shape[]	true	public	org.jfree:jfreechart:1.0.19	false	2
net.sf.jasperreports:jasperreports:6.17.0	com.lowagie.text.pdf.PdfName::ACTUALTEXT	com.lowagie.text.pdf.PdfName	com.lowagie.text.pdf.PdfName	com.lowagie.text.pdf.PdfName	true	public	com.lowagie:itext:2.1.7.js8	false	2
net.sf.jasperreports:jasperreports:6.17.0	org.jfree.chart.plot.DialShape::CHORD	org.jfree.chart.plot.DialShape	org.jfree.chart.plot.DialShape	org.jfree.chart.plot.DialShape	true	public	org.jfree:jfreechart:1.0.19	false	1
org.apache.xmlgraphics:batik-bridge:1.8	org.apache.batik.util.MimeTypeConstants::MIME_TYPES_SVG_LIST	org.apache.batik.util.MimeTypeConstants	org.apache.batik.util.MimeTypeConstants	java.util.List	true	public	org.apache.xmlgraphics:batik-util:1.8	false	1
org.apache.xmlgraphics:batik-bridge:1.8	org.apache.batik.ext.awt.RadialGradientPaint::SRGB	org.apache.batik.ext.awt.RadialGradientPaint	org.apache.batik.ext.awt.RadialGradientPaint	org.apache.batik.ext.awt.MultipleGradientPaint$ColorSpaceEnum	true	public	org.apache.xmlgraphics:batik-awt-util:1.8	false	1
net.sf.jasperreports:jasperreports:6.17.0	com.lowagie.text.pdf.PdfName::OUTPUTCONDITIONIDENTIFIER	com.lowagie.text.pdf.PdfName	com.lowagie.text.pdf.PdfName	com.lowagie.text.pdf.PdfName	true	public	com.lowagie:itext:2.1.7.js8	false	1
org.apache.xmlgraphics:batik-bridge:1.8	org.apache.batik.ext.awt.MultipleGradientPaint::SRGB	org.apache.batik.ext.awt.MultipleGradientPaint	org.apache.batik.ext.awt.MultipleGradientPaint	org.apache.batik.ext.awt.MultipleGradientPaint$ColorSpaceEnum	true	public	org.apache.xmlgraphics:batik-awt-util:1.8	false	1
net.sf.jasperreports:jasperreports:6.17.0	org.jfree.chart.plot.DefaultDrawingSupplier::DEFAULT_PAINT_SEQUENCE	org.jfree.chart.plot.DefaultDrawingSupplier	org.jfree.chart.plot.DefaultDrawingSupplier	java.awt.Paint[]	true	public	org.jfree:jfreechart:1.0.19	false	3
org.jfree:jfreechart:1.0.19	org.jfree.ui.GradientPaintTransformType::CENTER_VERTICAL	org.jfree.ui.GradientPaintTransformType	org.jfree.ui.GradientPaintTransformType	org.jfree.ui.GradientPaintTransformType	true	public	org.jfree:jcommon:1.0.23	false	1
org.apache.xmlgraphics:batik-bridge:1.8	org.apache.batik.gvt.text.GVTAttributedCharacterIterator$TextAttribute::VERTICAL_ORIENTATION_ANGLE	org.apache.batik.gvt.text.GVTAttributedCharacterIterator$TextAttribute	org.apache.batik.gvt.text.GVTAttributedCharacterIterator$TextAttribute	org.apache.batik.gvt.text.GVTAttributedCharacterIterator$TextAttribute	true	public	org.apache.xmlgraphics:batik-gvt:1.8	false	3
org.apache.xmlgraphics:batik-bridge:1.8	org.apache.batik.gvt.text.GVTAttributedCharacterIterator$TextAttribute::Y	org.apache.batik.gvt.text.GVTAttributedCharacterIterator$TextAttribute	org.apache.batik.gvt.text.GVTAttributedCharacterIterator$TextAttribute	org.apache.batik.gvt.text.GVTAttributedCharacterIterator$TextAttribute	true	public	org.apache.xmlgraphics:batik-gvt:1.8	false	1
org.apache.xmlgraphics:batik-bridge:1.8	org.apache.batik.gvt.text.GVTAttributedCharacterIterator$TextAttribute::X	org.apache.batik.gvt.text.GVTAttributedCharacterIterator$TextAttribute	org.apache.batik.gvt.text.GVTAttributedCharacterIterator$TextAttribute	org.apache.batik.gvt.text.GVTAttributedCharacterIterator$TextAttribute	true	public	org.apache.xmlgraphics:batik-gvt:1.8	false	1
ar.com.fdvs:DynamicJasper:5.3.2	net.sf.jasperreports.engine.type.CalculationEnum::SUM	net.sf.jasperreports.engine.type.CalculationEnum	net.sf.jasperreports.engine.type.CalculationEnum	net.sf.jasperreports.engine.type.CalculationEnum	true	public	net.sf.jasperreports:jasperreports:6.17.0	false	1
org.apache.xmlgraphics:batik-bridge:1.8	org.apache.xmlgraphics.java2d.color.RenderingIntent::SATURATION	org.apache.xmlgraphics.java2d.color.RenderingIntent	org.apache.xmlgraphics.java2d.color.RenderingIntent	org.apache.xmlgraphics.java2d.color.RenderingIntent	true	public	org.apache.xmlgraphics:xmlgraphics-commons:1.5	false	1
org.apache.xmlgraphics:batik-bridge:1.8	org.apache.batik.ext.awt.image.CompositeRule::XOR	org.apache.batik.ext.awt.image.CompositeRule	org.apache.batik.ext.awt.image.CompositeRule	org.apache.batik.ext.awt.image.CompositeRule	true	public	org.apache.xmlgraphics:batik-awt-util:1.8	false	1
org.eclipse.jdt:ecj:3.21.0	java.lang.Class::abort_invalidExceptionAttribute	org.eclipse.jdt.internal.compiler.util.Messages	java.lang.Class	java.lang.String	true	public	org.eclipse.jdt:ecj:3.21.0	true	1
org.eclipse.jdt:ecj:3.21.0	java.lang.Class::compilation_beginningToCompile	org.eclipse.jdt.internal.compiler.util.Messages	java.lang.Class	java.lang.String	true	public	org.eclipse.jdt:ecj:3.21.0	true	1
ar.com.fdvs:DynamicJasper:5.3.2	net.sf.jasperreports.engine.type.HorizontalTextAlignEnum::CENTER	net.sf.jasperreports.engine.type.HorizontalTextAlignEnum	net.sf.jasperreports.engine.type.HorizontalTextAlignEnum	net.sf.jasperreports.engine.type.HorizontalTextAlignEnum	true	public	net.sf.jasperreports:jasperreports:6.17.0	false	1
ar.com.fdvs:DynamicJasper:5.3.2	net.sf.jasperreports.engine.type.ImageTypeEnum::UNKNOWN	net.sf.jasperreports.engine.type.ImageTypeEnum	net.sf.jasperreports.engine.type.ImageTypeEnum	net.sf.jasperreports.engine.type.ImageTypeEnum	true	public	net.sf.jasperreports:jasperreports:6.17.0	false	1
org.jfree:jfreechart:1.0.19	org.jfree.ui.LengthAdjustmentType::CONTRACT	org.jfree.ui.LengthAdjustmentType	org.jfree.ui.LengthAdjustmentType	org.jfree.ui.LengthAdjustmentType	true	public	org.jfree:jcommon:1.0.23	false	10
ar.com.fdvs:DynamicJasper:5.3.2	net.sf.jasperreports.engine.type.EvaluationTimeEnum::GROUP	net.sf.jasperreports.engine.type.EvaluationTimeEnum	net.sf.jasperreports.engine.type.EvaluationTimeEnum	net.sf.jasperreports.engine.type.EvaluationTimeEnum	true	public	net.sf.jasperreports:jasperreports:6.17.0	false	3
org.eclipse.jdt:ecj:3.21.0	java.lang.Class::constant_cannotConvertedTo	org.eclipse.jdt.internal.compiler.util.Messages	java.lang.Class	java.lang.String	true	public	org.eclipse.jdt:ecj:3.21.0	true	1
org.apache.xmlgraphics:batik-bridge:1.8	org.apache.batik.gvt.text.GVTAttributedCharacterIterator$TextAttribute::ADJUST_SPACING	org.apache.batik.gvt.text.GVTAttributedCharacterIterator$TextAttribute	org.apache.batik.gvt.text.GVTAttributedCharacterIterator$TextAttribute	java.lang.Integer	true	public	org.apache.xmlgraphics:batik-gvt:1.8	false	2
org.jfree:jfreechart:1.0.19	org.jfree.ui.RectangleAnchor::CENTER	org.jfree.ui.RectangleAnchor	org.jfree.ui.RectangleAnchor	org.jfree.ui.RectangleAnchor	true	public	org.jfree:jcommon:1.0.23	false	6
net.sf.jasperreports:jasperreports:6.17.0	com.lowagie.text.pdf.PdfName::TEXT	com.lowagie.text.pdf.PdfName	com.lowagie.text.pdf.PdfName	com.lowagie.text.pdf.PdfName	true	public	com.lowagie:itext:2.1.7.js8	false	4
org.jfree:jfreechart:1.0.19	org.jfree.ui.RectangleInsets::ZERO_INSETS	org.jfree.ui.RectangleInsets	org.jfree.ui.RectangleInsets	org.jfree.ui.RectangleInsets	true	public	org.jfree:jcommon:1.0.23	false	5
net.sf.jasperreports:jasperreports:6.17.0	org.jfree.ui.RectangleEdge::RIGHT	org.jfree.ui.RectangleEdge	org.jfree.ui.RectangleEdge	org.jfree.ui.RectangleEdge	true	public	org.jfree:jcommon:1.0.23	false	1
org.jfree:jfreechart:1.0.19	org.jfree.ui.TextAnchor::BOTTOM_CENTER	org.jfree.ui.TextAnchor	org.jfree.ui.TextAnchor	org.jfree.ui.TextAnchor	true	public	org.jfree:jcommon:1.0.23	false	18
ar.com.fdvs:DynamicJasper:5.3.2	net.sf.jasperreports.engine.type.HorizontalAlignEnum::CENTER	net.sf.jasperreports.engine.type.HorizontalAlignEnum	net.sf.jasperreports.engine.type.HorizontalAlignEnum	net.sf.jasperreports.engine.type.HorizontalAlignEnum	true	public	net.sf.jasperreports:jasperreports:6.17.0	false	1
net.sf.jasperreports:jasperreports:6.17.0	com.lowagie.text.pdf.PdfName::GTS_PDFA1	com.lowagie.text.pdf.PdfName	com.lowagie.text.pdf.PdfName	com.lowagie.text.pdf.PdfName	true	public	com.lowagie:itext:2.1.7.js8	false	1
org.eclipse.jdt:ecj:3.21.0	java.lang.Class::parser_moveFiles	org.eclipse.jdt.internal.compiler.util.Messages	java.lang.Class	java.lang.String	true	public	org.eclipse.jdt:ecj:3.21.0	true	1
net.sf.jasperreports:jasperreports:6.17.0	com.lowagie.text.pdf.PdfName::SPAN	com.lowagie.text.pdf.PdfName	com.lowagie.text.pdf.PdfName	com.lowagie.text.pdf.PdfName	true	public	com.lowagie:itext:2.1.7.js8	false	2
com.lowagie:itext:2.1.7.js8	org.bouncycastle.asn1.pkcs.PKCSObjectIdentifiers::data	org.bouncycastle.asn1.pkcs.PKCSObjectIdentifiers	org.bouncycastle.asn1.pkcs.PKCSObjectIdentifiers	org.bouncycastle.asn1.ASN1ObjectIdentifier	true	public	org.bouncycastle:bcprov-jdk15on:1.64	false	1
org.jfree:jfreechart:1.0.19	org.jfree.ui.Layer::FOREGROUND	org.jfree.ui.Layer	org.jfree.ui.Layer	org.jfree.ui.Layer	true	public	org.jfree:jcommon:1.0.23	false	29
org.apache.xmlgraphics:batik-bridge:1.8	org.apache.batik.ext.awt.MultipleGradientPaint::LINEAR_RGB	org.apache.batik.ext.awt.MultipleGradientPaint	org.apache.batik.ext.awt.MultipleGradientPaint	org.apache.batik.ext.awt.MultipleGradientPaint$ColorSpaceEnum	true	public	org.apache.xmlgraphics:batik-awt-util:1.8	false	1
org.apache.xmlgraphics:batik-bridge:1.8	org.apache.xmlgraphics.java2d.color.RenderingIntent::AUTO	org.apache.xmlgraphics.java2d.color.RenderingIntent	org.apache.xmlgraphics.java2d.color.RenderingIntent	org.apache.xmlgraphics.java2d.color.RenderingIntent	true	public	org.apache.xmlgraphics:xmlgraphics-commons:1.5	false	3
net.sf.jasperreports:jasperreports:6.17.0	com.lowagie.text.pdf.PdfName::NONE	com.lowagie.text.pdf.PdfName	com.lowagie.text.pdf.PdfName	com.lowagie.text.pdf.PdfName	true	public	com.lowagie:itext:2.1.7.js8	false	1
org.apache.xmlgraphics:batik-bridge:1.8	org.apache.xmlgraphics.java2d.color.RenderingIntent::ABSOLUTE_COLORIMETRIC	org.apache.xmlgraphics.java2d.color.RenderingIntent	org.apache.xmlgraphics.java2d.color.RenderingIntent	org.apache.xmlgraphics.java2d.color.RenderingIntent	true	public	org.apache.xmlgraphics:xmlgraphics-commons:1.5	false	1
org.jfree:jfreechart:1.0.19	org.jfree.ui.RectangleAnchor::TOP	org.jfree.ui.RectangleAnchor	org.jfree.ui.RectangleAnchor	org.jfree.ui.RectangleAnchor	true	public	org.jfree:jcommon:1.0.23	false	2
org.apache.xmlgraphics:batik-bridge:1.8	org.apache.batik.ext.awt.image.CompositeRule::IN	org.apache.batik.ext.awt.image.CompositeRule	org.apache.batik.ext.awt.image.CompositeRule	org.apache.batik.ext.awt.image.CompositeRule	true	public	org.apache.xmlgraphics:batik-awt-util:1.8	false	1
ar.com.fdvs:DynamicJasper:5.3.2	net.sf.jasperreports.engine.type.OrientationEnum::PORTRAIT	net.sf.jasperreports.engine.type.OrientationEnum	net.sf.jasperreports.engine.type.OrientationEnum	net.sf.jasperreports.engine.type.OrientationEnum	true	public	net.sf.jasperreports:jasperreports:6.17.0	false	1
org.eclipse.jdt:ecj:3.21.0	java.lang.Class::abort_againstPreviewNotAllowed	org.eclipse.jdt.internal.compiler.util.Messages	java.lang.Class	java.lang.String	true	public	org.eclipse.jdt:ecj:3.21.0	true	1
org.apache.xmlgraphics:batik-bridge:1.8	org.apache.batik.gvt.text.GVTAttributedCharacterIterator$TextAttribute::WRITING_MODE_TTB	org.apache.batik.gvt.text.GVTAttributedCharacterIterator$TextAttribute	org.apache.batik.gvt.text.GVTAttributedCharacterIterator$TextAttribute	java.lang.Integer	true	public	org.apache.xmlgraphics:batik-gvt:1.8	false	1
ar.com.fdvs:DynamicJasper:5.3.2	net.sf.jasperreports.engine.export.JRHtmlExporterParameter::IMAGES_URI	net.sf.jasperreports.engine.export.JRHtmlExporterParameter	net.sf.jasperreports.engine.export.JRHtmlExporterParameter	net.sf.jasperreports.engine.export.JRHtmlExporterParameter	true	public	net.sf.jasperreports:jasperreports:6.17.0	false	3
org.eclipse.jdt:ecj:3.21.0	java.lang.Class::output_isFile	org.eclipse.jdt.internal.compiler.util.Messages	java.lang.Class	java.lang.String	true	public	org.eclipse.jdt:ecj:3.21.0	true	1
org.eclipse.jdt:ecj:3.21.0	java.lang.Class::parser_endOfInitializer	org.eclipse.jdt.internal.compiler.util.Messages	java.lang.Class	java.lang.String	true	public	org.eclipse.jdt:ecj:3.21.0	true	1
org.apache.xmlgraphics:batik-bridge:1.8	org.apache.batik.ext.awt.image.PadMode::ZERO_PAD	org.apache.batik.ext.awt.image.PadMode	org.apache.batik.ext.awt.image.PadMode	org.apache.batik.ext.awt.image.PadMode	true	public	org.apache.xmlgraphics:batik-awt-util:1.8	false	21
org.jfree:jfreechart:1.0.19	org.jfree.ui.TextAnchor::TOP_LEFT	org.jfree.ui.TextAnchor	org.jfree.ui.TextAnchor	org.jfree.ui.TextAnchor	true	public	org.jfree:jcommon:1.0.23	false	3
org.eclipse.jdt:ecj:3.21.0	java.lang.Class::output_notValid	org.eclipse.jdt.internal.compiler.util.Messages	java.lang.Class	java.lang.String	true	public	org.eclipse.jdt:ecj:3.21.0	true	1
net.sf.jasperreports:jasperreports:6.17.0	org.jfree.ui.RectangleEdge::TOP	org.jfree.ui.RectangleEdge	org.jfree.ui.RectangleEdge	org.jfree.ui.RectangleEdge	true	public	org.jfree:jcommon:1.0.23	false	2
ar.com.fdvs:DynamicJasper:5.3.2	net.sf.jasperreports.engine.export.JRHtmlExporterParameter::IMAGES_MAP	net.sf.jasperreports.engine.export.JRHtmlExporterParameter	net.sf.jasperreports.engine.export.JRHtmlExporterParameter	net.sf.jasperreports.engine.export.JRHtmlExporterParameter	true	public	net.sf.jasperreports:jasperreports:6.17.0	false	1
org.jfree:jfreechart:1.0.19	org.jfree.util.Rotation::CLOCKWISE	org.jfree.util.Rotation	org.jfree.util.Rotation	org.jfree.util.Rotation	true	public	org.jfree:jcommon:1.0.23	false	4
org.apache.xmlgraphics:batik-bridge:1.8	org.apache.batik.gvt.text.GVTAttributedCharacterIterator$TextAttribute::WRITING_MODE_LTR	org.apache.batik.gvt.text.GVTAttributedCharacterIterator$TextAttribute	org.apache.batik.gvt.text.GVTAttributedCharacterIterator$TextAttribute	java.lang.Integer	true	public	org.apache.xmlgraphics:batik-gvt:1.8	false	1
org.apache.xmlgraphics:batik-bridge:1.8	org.apache.batik.gvt.text.GVTAttributedCharacterIterator$TextAttribute::ADJUST_ALL	org.apache.batik.gvt.text.GVTAttributedCharacterIterator$TextAttribute	org.apache.batik.gvt.text.GVTAttributedCharacterIterator$TextAttribute	java.lang.Integer	true	public	org.apache.xmlgraphics:batik-gvt:1.8	false	2
org.jfree:jfreechart:1.0.19	org.jfree.ui.RectangleAnchor::RIGHT	org.jfree.ui.RectangleAnchor	org.jfree.ui.RectangleAnchor	org.jfree.ui.RectangleAnchor	true	public	org.jfree:jcommon:1.0.23	false	3
org.jfree:jfreechart:1.0.19	org.jfree.JCommon::INFO	org.jfree.JCommon	org.jfree.JCommon	org.jfree.ui.about.ProjectInfo	true	public	org.jfree:jcommon:1.0.23	false	1
org.eclipse.jdt:ecj:3.21.0	java.lang.Class::ast_missingCode	org.eclipse.jdt.internal.compiler.util.Messages	java.lang.Class	java.lang.String	true	public	org.eclipse.jdt:ecj:3.21.0	true	1
org.eclipse.jdt:ecj:3.21.0	java.lang.Class::compilation_done	org.eclipse.jdt.internal.compiler.util.Messages	java.lang.Class	java.lang.String	true	public	org.eclipse.jdt:ecj:3.21.0	true	1
org.eclipse.jdt:ecj:3.21.0	java.lang.Class::accept_cannot	org.eclipse.jdt.internal.compiler.util.Messages	java.lang.Class	java.lang.String	true	public	org.eclipse.jdt:ecj:3.21.0	true	1
net.sf.jasperreports:jasperreports:6.17.0	com.lowagie.text.pdf.PdfName::FIGURE	com.lowagie.text.pdf.PdfName	com.lowagie.text.pdf.PdfName	com.lowagie.text.pdf.PdfName	true	public	com.lowagie:itext:2.1.7.js8	false	1
org.eclipse.jdt:ecj:3.21.0	java.lang.Class::compilation_unit	org.eclipse.jdt.internal.compiler.util.Messages	java.lang.Class	java.lang.String	true	public	org.eclipse.jdt:ecj:3.21.0	true	1
org.apache.xmlgraphics:batik-bridge:1.8	org.apache.batik.gvt.text.GVTAttributedCharacterIterator$TextAttribute::LETTER_SPACING	org.apache.batik.gvt.text.GVTAttributedCharacterIterator$TextAttribute	org.apache.batik.gvt.text.GVTAttributedCharacterIterator$TextAttribute	org.apache.batik.gvt.text.GVTAttributedCharacterIterator$TextAttribute	true	public	org.apache.xmlgraphics:batik-gvt:1.8	false	1
org.eclipse.jdt:ecj:3.21.0	java.lang.Class::compilation_processing	org.eclipse.jdt.internal.compiler.util.Messages	java.lang.Class	java.lang.String	true	public	org.eclipse.jdt:ecj:3.21.0	true	1
net.sf.jasperreports:jasperreports:6.17.0	org.apache.commons.collections4.map.AbstractReferenceMap$ReferenceStrength::WEAK	org.apache.commons.collections4.map.AbstractReferenceMap$ReferenceStrength	org.apache.commons.collections4.map.AbstractReferenceMap$ReferenceStrength	org.apache.commons.collections4.map.AbstractReferenceMap$ReferenceStrength	true	public	org.apache.commons:commons-collections4:4.1	false	7
org.jfree:jfreechart:1.0.19	org.jfree.ui.RectangleEdge::RIGHT	org.jfree.ui.RectangleEdge	org.jfree.ui.RectangleEdge	org.jfree.ui.RectangleEdge	true	public	org.jfree:jcommon:1.0.23	false	62
org.jfree:jfreechart:1.0.19	org.jfree.ui.VerticalAlignment::BOTTOM	org.jfree.ui.VerticalAlignment	org.jfree.ui.VerticalAlignment	org.jfree.ui.VerticalAlignment	true	public	org.jfree:jcommon:1.0.23	false	5
org.jfree:jfreechart:1.0.19	org.jfree.ui.RectangleAnchor::TOP_LEFT	org.jfree.ui.RectangleAnchor	org.jfree.ui.RectangleAnchor	org.jfree.ui.RectangleAnchor	true	public	org.jfree:jcommon:1.0.23	false	1
org.jfree:jfreechart:1.0.19	org.jfree.text.TextBlockAnchor::CENTER	org.jfree.text.TextBlockAnchor	org.jfree.text.TextBlockAnchor	org.jfree.text.TextBlockAnchor	true	public	org.jfree:jcommon:1.0.23	false	2
ar.com.fdvs:DynamicJasper:5.3.2	net.sf.jasperreports.engine.JRExporterParameter::JASPER_PRINT	net.sf.jasperreports.engine.JRExporterParameter	net.sf.jasperreports.engine.JRExporterParameter	net.sf.jasperreports.engine.JRExporterParameter	true	public	net.sf.jasperreports:jasperreports:6.17.0	false	2
ar.com.fdvs:DynamicJasper:5.3.2	net.sf.jasperreports.engine.type.HorizontalAlignEnum::RIGHT	net.sf.jasperreports.engine.type.HorizontalAlignEnum	net.sf.jasperreports.engine.type.HorizontalAlignEnum	net.sf.jasperreports.engine.type.HorizontalAlignEnum	true	public	net.sf.jasperreports:jasperreports:6.17.0	false	1
ar.com.fdvs:DynamicJasper:5.3.2	net.sf.jasperreports.engine.type.EvaluationTimeEnum::AUTO	net.sf.jasperreports.engine.type.EvaluationTimeEnum	net.sf.jasperreports.engine.type.EvaluationTimeEnum	net.sf.jasperreports.engine.type.EvaluationTimeEnum	true	public	net.sf.jasperreports:jasperreports:6.17.0	false	2
org.eclipse.jdt:ecj:3.21.0	java.lang.Class::parser_corruptedFile	org.eclipse.jdt.internal.compiler.util.Messages	java.lang.Class	java.lang.String	true	public	org.eclipse.jdt:ecj:3.21.0	true	1
org.jfree:jfreechart:1.0.19	org.jfree.ui.Size2D::width	org.jfree.ui.Size2D	org.jfree.ui.Size2D	double	false	public	org.jfree:jcommon:1.0.23	false	1999
org.apache.xmlgraphics:batik-bridge:1.8	org.apache.batik.gvt.text.GVTAttributedCharacterIterator$TextAttribute::VERTICAL_ORIENTATION	org.apache.batik.gvt.text.GVTAttributedCharacterIterator$TextAttribute	org.apache.batik.gvt.text.GVTAttributedCharacterIterator$TextAttribute	org.apache.batik.gvt.text.GVTAttributedCharacterIterator$TextAttribute	true	public	org.apache.xmlgraphics:batik-gvt:1.8	false	4
org.apache.xmlgraphics:batik-bridge:1.8	org.apache.batik.ext.awt.image.ARGBChannel::G	org.apache.batik.ext.awt.image.ARGBChannel	org.apache.batik.ext.awt.image.ARGBChannel	org.apache.batik.ext.awt.image.ARGBChannel	true	public	org.apache.xmlgraphics:batik-awt-util:1.8	false	1
ar.com.fdvs:DynamicJasper:5.3.2	net.sf.jasperreports.engine.type.PositionTypeEnum::FLOAT	net.sf.jasperreports.engine.type.PositionTypeEnum	net.sf.jasperreports.engine.type.PositionTypeEnum	net.sf.jasperreports.engine.type.PositionTypeEnum	true	public	net.sf.jasperreports:jasperreports:6.17.0	false	9
org.apache.xmlgraphics:batik-bridge:1.8	org.apache.batik.ext.awt.MultipleGradientPaint::NO_CYCLE	org.apache.batik.ext.awt.MultipleGradientPaint	org.apache.batik.ext.awt.MultipleGradientPaint	org.apache.batik.ext.awt.MultipleGradientPaint$CycleMethodEnum	true	public	org.apache.xmlgraphics:batik-awt-util:1.8	false	2
org.apache.xmlgraphics:batik-bridge:1.8	org.apache.batik.ext.awt.image.ARGBChannel::A	org.apache.batik.ext.awt.image.ARGBChannel	org.apache.batik.ext.awt.image.ARGBChannel	org.apache.batik.ext.awt.image.ARGBChannel	true	public	org.apache.xmlgraphics:batik-awt-util:1.8	false	3
ar.com.fdvs:DynamicJasper:5.3.2	net.sf.jasperreports.engine.type.ResetTypeEnum::REPORT	net.sf.jasperreports.engine.type.ResetTypeEnum	net.sf.jasperreports.engine.type.ResetTypeEnum	net.sf.jasperreports.engine.type.ResetTypeEnum	true	public	net.sf.jasperreports:jasperreports:6.17.0	false	2
ar.com.fdvs:DynamicJasper:5.3.2	net.sf.jasperreports.engine.type.HyperlinkTypeEnum::REFERENCE	net.sf.jasperreports.engine.type.HyperlinkTypeEnum	net.sf.jasperreports.engine.type.HyperlinkTypeEnum	net.sf.jasperreports.engine.type.HyperlinkTypeEnum	true	public	net.sf.jasperreports:jasperreports:6.17.0	false	3
ar.com.fdvs:DynamicJasper:5.3.2	net.sf.jasperreports.engine.export.JRXlsExporterParameter::IS_WHITE_PAGE_BACKGROUND	net.sf.jasperreports.engine.export.JRXlsExporterParameter	net.sf.jasperreports.engine.export.JRXlsExporterParameter	net.sf.jasperreports.engine.export.JRXlsAbstractExporterParameter	true	public	net.sf.jasperreports:jasperreports:6.17.0	false	2
org.jfree:jfreechart:1.0.19	org.jfree.ui.RectangleEdge::TOP	org.jfree.ui.RectangleEdge	org.jfree.ui.RectangleEdge	org.jfree.ui.RectangleEdge	true	public	org.jfree:jcommon:1.0.23	false	68
org.apache.xmlgraphics:batik-bridge:1.8	org.apache.batik.ext.awt.image.ARGBChannel::B	org.apache.batik.ext.awt.image.ARGBChannel	org.apache.batik.ext.awt.image.ARGBChannel	org.apache.batik.ext.awt.image.ARGBChannel	true	public	org.apache.xmlgraphics:batik-awt-util:1.8	false	1
ar.com.fdvs:DynamicJasper:5.3.2	net.sf.jasperreports.engine.type.ScaleImageEnum::RETAIN_SHAPE	net.sf.jasperreports.engine.type.ScaleImageEnum	net.sf.jasperreports.engine.type.ScaleImageEnum	net.sf.jasperreports.engine.type.ScaleImageEnum	true	public	net.sf.jasperreports:jasperreports:6.17.0	false	2
net.sf.jasperreports:jasperreports:6.17.0	com.lowagie.text.pdf.PdfName::ALTERNATE	com.lowagie.text.pdf.PdfName	com.lowagie.text.pdf.PdfName	com.lowagie.text.pdf.PdfName	true	public	com.lowagie:itext:2.1.7.js8	false	1
org.eclipse.jdt:ecj:3.21.0	java.lang.Class::compilation_unresolvedProblem	org.eclipse.jdt.internal.compiler.util.Messages	java.lang.Class	java.lang.String	true	public	org.eclipse.jdt:ecj:3.21.0	true	1
ar.com.fdvs:DynamicJasper:5.3.2	net.sf.jasperreports.engine.type.EvaluationTimeEnum::NOW	net.sf.jasperreports.engine.type.EvaluationTimeEnum	net.sf.jasperreports.engine.type.EvaluationTimeEnum	net.sf.jasperreports.engine.type.EvaluationTimeEnum	true	public	net.sf.jasperreports:jasperreports:6.17.0	false	1
org.jfree:jfreechart:1.0.19	org.jfree.ui.RectangleEdge::LEFT	org.jfree.ui.RectangleEdge	org.jfree.ui.RectangleEdge	org.jfree.ui.RectangleEdge	true	public	org.jfree:jcommon:1.0.23	false	86
net.sf.jasperreports:jasperreports:6.17.0	org.jfree.ui.RectangleEdge::BOTTOM	org.jfree.ui.RectangleEdge	org.jfree.ui.RectangleEdge	org.jfree.ui.RectangleEdge	true	public	org.jfree:jcommon:1.0.23	false	2
org.apache.xmlgraphics:batik-bridge:1.8	org.apache.batik.ext.awt.image.ARGBChannel::R	org.apache.batik.ext.awt.image.ARGBChannel	org.apache.batik.ext.awt.image.ARGBChannel	org.apache.batik.ext.awt.image.ARGBChannel	true	public	org.apache.xmlgraphics:batik-awt-util:1.8	false	1
ar.com.fdvs:DynamicJasper:5.3.2	net.sf.jasperreports.engine.type.ModeEnum::OPAQUE	net.sf.jasperreports.engine.type.ModeEnum	net.sf.jasperreports.engine.type.ModeEnum	net.sf.jasperreports.engine.type.ModeEnum	true	public	net.sf.jasperreports:jasperreports:6.17.0	false	9
org.eclipse.jdt:ecj:3.21.0	java.lang.Class::parser_endOfConstructor	org.eclipse.jdt.internal.compiler.util.Messages	java.lang.Class	java.lang.String	true	public	org.eclipse.jdt:ecj:3.21.0	true	1
org.jfree:jfreechart:1.0.19	org.jfree.text.TextBlockAnchor::BOTTOM_LEFT	org.jfree.text.TextBlockAnchor	org.jfree.text.TextBlockAnchor	org.jfree.text.TextBlockAnchor	true	public	org.jfree:jcommon:1.0.23	false	4
ar.com.fdvs:DynamicJasper:5.3.2	net.sf.jasperreports.engine.type.EvaluationTimeEnum::REPORT	net.sf.jasperreports.engine.type.EvaluationTimeEnum	net.sf.jasperreports.engine.type.EvaluationTimeEnum	net.sf.jasperreports.engine.type.EvaluationTimeEnum	true	public	net.sf.jasperreports:jasperreports:6.17.0	false	3
org.jfree:jfreechart:1.0.19	org.jfree.util.SortOrder::DESCENDING	org.jfree.util.SortOrder	org.jfree.util.SortOrder	org.jfree.util.SortOrder	true	public	org.jfree:jcommon:1.0.23	false	3
org.apache.xmlgraphics:batik-bridge:1.8	org.apache.batik.ext.awt.image.PadMode::WRAP	org.apache.batik.ext.awt.image.PadMode	org.apache.batik.ext.awt.image.PadMode	org.apache.batik.ext.awt.image.PadMode	true	public	org.apache.xmlgraphics:batik-awt-util:1.8	false	1
ar.com.fdvs:DynamicJasper:5.3.2	net.sf.jasperreports.engine.type.HorizontalTextAlignEnum::RIGHT	net.sf.jasperreports.engine.type.HorizontalTextAlignEnum	net.sf.jasperreports.engine.type.HorizontalTextAlignEnum	net.sf.jasperreports.engine.type.HorizontalTextAlignEnum	true	public	net.sf.jasperreports:jasperreports:6.17.0	false	4
org.eclipse.jdt:ecj:3.21.0	java.lang.Class::parser_endOfMethod	org.eclipse.jdt.internal.compiler.util.Messages	java.lang.Class	java.lang.String	true	public	org.eclipse.jdt:ecj:3.21.0	true	1
org.apache.xmlgraphics:batik-bridge:1.8	org.apache.batik.gvt.text.GVTAttributedCharacterIterator$TextAttribute::DX	org.apache.batik.gvt.text.GVTAttributedCharacterIterator$TextAttribute	org.apache.batik.gvt.text.GVTAttributedCharacterIterator$TextAttribute	org.apache.batik.gvt.text.GVTAttributedCharacterIterator$TextAttribute	true	public	org.apache.xmlgraphics:batik-gvt:1.8	false	1
org.apache.xmlgraphics:batik-bridge:1.8	org.apache.batik.gvt.text.GVTAttributedCharacterIterator$TextAttribute::DY	org.apache.batik.gvt.text.GVTAttributedCharacterIterator$TextAttribute	org.apache.batik.gvt.text.GVTAttributedCharacterIterator$TextAttribute	org.apache.batik.gvt.text.GVTAttributedCharacterIterator$TextAttribute	true	public	org.apache.xmlgraphics:batik-gvt:1.8	false	1
org.apache.xmlgraphics:batik-bridge:1.8	org.apache.batik.gvt.text.GVTAttributedCharacterIterator$TextAttribute::ROTATION	org.apache.batik.gvt.text.GVTAttributedCharacterIterator$TextAttribute	org.apache.batik.gvt.text.GVTAttributedCharacterIterator$TextAttribute	org.apache.batik.gvt.text.GVTAttributedCharacterIterator$TextAttribute	true	public	org.apache.xmlgraphics:batik-gvt:1.8	false	2
org.jfree:jfreechart:1.0.19	org.jfree.text.TextBlockAnchor::TOP_LEFT	org.jfree.text.TextBlockAnchor	org.jfree.text.TextBlockAnchor	org.jfree.text.TextBlockAnchor	true	public	org.jfree:jcommon:1.0.23	false	4
org.jfree:jfreechart:1.0.19	org.jfree.ui.TextAnchor::TOP_RIGHT	org.jfree.ui.TextAnchor	org.jfree.ui.TextAnchor	org.jfree.ui.TextAnchor	true	public	org.jfree:jcommon:1.0.23	false	3
org.eclipse.jdt:ecj:3.21.0	java.lang.Class::abort_againstSourceModel	org.eclipse.jdt.internal.compiler.util.Messages	java.lang.Class	java.lang.String	true	public	org.eclipse.jdt:ecj:3.21.0	true	1
org.jfree:jfreechart:1.0.19	org.jfree.text.TextBlockAnchor::BOTTOM_CENTER	org.jfree.text.TextBlockAnchor	org.jfree.text.TextBlockAnchor	org.jfree.text.TextBlockAnchor	true	public	org.jfree:jcommon:1.0.23	false	3
ar.com.fdvs:DynamicJasper:5.3.2	net.sf.jasperreports.engine.type.RenderableTypeEnum::SVG	net.sf.jasperreports.engine.type.RenderableTypeEnum	net.sf.jasperreports.engine.type.RenderableTypeEnum	net.sf.jasperreports.engine.type.RenderableTypeEnum	true	public	net.sf.jasperreports:jasperreports:6.17.0	false	1
net.sf.jasperreports:jasperreports:6.17.0	com.lowagie.text.pdf.PdfName::DESTOUTPUTPROFILE	com.lowagie.text.pdf.PdfName	com.lowagie.text.pdf.PdfName	com.lowagie.text.pdf.PdfName	true	public	com.lowagie:itext:2.1.7.js8	false	1
net.sf.jasperreports:jasperreports:6.17.0	org.jfree.chart.plot.DefaultDrawingSupplier::DEFAULT_OUTLINE_STROKE_SEQUENCE	org.jfree.chart.plot.DefaultDrawingSupplier	org.jfree.chart.plot.DefaultDrawingSupplier	java.awt.Stroke[]	true	public	org.jfree:jfreechart:1.0.19	false	2
org.eclipse.jdt:ecj:3.21.0	java.lang.Class::compilation_unresolvedProblems	org.eclipse.jdt.internal.compiler.util.Messages	java.lang.Class	java.lang.String	true	public	org.eclipse.jdt:ecj:3.21.0	true	1
ar.com.fdvs:DynamicJasper:5.3.2	net.sf.jasperreports.engine.type.StretchTypeEnum::NO_STRETCH	net.sf.jasperreports.engine.type.StretchTypeEnum	net.sf.jasperreports.engine.type.StretchTypeEnum	net.sf.jasperreports.engine.type.StretchTypeEnum	true	public	net.sf.jasperreports:jasperreports:6.17.0	false	7
org.jfree:jfreechart:1.0.19	org.jfree.ui.RectangleEdge::BOTTOM	org.jfree.ui.RectangleEdge	org.jfree.ui.RectangleEdge	org.jfree.ui.RectangleEdge	true	public	org.jfree:jcommon:1.0.23	false	75
net.sf.jasperreports:jasperreports:6.17.0	org.jfree.ui.RectangleEdge::LEFT	org.jfree.ui.RectangleEdge	org.jfree.ui.RectangleEdge	org.jfree.ui.RectangleEdge	true	public	org.jfree:jcommon:1.0.23	false	1
org.eclipse.jdt:ecj:3.21.0	java.lang.Class::constant_cannotCastedInto	org.eclipse.jdt.internal.compiler.util.Messages	java.lang.Class	java.lang.String	true	public	org.eclipse.jdt:ecj:3.21.0	true	1
org.apache.xmlgraphics:batik-gvt:1.8	org.apache.batik.ext.awt.RenderingHintsKeyExt::KEY_TRANSCODING	org.apache.batik.ext.awt.RenderingHintsKeyExt	org.apache.batik.ext.awt.RenderingHintsKeyExt	java.awt.RenderingHints$Key	true	public	org.apache.xmlgraphics:batik-awt-util:1.8	false	1
org.apache.xmlgraphics:batik-bridge:1.8	org.apache.batik.gvt.text.GVTAttributedCharacterIterator$TextAttribute::WRITING_MODE_RTL	org.apache.batik.gvt.text.GVTAttributedCharacterIterator$TextAttribute	org.apache.batik.gvt.text.GVTAttributedCharacterIterator$TextAttribute	java.lang.Integer	true	public	org.apache.xmlgraphics:batik-gvt:1.8	false	1
net.sf.jasperreports:jasperreports:6.17.0	com.lowagie.text.pdf.PdfName::OUTPUTINTENTS	com.lowagie.text.pdf.PdfName	com.lowagie.text.pdf.PdfName	com.lowagie.text.pdf.PdfName	true	public	com.lowagie:itext:2.1.7.js8	false	1
ar.com.fdvs:DynamicJasper:5.3.2	net.sf.jasperreports.engine.type.LineStyleEnum::DOTTED	net.sf.jasperreports.engine.type.LineStyleEnum	net.sf.jasperreports.engine.type.LineStyleEnum	net.sf.jasperreports.engine.type.LineStyleEnum	true	public	net.sf.jasperreports:jasperreports:6.17.0	false	1
org.eclipse.jdt:ecj:3.21.0	java.lang.Class::output_notValidAll	org.eclipse.jdt.internal.compiler.util.Messages	java.lang.Class	java.lang.String	true	public	org.eclipse.jdt:ecj:3.21.0	true	1
org.jfree:jfreechart:1.0.19	org.jfree.ui.Layer::BACKGROUND	org.jfree.ui.Layer	org.jfree.ui.Layer	org.jfree.ui.Layer	true	public	org.jfree:jcommon:1.0.23	false	15
net.sf.jasperreports:jasperreports:6.17.0	org.apache.commons.collections4.map.AbstractReferenceMap$ReferenceStrength::HARD	org.apache.commons.collections4.map.AbstractReferenceMap$ReferenceStrength	org.apache.commons.collections4.map.AbstractReferenceMap$ReferenceStrength	org.apache.commons.collections4.map.AbstractReferenceMap$ReferenceStrength	true	public	org.apache.commons:commons-collections4:4.1	false	6
net.sf.jasperreports:jasperreports:6.17.0	org.jfree.chart.plot.DefaultDrawingSupplier::DEFAULT_OUTLINE_PAINT_SEQUENCE	org.jfree.chart.plot.DefaultDrawingSupplier	org.jfree.chart.plot.DefaultDrawingSupplier	java.awt.Paint[]	true	public	org.jfree:jfreechart:1.0.19	false	2
net.sf.jasperreports:jasperreports:6.17.0	org.jfree.chart.axis.CategoryLabelPositions::DOWN_90	org.jfree.chart.axis.CategoryLabelPositions	org.jfree.chart.axis.CategoryLabelPositions	org.jfree.chart.axis.CategoryLabelPositions	true	public	org.jfree:jfreechart:1.0.19	false	1
org.apache.xmlgraphics:batik-bridge:1.8	org.apache.batik.gvt.text.GVTAttributedCharacterIterator$TextAttribute::CUSTOM_SPACING	org.apache.batik.gvt.text.GVTAttributedCharacterIterator$TextAttribute	org.apache.batik.gvt.text.GVTAttributedCharacterIterator$TextAttribute	org.apache.batik.gvt.text.GVTAttributedCharacterIterator$TextAttribute	true	public	org.apache.xmlgraphics:batik-gvt:1.8	false	5
