Caller Method,Caller Library,Callee Visibility,Declared Callee Method,Declared Callee Library,Actual Callee Method,Actual Callee Library,Count,Reflective,DynamicProxy,Service Bypass
com.fasterxml.jackson.databind.deser.std.BaseNodeDeserializer::_fromInt(Lcom/fasterxml/jackson/core/JsonParser;Lcom/fasterxml/jackson/databind/DeserializationContext;Lcom/fasterxml/jackson/databind/node/JsonNodeFactory;)Lcom/fasterxml/jackson/databind/JsonNode;,com.fasterxml.jackson.core:jackson-databind:2.12.4,public,com.fasterxml.jackson.core.JsonParser::getIntValue()I,com.fasterxml.jackson.core:jackson-core:2.12.4,com.fasterxml.jackson.core.json.ReaderBasedJsonParser::getIntValue()I,com.fasterxml.jackson.core:jackson-core:2.12.4,67,false,false,
net.javacrumbs.jsonunit.core.internal.Jackson2NodeFactory$Jackson2Node::get(Ljava/lang/String;)Lnet/javacrumbs/jsonunit/core/internal/Node;,net.javacrumbs.json-unit:json-unit-core:2.28.0,public,com.fasterxml.jackson.databind.JsonNode::get(Ljava/lang/String;)Lcom/fasterxml/jackson/databind/JsonNode;,com.fasterxml.jackson.core:jackson-databind:2.12.4,com.fasterxml.jackson.databind.node.ObjectNode::get(Ljava/lang/String;)Lcom/fasterxml/jackson/databind/JsonNode;,com.fasterxml.jackson.core:jackson-databind:2.12.4,68,false,false,
com.fasterxml.jackson.core.JsonFactory::createParser(Ljava/io/Reader;)Lcom/fasterxml/jackson/core/JsonParser;,com.fasterxml.jackson.core:jackson-core:2.12.4,protected,com.fasterxml.jackson.core.JsonFactory::_decorate(Ljava/io/Reader;Lcom/fasterxml/jackson/core/io/IOContext;)Ljava/io/Reader;,com.fasterxml.jackson.core:jackson-core:2.12.4,com.fasterxml.jackson.databind.MappingJsonFactory::_decorate(Ljava/io/Reader;Lcom/fasterxml/jackson/core/io/IOContext;)Ljava/io/Reader;,com.fasterxml.jackson.core:jackson-databind:2.12.4,63,false,false,
net.javacrumbs.jsonunit.core.internal.GsonNodeFactory$GsonNode::asText()Ljava/lang/String;,net.javacrumbs.json-unit:json-unit-core:2.28.0,public,com.google.gson.JsonElement::getAsString()Ljava/lang/String;,com.google.code.gson:gson:2.8.8,com.google.gson.JsonPrimitive::getAsString()Ljava/lang/String;,com.google.code.gson:gson:2.8.8,4,false,false,
net.javacrumbs.jsonunit.core.internal.JsonOrgNodeFactory::newNode(Ljava/lang/Object;)Lnet/javacrumbs/jsonunit/core/internal/Node;,net.javacrumbs.json-unit:json-unit-core:2.28.0,public,org.json.JSONObject::wrap(Ljava/lang/Object;)Ljava/lang/Object;,org.json:json:20210307,org.json.JSONObject::wrap(Ljava/lang/Object;)Ljava/lang/Object;,org.json:json:20210307,2,false,false,
com.fasterxml.jackson.databind.util.TokenBuffer::writeStartObject(Ljava/lang/Object;)V,com.fasterxml.jackson.core:jackson-databind:2.12.4,public,com.fasterxml.jackson.core.json.JsonWriteContext::writeValue()I,com.fasterxml.jackson.core:jackson-core:2.12.4,com.fasterxml.jackson.core.json.JsonWriteContext::writeValue()I,com.fasterxml.jackson.core:jackson-core:2.12.4,1,false,false,
com.fasterxml.jackson.databind.util.TokenBuffer::writeStartObject(Ljava/lang/Object;)V,com.fasterxml.jackson.core:jackson-databind:2.12.4,public,com.fasterxml.jackson.core.json.JsonWriteContext::createChildObjectContext(Ljava/lang/Object;)Lcom/fasterxml/jackson/core/json/JsonWriteContext;,com.fasterxml.jackson.core:jackson-core:2.12.4,com.fasterxml.jackson.core.json.JsonWriteContext::createChildObjectContext(Ljava/lang/Object;)Lcom/fasterxml/jackson/core/json/JsonWriteContext;,com.fasterxml.jackson.core:jackson-core:2.12.4,1,false,false,
com.fasterxml.jackson.databind.node.ObjectNode::serialize(Lcom/fasterxml/jackson/core/JsonGenerator;Lcom/fasterxml/jackson/databind/SerializerProvider;)V,com.fasterxml.jackson.core:jackson-databind:2.12.4,public,com.fasterxml.jackson.core.JsonGenerator::writeStartObject(Ljava/lang/Object;)V,com.fasterxml.jackson.core:jackson-core:2.12.4,com.fasterxml.jackson.core.json.WriterBasedJsonGenerator::writeStartObject(Ljava/lang/Object;)V,com.fasterxml.jackson.core:jackson-core:2.12.4,3,false,false,
com.fasterxml.jackson.databind.node.ObjectNode::serialize(Lcom/fasterxml/jackson/core/JsonGenerator;Lcom/fasterxml/jackson/databind/SerializerProvider;)V,com.fasterxml.jackson.core:jackson-databind:2.12.4,public,com.fasterxml.jackson.core.JsonGenerator::writeFieldName(Ljava/lang/String;)V,com.fasterxml.jackson.core:jackson-core:2.12.4,com.fasterxml.jackson.core.json.WriterBasedJsonGenerator::writeFieldName(Ljava/lang/String;)V,com.fasterxml.jackson.core:jackson-core:2.12.4,3,false,false,
okio.Buffer::readString(JLjava/nio/charset/Charset;)Ljava/lang/String;,com.squareup.okio:okio:2.10.0,public,kotlin.jvm.internal.Intrinsics::checkNotNullParameter(Ljava/lang/Object;Ljava/lang/String;)V,org.jetbrains.kotlin:kotlin-stdlib:1.4.31,kotlin.jvm.internal.Intrinsics::checkNotNullParameter(Ljava/lang/Object;Ljava/lang/String;)V,org.jetbrains.kotlin:kotlin-stdlib:1.4.31,6,false,false,
com.fasterxml.jackson.databind.ser.std.NumberSerializers$Base::createContextual(Lcom/fasterxml/jackson/databind/SerializerProvider;Lcom/fasterxml/jackson/databind/BeanProperty;)Lcom/fasterxml/jackson/databind/JsonSerializer;,com.fasterxml.jackson.core:jackson-databind:2.12.4,public,com.fasterxml.jackson.annotation.JsonFormat$Shape::ordinal()I,com.fasterxml.jackson.core:jackson-annotations:2.12.4,com.fasterxml.jackson.annotation.JsonFormat$Shape::ordinal()I,com.fasterxml.jackson.core:jackson-annotations:2.12.4,3,false,false,
net.javacrumbs.jsonunit.core.internal.Jackson2NodeFactory$Jackson2Node::getNodeType()Lnet/javacrumbs/jsonunit/core/internal/Node$NodeType;,net.javacrumbs.json-unit:json-unit-core:2.28.0,public,com.fasterxml.jackson.databind.JsonNode::isBoolean()Z,com.fasterxml.jackson.core:jackson-databind:2.12.4,com.fasterxml.jackson.databind.node.BooleanNode::isBoolean()Z,com.fasterxml.jackson.core:jackson-databind:2.12.4,23,false,false,
net.javacrumbs.jsonunit.core.internal.GsonNodeFactory$GsonNode::getNodeType()Lnet/javacrumbs/jsonunit/core/internal/Node$NodeType;,net.javacrumbs.json-unit:json-unit-core:2.28.0,public,com.google.gson.JsonElement::isJsonObject()Z,com.google.code.gson:gson:2.8.8,com.google.gson.JsonPrimitive::isJsonObject()Z,com.google.code.gson:gson:2.8.8,5,false,false,
com.fasterxml.jackson.core.JsonFactory::createParser(Ljava/io/Reader;)Lcom/fasterxml/jackson/core/JsonParser;,com.fasterxml.jackson.core:jackson-core:2.12.4,protected,com.fasterxml.jackson.core.JsonFactory::_createContext(Ljava/lang/Object;Z)Lcom/fasterxml/jackson/core/io/IOContext;,com.fasterxml.jackson.core:jackson-core:2.12.4,com.fasterxml.jackson.databind.MappingJsonFactory::_createContext(Ljava/lang/Object;Z)Lcom/fasterxml/jackson/core/io/IOContext;,com.fasterxml.jackson.core:jackson-databind:2.12.4,63,false,false,
com.fasterxml.jackson.databind.introspect.JacksonAnnotationIntrospector::findPropertyInclusion(Lcom/fasterxml/jackson/databind/introspect/Annotated;)Lcom/fasterxml/jackson/annotation/JsonInclude$Value;,com.fasterxml.jackson.core:jackson-databind:2.12.4,public,com.fasterxml.jackson.annotation.JsonInclude$Value::getValueInclusion()Lcom/fasterxml/jackson/annotation/JsonInclude$Include;,com.fasterxml.jackson.core:jackson-annotations:2.12.4,com.fasterxml.jackson.annotation.JsonInclude$Value::getValueInclusion()Lcom/fasterxml/jackson/annotation/JsonInclude$Include;,com.fasterxml.jackson.core:jackson-annotations:2.12.4,1,false,false,
com.fasterxml.jackson.databind.deser.std.JsonNodeDeserializer::deserialize(Lcom/fasterxml/jackson/core/JsonParser;Lcom/fasterxml/jackson/databind/DeserializationContext;)Lcom/fasterxml/jackson/databind/JsonNode;,com.fasterxml.jackson.core:jackson-databind:2.12.4,public,com.fasterxml.jackson.core.JsonParser::currentTokenId()I,com.fasterxml.jackson.core:jackson-core:2.12.4,com.fasterxml.jackson.core.json.ReaderBasedJsonParser::currentTokenId()I,com.fasterxml.jackson.core:jackson-core:2.12.4,72,false,false,
com.fasterxml.jackson.core.JsonGenerator::writeArray([III)V,com.fasterxml.jackson.core:jackson-core:2.12.4,public,com.fasterxml.jackson.core.JsonGenerator::writeNumber(I)V,com.fasterxml.jackson.core:jackson-core:2.12.4,com.fasterxml.jackson.databind.util.TokenBuffer::writeNumber(I)V,com.fasterxml.jackson.core:jackson-databind:2.12.4,5,false,false,
com.fasterxml.jackson.databind.deser.std.BaseNodeDeserializer::deserializeObject(Lcom/fasterxml/jackson/core/JsonParser;Lcom/fasterxml/jackson/databind/DeserializationContext;Lcom/fasterxml/jackson/databind/node/JsonNodeFactory;)Lcom/fasterxml/jackson/databind/node/ObjectNode;,com.fasterxml.jackson.core:jackson-databind:2.12.4,public,com.fasterxml.jackson.core.JsonParser::nextToken()Lcom/fasterxml/jackson/core/JsonToken;,com.fasterxml.jackson.core:jackson-core:2.12.4,com.fasterxml.jackson.core.json.ReaderBasedJsonParser::nextToken()Lcom/fasterxml/jackson/core/JsonToken;,com.fasterxml.jackson.core:jackson-core:2.12.4,81,false,false,
net.javacrumbs.jsonunit.core.internal.Jackson2NodeFactory$Jackson2Node::getNodeType()Lnet/javacrumbs/jsonunit/core/internal/Node$NodeType;,net.javacrumbs.json-unit:json-unit-core:2.28.0,public,com.fasterxml.jackson.databind.JsonNode::isNumber()Z,com.fasterxml.jackson.core:jackson-databind:2.12.4,com.fasterxml.jackson.databind.node.BooleanNode::isNumber()Z,com.fasterxml.jackson.core:jackson-databind:2.12.4,23,false,false,
com.fasterxml.jackson.databind.deser.std.BaseNodeDeserializer::deserializeArray(Lcom/fasterxml/jackson/core/JsonParser;Lcom/fasterxml/jackson/databind/DeserializationContext;Lcom/fasterxml/jackson/databind/node/JsonNodeFactory;)Lcom/fasterxml/jackson/databind/node/ArrayNode;,com.fasterxml.jackson.core:jackson-databind:2.12.4,public,com.fasterxml.jackson.core.JsonParser::nextToken()Lcom/fasterxml/jackson/core/JsonToken;,com.fasterxml.jackson.core:jackson-core:2.12.4,com.fasterxml.jackson.core.json.ReaderBasedJsonParser::nextToken()Lcom/fasterxml/jackson/core/JsonToken;,com.fasterxml.jackson.core:jackson-core:2.12.4,80,false,false,
okio.Buffer::readByte()B,com.squareup.okio:okio:2.10.0,public,kotlin.jvm.internal.Intrinsics::checkNotNull(Ljava/lang/Object;)V,org.jetbrains.kotlin:kotlin-stdlib:1.4.31,kotlin.jvm.internal.Intrinsics::checkNotNull(Ljava/lang/Object;)V,org.jetbrains.kotlin:kotlin-stdlib:1.4.31,21,false,false,
okio.Segment::Segment([BIIZZ)V,com.squareup.okio:okio:2.10.0,public,kotlin.jvm.internal.Intrinsics::checkNotNullParameter(Ljava/lang/Object;Ljava/lang/String;)V,org.jetbrains.kotlin:kotlin-stdlib:1.4.31,kotlin.jvm.internal.Intrinsics::checkNotNullParameter(Ljava/lang/Object;Ljava/lang/String;)V,org.jetbrains.kotlin:kotlin-stdlib:1.4.31,1,false,false,
net.javacrumbs.jsonunit.core.internal.Jackson2NodeFactory::newNode(Lcom/fasterxml/jackson/databind/JsonNode;)Lnet/javacrumbs/jsonunit/core/internal/Node;,net.javacrumbs.json-unit:json-unit-core:2.28.0,public,com.fasterxml.jackson.databind.JsonNode::isMissingNode()Z,com.fasterxml.jackson.core:jackson-databind:2.12.4,com.fasterxml.jackson.databind.node.IntNode::isMissingNode()Z,com.fasterxml.jackson.core:jackson-databind:2.12.4,82,false,false,
net.javacrumbs.jsonunit.core.internal.GsonNodeFactory$GsonNode::getNodeType()Lnet/javacrumbs/jsonunit/core/internal/Node$NodeType;,net.javacrumbs.json-unit:json-unit-core:2.28.0,public,com.google.gson.JsonElement::isJsonNull()Z,com.google.code.gson:gson:2.8.8,com.google.gson.JsonNull::isJsonNull()Z,com.google.code.gson:gson:2.8.8,1,false,false,
com.fasterxml.jackson.databind.ObjectMapper::_readTreeAndClose(Lcom/fasterxml/jackson/core/JsonParser;)Lcom/fasterxml/jackson/databind/JsonNode;,com.fasterxml.jackson.core:jackson-databind:2.12.4,public,com.fasterxml.jackson.core.JsonParser::nextToken()Lcom/fasterxml/jackson/core/JsonToken;,com.fasterxml.jackson.core:jackson-core:2.12.4,com.fasterxml.jackson.core.json.ReaderBasedJsonParser::nextToken()Lcom/fasterxml/jackson/core/JsonToken;,com.fasterxml.jackson.core:jackson-core:2.12.4,73,false,false,
com.fasterxml.jackson.databind.deser.std.BaseNodeDeserializer::_fromFloat(Lcom/fasterxml/jackson/core/JsonParser;Lcom/fasterxml/jackson/databind/DeserializationContext;Lcom/fasterxml/jackson/databind/node/JsonNodeFactory;)Lcom/fasterxml/jackson/databind/JsonNode;,com.fasterxml.jackson.core:jackson-databind:2.12.4,public,com.fasterxml.jackson.core.JsonParser::getDoubleValue()D,com.fasterxml.jackson.core:jackson-core:2.12.4,com.fasterxml.jackson.core.json.ReaderBasedJsonParser::getDoubleValue()D,com.fasterxml.jackson.core:jackson-core:2.12.4,2,false,false,
com.fasterxml.jackson.core.JsonGenerator::writeArray([III)V,com.fasterxml.jackson.core:jackson-core:2.12.4,protected,com.fasterxml.jackson.core.JsonGenerator::_verifyOffsets(III)V,com.fasterxml.jackson.core:jackson-core:2.12.4,com.fasterxml.jackson.databind.util.TokenBuffer::_verifyOffsets(III)V,com.fasterxml.jackson.core:jackson-databind:2.12.4,2,false,false,
net.javacrumbs.jsonunit.core.internal.Jackson2NodeFactory$Jackson2Node::getNodeType()Lnet/javacrumbs/jsonunit/core/internal/Node$NodeType;,net.javacrumbs.json-unit:json-unit-core:2.28.0,public,com.fasterxml.jackson.databind.JsonNode::isArray()Z,com.fasterxml.jackson.core:jackson-databind:2.12.4,com.fasterxml.jackson.databind.node.BooleanNode::isArray()Z,com.fasterxml.jackson.core:jackson-databind:2.12.4,23,false,false,
okio.ByteString$Companion::encodeUtf8(Ljava/lang/String;)Lokio/ByteString;,com.squareup.okio:okio:2.10.0,public,kotlin.jvm.internal.Intrinsics::checkNotNullParameter(Ljava/lang/Object;Ljava/lang/String;)V,org.jetbrains.kotlin:kotlin-stdlib:1.4.31,kotlin.jvm.internal.Intrinsics::checkNotNullParameter(Ljava/lang/Object;Ljava/lang/String;)V,org.jetbrains.kotlin:kotlin-stdlib:1.4.31,5,false,false,
net.javacrumbs.jsonunit.core.internal.Jackson2NodeFactory$Jackson2Node::getNodeType()Lnet/javacrumbs/jsonunit/core/internal/Node$NodeType;,net.javacrumbs.json-unit:json-unit-core:2.28.0,public,com.fasterxml.jackson.databind.JsonNode::isNull()Z,com.fasterxml.jackson.core:jackson-databind:2.12.4,com.fasterxml.jackson.databind.node.NullNode::isNull()Z,com.fasterxml.jackson.core:jackson-databind:2.12.4,9,false,false,
net.javacrumbs.jsonunit.core.internal.GsonNodeFactory$GsonNode::getNodeType()Lnet/javacrumbs/jsonunit/core/internal/Node$NodeType;,net.javacrumbs.json-unit:json-unit-core:2.28.0,public,com.google.gson.JsonElement::isJsonArray()Z,com.google.code.gson:gson:2.8.8,com.google.gson.JsonNull::isJsonArray()Z,com.google.code.gson:gson:2.8.8,1,false,false,
net.javacrumbs.jsonunit.core.internal.Jackson2NodeFactory::newNode(Lcom/fasterxml/jackson/databind/JsonNode;)Lnet/javacrumbs/jsonunit/core/internal/Node;,net.javacrumbs.json-unit:json-unit-core:2.28.0,public,com.fasterxml.jackson.databind.JsonNode::isMissingNode()Z,com.fasterxml.jackson.core:jackson-databind:2.12.4,com.fasterxml.jackson.databind.node.BooleanNode::isMissingNode()Z,com.fasterxml.jackson.core:jackson-databind:2.12.4,20,false,false,
net.javacrumbs.jsonunit.core.internal.Jackson2NodeFactory$Jackson2Node::getNodeType()Lnet/javacrumbs/jsonunit/core/internal/Node$NodeType;,net.javacrumbs.json-unit:json-unit-core:2.28.0,public,com.fasterxml.jackson.databind.JsonNode::isObject()Z,com.fasterxml.jackson.core:jackson-databind:2.12.4,com.fasterxml.jackson.databind.node.IntNode::isObject()Z,com.fasterxml.jackson.core:jackson-databind:2.12.4,237,false,false,
okio.ByteString::ByteString([B)V,com.squareup.okio:okio:2.10.0,public,kotlin.jvm.internal.Intrinsics::checkNotNullParameter(Ljava/lang/Object;Ljava/lang/String;)V,org.jetbrains.kotlin:kotlin-stdlib:1.4.31,kotlin.jvm.internal.Intrinsics::checkNotNullParameter(Ljava/lang/Object;Ljava/lang/String;)V,org.jetbrains.kotlin:kotlin-stdlib:1.4.31,6,false,false,
com.fasterxml.jackson.databind.DeserializationContext::DeserializationContext(Lcom/fasterxml/jackson/databind/DeserializationContext;Lcom/fasterxml/jackson/databind/DeserializationConfig;Lcom/fasterxml/jackson/core/JsonParser;Lcom/fasterxml/jackson/databind/InjectableValues;)V,com.fasterxml.jackson.core:jackson-databind:2.12.4,public,com.fasterxml.jackson.core.JsonParser::getReadCapabilities()Lcom/fasterxml/jackson/core/util/JacksonFeatureSet;,com.fasterxml.jackson.core:jackson-core:2.12.4,com.fasterxml.jackson.core.json.ReaderBasedJsonParser::getReadCapabilities()Lcom/fasterxml/jackson/core/util/JacksonFeatureSet;,com.fasterxml.jackson.core:jackson-core:2.12.4,73,false,false,
net.javacrumbs.jsonunit.core.internal.JsonUnitLogger$SLF4JLogger::isEnabled()Z,net.javacrumbs.json-unit:json-unit-core:2.28.0,public,org.slf4j.Logger::isDebugEnabled()Z,org.slf4j:slf4j-api:1.7.32,org.slf4j.helpers.NOPLogger::isDebugEnabled()Z,org.slf4j:slf4j-api:1.7.32,26,false,false,
com.fasterxml.jackson.databind.util.TokenBuffer::writeFieldName(Ljava/lang/String;)V,com.fasterxml.jackson.core:jackson-databind:2.12.4,public,com.fasterxml.jackson.core.json.JsonWriteContext::writeFieldName(Ljava/lang/String;)I,com.fasterxml.jackson.core:jackson-core:2.12.4,com.fasterxml.jackson.core.json.JsonWriteContext::writeFieldName(Ljava/lang/String;)I,com.fasterxml.jackson.core:jackson-core:2.12.4,1,false,false,
com.fasterxml.jackson.core.JsonGenerator::writeArray([III)V,com.fasterxml.jackson.core:jackson-core:2.12.4,public,com.fasterxml.jackson.core.JsonGenerator::writeStartArray(Ljava/lang/Object;I)V,com.fasterxml.jackson.core:jackson-core:2.12.4,com.fasterxml.jackson.databind.util.TokenBuffer::writeStartArray(Ljava/lang/Object;I)V,com.fasterxml.jackson.core:jackson-databind:2.12.4,2,false,false,
com.fasterxml.jackson.databind.deser.std.BaseNodeDeserializer::deserializeObject(Lcom/fasterxml/jackson/core/JsonParser;Lcom/fasterxml/jackson/databind/DeserializationContext;Lcom/fasterxml/jackson/databind/node/JsonNodeFactory;)Lcom/fasterxml/jackson/databind/node/ObjectNode;,com.fasterxml.jackson.core:jackson-databind:2.12.4,public,com.fasterxml.jackson.core.JsonParser::nextFieldName()Ljava/lang/String;,com.fasterxml.jackson.core:jackson-core:2.12.4,com.fasterxml.jackson.core.json.ReaderBasedJsonParser::nextFieldName()Ljava/lang/String;,com.fasterxml.jackson.core:jackson-core:2.12.4,161,false,false,
net.javacrumbs.jsonunit.core.internal.Jackson2NodeFactory$Jackson2Node::isNull()Z,net.javacrumbs.json-unit:json-unit-core:2.28.0,public,com.fasterxml.jackson.databind.JsonNode::isNull()Z,com.fasterxml.jackson.core:jackson-databind:2.12.4,com.fasterxml.jackson.databind.node.ObjectNode::isNull()Z,com.fasterxml.jackson.core:jackson-databind:2.12.4,3,false,false,
net.javacrumbs.jsonunit.core.internal.Jackson2NodeFactory$Jackson2Node::getNodeType()Lnet/javacrumbs/jsonunit/core/internal/Node$NodeType;,net.javacrumbs.json-unit:json-unit-core:2.28.0,public,com.fasterxml.jackson.databind.JsonNode::isObject()Z,com.fasterxml.jackson.core:jackson-databind:2.12.4,com.fasterxml.jackson.databind.node.BooleanNode::isObject()Z,com.fasterxml.jackson.core:jackson-databind:2.12.4,23,false,false,
com.fasterxml.jackson.databind.ObjectWriter::writeValueAsString(Ljava/lang/Object;)Ljava/lang/String;,com.fasterxml.jackson.core:jackson-databind:2.12.4,public,com.fasterxml.jackson.core.io.SegmentedStringWriter::getAndClear()Ljava/lang/String;,com.fasterxml.jackson.core:jackson-core:2.12.4,com.fasterxml.jackson.core.io.SegmentedStringWriter::getAndClear()Ljava/lang/String;,com.fasterxml.jackson.core:jackson-core:2.12.4,2,false,false,
okio.SegmentPool::firstRef()Ljava/util/concurrent/atomic/AtomicReference;,com.squareup.okio:okio:2.10.0,public,kotlin.jvm.internal.Intrinsics::checkNotNullExpressionValue(Ljava/lang/Object;Ljava/lang/String;)V,org.jetbrains.kotlin:kotlin-stdlib:1.4.31,kotlin.jvm.internal.Intrinsics::checkNotNullExpressionValue(Ljava/lang/Object;Ljava/lang/String;)V,org.jetbrains.kotlin:kotlin-stdlib:1.4.31,12,false,false,
org.apache.johnzon.mapper.MapperBuilder::build()Lorg/apache/johnzon/mapper/Mapper;,org.apache.johnzon:johnzon-mapper:1.2.14,public,javax.json.spi.JsonProvider::createBuilderFactory(Ljava/util/Map;)Ljavax/json/JsonBuilderFactory;,org.apache.geronimo.specs:geronimo-json_1.1_spec:1.5,org.apache.johnzon.core.JsonProviderImpl::createBuilderFactory(Ljava/util/Map;)Ljavax/json/JsonBuilderFactory;,org.apache.johnzon:johnzon-core:1.2.14,1,false,false,
net.javacrumbs.jsonunit.core.internal.Jackson2NodeFactory$Jackson2Node::getNodeType()Lnet/javacrumbs/jsonunit/core/internal/Node$NodeType;,net.javacrumbs.json-unit:json-unit-core:2.28.0,public,com.fasterxml.jackson.databind.JsonNode::isNumber()Z,com.fasterxml.jackson.core:jackson-databind:2.12.4,com.fasterxml.jackson.databind.node.NullNode::isNumber()Z,com.fasterxml.jackson.core:jackson-databind:2.12.4,9,false,false,
com.fasterxml.jackson.databind.util.TokenBuffer$Segment::set(ILcom/fasterxml/jackson/core/JsonToken;Ljava/lang/Object;)V,com.fasterxml.jackson.core:jackson-databind:2.12.4,public,com.fasterxml.jackson.core.JsonToken::ordinal()I,com.fasterxml.jackson.core:jackson-core:2.12.4,com.fasterxml.jackson.core.JsonToken::ordinal()I,com.fasterxml.jackson.core:jackson-core:2.12.4,17,false,false,
com.fasterxml.jackson.databind.introspect.BasicBeanDescription::findPropertyInclusion(Lcom/fasterxml/jackson/annotation/JsonInclude$Value;)Lcom/fasterxml/jackson/annotation/JsonInclude$Value;,com.fasterxml.jackson.core:jackson-databind:2.12.4,public,com.fasterxml.jackson.annotation.JsonInclude$Value::withOverrides(Lcom/fasterxml/jackson/annotation/JsonInclude$Value;)Lcom/fasterxml/jackson/annotation/JsonInclude$Value;,com.fasterxml.jackson.core:jackson-annotations:2.12.4,com.fasterxml.jackson.annotation.JsonInclude$Value::withOverrides(Lcom/fasterxml/jackson/annotation/JsonInclude$Value;)Lcom/fasterxml/jackson/annotation/JsonInclude$Value;,com.fasterxml.jackson.core:jackson-annotations:2.12.4,1,false,false,
net.javacrumbs.jsonunit.core.internal.Jackson2NodeFactory$Jackson2Node::getNodeType()Lnet/javacrumbs/jsonunit/core/internal/Node$NodeType;,net.javacrumbs.json-unit:json-unit-core:2.28.0,public,com.fasterxml.jackson.databind.JsonNode::isArray()Z,com.fasterxml.jackson.core:jackson-databind:2.12.4,com.fasterxml.jackson.databind.node.NullNode::isArray()Z,com.fasterxml.jackson.core:jackson-databind:2.12.4,9,false,false,
net.javacrumbs.jsonunit.core.internal.Jackson2NodeFactory$Jackson2Node::getNodeType()Lnet/javacrumbs/jsonunit/core/internal/Node$NodeType;,net.javacrumbs.json-unit:json-unit-core:2.28.0,public,com.fasterxml.jackson.databind.JsonNode::isObject()Z,com.fasterxml.jackson.core:jackson-databind:2.12.4,com.fasterxml.jackson.databind.node.TextNode::isObject()Z,com.fasterxml.jackson.core:jackson-databind:2.12.4,67,false,false,
net.javacrumbs.jsonunit.core.internal.GsonNodeFactory$GsonNode::getNodeType()Lnet/javacrumbs/jsonunit/core/internal/Node$NodeType;,net.javacrumbs.json-unit:json-unit-core:2.28.0,public,com.google.gson.JsonElement::isJsonObject()Z,com.google.code.gson:gson:2.8.8,com.google.gson.JsonNull::isJsonObject()Z,com.google.code.gson:gson:2.8.8,1,false,false,
net.javacrumbs.jsonunit.core.internal.Jackson2NodeFactory$Jackson2Node::getNodeType()Lnet/javacrumbs/jsonunit/core/internal/Node$NodeType;,net.javacrumbs.json-unit:json-unit-core:2.28.0,public,com.fasterxml.jackson.databind.JsonNode::isArray()Z,com.fasterxml.jackson.core:jackson-databind:2.12.4,com.fasterxml.jackson.databind.node.IntNode::isArray()Z,com.fasterxml.jackson.core:jackson-databind:2.12.4,237,false,false,
okio.SegmentPool::recycle(Lokio/Segment;)V,com.squareup.okio:okio:2.10.0,public,kotlin.jvm.internal.Intrinsics::checkNotNullParameter(Ljava/lang/Object;Ljava/lang/String;)V,org.jetbrains.kotlin:kotlin-stdlib:1.4.31,kotlin.jvm.internal.Intrinsics::checkNotNullParameter(Ljava/lang/Object;Ljava/lang/String;)V,org.jetbrains.kotlin:kotlin-stdlib:1.4.31,6,false,false,
com.fasterxml.jackson.databind.deser.std.BaseNodeDeserializer::deserializeArray(Lcom/fasterxml/jackson/core/JsonParser;Lcom/fasterxml/jackson/databind/DeserializationContext;Lcom/fasterxml/jackson/databind/node/JsonNodeFactory;)Lcom/fasterxml/jackson/databind/node/ArrayNode;,com.fasterxml.jackson.core:jackson-databind:2.12.4,public,com.fasterxml.jackson.core.JsonToken::id()I,com.fasterxml.jackson.core:jackson-core:2.12.4,com.fasterxml.jackson.core.JsonToken::id()I,com.fasterxml.jackson.core:jackson-core:2.12.4,90,false,false,
com.fasterxml.jackson.databind.ObjectWriter::createGenerator(Ljava/io/Writer;)Lcom/fasterxml/jackson/core/JsonGenerator;,com.fasterxml.jackson.core:jackson-databind:2.12.4,public,com.fasterxml.jackson.core.JsonFactory::createGenerator(Ljava/io/Writer;)Lcom/fasterxml/jackson/core/JsonGenerator;,com.fasterxml.jackson.core:jackson-core:2.12.4,com.fasterxml.jackson.core.JsonFactory::createGenerator(Ljava/io/Writer;)Lcom/fasterxml/jackson/core/JsonGenerator;,com.fasterxml.jackson.core:jackson-core:2.12.4,2,false,false,instantiation
net.javacrumbs.jsonunit.core.internal.Jackson2NodeFactory$Jackson2Node::asBoolean()Ljava/lang/Boolean;,net.javacrumbs.json-unit:json-unit-core:2.28.0,public,com.fasterxml.jackson.databind.JsonNode::asBoolean()Z,com.fasterxml.jackson.core:jackson-databind:2.12.4,com.fasterxml.jackson.databind.node.BooleanNode::asBoolean()Z,com.fasterxml.jackson.core:jackson-databind:2.12.4,10,false,false,
com.fasterxml.jackson.databind.node.IntNode::serialize(Lcom/fasterxml/jackson/core/JsonGenerator;Lcom/fasterxml/jackson/databind/SerializerProvider;)V,com.fasterxml.jackson.core:jackson-databind:2.12.4,public,com.fasterxml.jackson.core.JsonGenerator::writeNumber(I)V,com.fasterxml.jackson.core:jackson-core:2.12.4,com.fasterxml.jackson.core.json.WriterBasedJsonGenerator::writeNumber(I)V,com.fasterxml.jackson.core:jackson-core:2.12.4,2,false,false,
com.fasterxml.jackson.databind.node.ObjectNode::serialize(Lcom/fasterxml/jackson/core/JsonGenerator;Lcom/fasterxml/jackson/databind/SerializerProvider;)V,com.fasterxml.jackson.core:jackson-databind:2.12.4,public,com.fasterxml.jackson.core.JsonGenerator::writeEndObject()V,com.fasterxml.jackson.core:jackson-core:2.12.4,com.fasterxml.jackson.core.json.WriterBasedJsonGenerator::writeEndObject()V,com.fasterxml.jackson.core:jackson-core:2.12.4,3,false,false,
com.fasterxml.jackson.databind.cfg.MapperConfigBase::getDefaultPropertyInclusion(Ljava/lang/Class;)Lcom/fasterxml/jackson/annotation/JsonInclude$Value;,com.fasterxml.jackson.core:jackson-databind:2.12.4,public,com.fasterxml.jackson.annotation.JsonInclude$Value::withOverrides(Lcom/fasterxml/jackson/annotation/JsonInclude$Value;)Lcom/fasterxml/jackson/annotation/JsonInclude$Value;,com.fasterxml.jackson.core:jackson-annotations:2.12.4,com.fasterxml.jackson.annotation.JsonInclude$Value::withOverrides(Lcom/fasterxml/jackson/annotation/JsonInclude$Value;)Lcom/fasterxml/jackson/annotation/JsonInclude$Value;,com.fasterxml.jackson.core:jackson-annotations:2.12.4,1,false,false,
com.fasterxml.jackson.databind.introspect.JacksonAnnotationIntrospector::findPropertyInclusion(Lcom/fasterxml/jackson/databind/introspect/Annotated;)Lcom/fasterxml/jackson/annotation/JsonInclude$Value;,com.fasterxml.jackson.core:jackson-databind:2.12.4,public,com.fasterxml.jackson.annotation.JsonInclude$Value::empty()Lcom/fasterxml/jackson/annotation/JsonInclude$Value;,com.fasterxml.jackson.core:jackson-annotations:2.12.4,com.fasterxml.jackson.annotation.JsonInclude$Value::empty()Lcom/fasterxml/jackson/annotation/JsonInclude$Value;,com.fasterxml.jackson.core:jackson-annotations:2.12.4,1,false,false,
com.fasterxml.jackson.databind.ser.std.MapSerializer::createContextual(Lcom/fasterxml/jackson/databind/SerializerProvider;Lcom/fasterxml/jackson/databind/BeanProperty;)Lcom/fasterxml/jackson/databind/JsonSerializer;,com.fasterxml.jackson.core:jackson-databind:2.12.4,public,com.fasterxml.jackson.annotation.JsonInclude$Value::getContentInclusion()Lcom/fasterxml/jackson/annotation/JsonInclude$Include;,com.fasterxml.jackson.core:jackson-annotations:2.12.4,com.fasterxml.jackson.annotation.JsonInclude$Value::getContentInclusion()Lcom/fasterxml/jackson/annotation/JsonInclude$Include;,com.fasterxml.jackson.core:jackson-annotations:2.12.4,1,false,false,
okio.Buffer::writeUtf8(Ljava/lang/String;II)Lokio/Buffer;,com.squareup.okio:okio:2.10.0,public,kotlin.jvm.internal.Intrinsics::checkNotNullParameter(Ljava/lang/Object;Ljava/lang/String;)V,org.jetbrains.kotlin:kotlin-stdlib:1.4.31,kotlin.jvm.internal.Intrinsics::checkNotNullParameter(Ljava/lang/Object;Ljava/lang/String;)V,org.jetbrains.kotlin:kotlin-stdlib:1.4.31,6,false,false,
com.fasterxml.jackson.databind.introspect.VisibilityChecker$Std::isIsGetterVisible(Ljava/lang/reflect/Method;)Z,com.fasterxml.jackson.core:jackson-databind:2.12.4,public,com.fasterxml.jackson.annotation.JsonAutoDetect$Visibility::isVisible(Ljava/lang/reflect/Member;)Z,com.fasterxml.jackson.core:jackson-annotations:2.12.4,com.fasterxml.jackson.annotation.JsonAutoDetect$Visibility::isVisible(Ljava/lang/reflect/Member;)Z,com.fasterxml.jackson.core:jackson-annotations:2.12.4,2,false,false,
com.fasterxml.jackson.core.JsonFactory::createParser(Ljava/io/Reader;)Lcom/fasterxml/jackson/core/JsonParser;,com.fasterxml.jackson.core:jackson-core:2.12.4,protected,com.fasterxml.jackson.core.JsonFactory::_createParser(Ljava/io/Reader;Lcom/fasterxml/jackson/core/io/IOContext;)Lcom/fasterxml/jackson/core/JsonParser;,com.fasterxml.jackson.core:jackson-core:2.12.4,com.fasterxml.jackson.databind.MappingJsonFactory::_createParser(Ljava/io/Reader;Lcom/fasterxml/jackson/core/io/IOContext;)Lcom/fasterxml/jackson/core/JsonParser;,com.fasterxml.jackson.core:jackson-databind:2.12.4,63,false,false,
net.javacrumbs.jsonunit.core.internal.GsonNodeFactory::readValue(Ljava/io/Reader;Ljava/lang/String;Z)Lnet/javacrumbs/jsonunit/core/internal/Node;,net.javacrumbs.json-unit:json-unit-core:2.28.0,public,com.google.gson.JsonParser::parseReader(Ljava/io/Reader;)Lcom/google/gson/JsonElement;,com.google.code.gson:gson:2.8.8,com.google.gson.JsonParser::parseReader(Ljava/io/Reader;)Lcom/google/gson/JsonElement;,com.google.code.gson:gson:2.8.8,6,false,false,
net.javacrumbs.jsonunit.core.internal.JsonOrgNodeFactory$JSONArrayNode::element(I)Lnet/javacrumbs/jsonunit/core/internal/Node;,net.javacrumbs.json-unit:json-unit-core:2.28.0,public,org.json.JSONArray::get(I)Ljava/lang/Object;,org.json:json:20210307,org.json.JSONArray::get(I)Ljava/lang/Object;,org.json:json:20210307,5,false,false,
com.fasterxml.jackson.databind.deser.std.BaseNodeDeserializer::deserializeAny(Lcom/fasterxml/jackson/core/JsonParser;Lcom/fasterxml/jackson/databind/DeserializationContext;Lcom/fasterxml/jackson/databind/node/JsonNodeFactory;)Lcom/fasterxml/jackson/databind/JsonNode;,com.fasterxml.jackson.core:jackson-databind:2.12.4,public,com.fasterxml.jackson.core.JsonParser::currentTokenId()I,com.fasterxml.jackson.core:jackson-core:2.12.4,com.fasterxml.jackson.core.json.ReaderBasedJsonParser::currentTokenId()I,com.fasterxml.jackson.core:jackson-core:2.12.4,9,false,false,
net.javacrumbs.jsonunit.core.internal.GsonNodeFactory$GsonNode::asBoolean()Ljava/lang/Boolean;,net.javacrumbs.json-unit:json-unit-core:2.28.0,public,com.google.gson.JsonElement::getAsBoolean()Z,com.google.code.gson:gson:2.8.8,com.google.gson.JsonPrimitive::getAsBoolean()Z,com.google.code.gson:gson:2.8.8,2,false,false,
net.javacrumbs.jsonunit.core.internal.Jackson2NodeFactory$Jackson2Node::getNodeType()Lnet/javacrumbs/jsonunit/core/internal/Node$NodeType;,net.javacrumbs.json-unit:json-unit-core:2.28.0,public,com.fasterxml.jackson.databind.JsonNode::isArray()Z,com.fasterxml.jackson.core:jackson-databind:2.12.4,com.fasterxml.jackson.databind.node.TextNode::isArray()Z,com.fasterxml.jackson.core:jackson-databind:2.12.4,67,false,false,
com.fasterxml.jackson.databind.util.TokenBuffer::writeStartArray(Ljava/lang/Object;I)V,com.fasterxml.jackson.core:jackson-databind:2.12.4,public,com.fasterxml.jackson.core.json.JsonWriteContext::createChildArrayContext(Ljava/lang/Object;)Lcom/fasterxml/jackson/core/json/JsonWriteContext;,com.fasterxml.jackson.core:jackson-core:2.12.4,com.fasterxml.jackson.core.json.JsonWriteContext::createChildArrayContext(Ljava/lang/Object;)Lcom/fasterxml/jackson/core/json/JsonWriteContext;,com.fasterxml.jackson.core:jackson-core:2.12.4,3,false,false,
com.fasterxml.jackson.databind.ObjectWriter::_writeValueAndClose(Lcom/fasterxml/jackson/core/JsonGenerator;Ljava/lang/Object;)V,com.fasterxml.jackson.core:jackson-databind:2.12.4,public,com.fasterxml.jackson.core.JsonGenerator::close()V,com.fasterxml.jackson.core:jackson-core:2.12.4,com.fasterxml.jackson.core.json.WriterBasedJsonGenerator::close()V,com.fasterxml.jackson.core:jackson-core:2.12.4,2,false,false,
net.javacrumbs.jsonunit.core.internal.GsonNodeFactory$GsonNode::getNodeType()Lnet/javacrumbs/jsonunit/core/internal/Node$NodeType;,net.javacrumbs.json-unit:json-unit-core:2.28.0,public,com.google.gson.JsonPrimitive::isBoolean()Z,com.google.code.gson:gson:2.8.8,com.google.gson.JsonPrimitive::isBoolean()Z,com.google.code.gson:gson:2.8.8,1,false,false,
net.javacrumbs.jsonunit.core.internal.Jackson2NodeFactory$Jackson2Node::getNodeType()Lnet/javacrumbs/jsonunit/core/internal/Node$NodeType;,net.javacrumbs.json-unit:json-unit-core:2.28.0,public,com.fasterxml.jackson.databind.JsonNode::isObject()Z,com.fasterxml.jackson.core:jackson-databind:2.12.4,com.fasterxml.jackson.databind.node.NullNode::isObject()Z,com.fasterxml.jackson.core:jackson-databind:2.12.4,9,false,false,
com.fasterxml.jackson.databind.PropertyName::construct(Ljava/lang/String;Ljava/lang/String;)Lcom/fasterxml/jackson/databind/PropertyName;,com.fasterxml.jackson.core:jackson-databind:2.12.4,public,com.fasterxml.jackson.core.util.InternCache::intern(Ljava/lang/String;)Ljava/lang/String;,com.fasterxml.jackson.core:jackson-core:2.12.4,com.fasterxml.jackson.core.util.InternCache::intern(Ljava/lang/String;)Ljava/lang/String;,com.fasterxml.jackson.core:jackson-core:2.12.4,1,false,false,
net.javacrumbs.jsonunit.core.internal.MoshiNodeFactory::readValue(Ljava/lang/String;Ljava/lang/String;Z)Lnet/javacrumbs/jsonunit/core/internal/Node;,net.javacrumbs.json-unit:json-unit-core:2.28.0,public,com.squareup.moshi.Moshi::adapter(Ljava/lang/Class;)Lcom/squareup/moshi/JsonAdapter;,com.squareup.moshi:moshi:1.12.0,com.squareup.moshi.Moshi::adapter(Ljava/lang/Class;)Lcom/squareup/moshi/JsonAdapter;,com.squareup.moshi:moshi:1.12.0,6,false,false,
com.fasterxml.jackson.databind.util.TokenBuffer::_appendValue(Lcom/fasterxml/jackson/core/JsonToken;)V,com.fasterxml.jackson.core:jackson-databind:2.12.4,public,com.fasterxml.jackson.core.json.JsonWriteContext::writeValue()I,com.fasterxml.jackson.core:jackson-core:2.12.4,com.fasterxml.jackson.core.json.JsonWriteContext::writeValue()I,com.fasterxml.jackson.core:jackson-core:2.12.4,5,false,false,
net.javacrumbs.jsonunit.core.internal.GsonNodeFactory$GsonNode::get(Ljava/lang/String;)Lnet/javacrumbs/jsonunit/core/internal/Node;,net.javacrumbs.json-unit:json-unit-core:2.28.0,public,com.google.gson.JsonObject::get(Ljava/lang/String;)Lcom/google/gson/JsonElement;,com.google.code.gson:gson:2.8.8,com.google.gson.JsonObject::get(Ljava/lang/String;)Lcom/google/gson/JsonElement;,com.google.code.gson:gson:2.8.8,3,false,false,
org.apache.johnzon.mapper.MapperBuilder::build()Lorg/apache/johnzon/mapper/Mapper;,org.apache.johnzon:johnzon-mapper:1.2.14,public,javax.json.spi.JsonProvider::createReaderFactory(Ljava/util/Map;)Ljavax/json/JsonReaderFactory;,org.apache.geronimo.specs:geronimo-json_1.1_spec:1.5,org.apache.johnzon.core.JsonProviderImpl::createReaderFactory(Ljava/util/Map;)Ljavax/json/JsonReaderFactory;,org.apache.johnzon:johnzon-core:1.2.14,1,false,false,
com.fasterxml.jackson.databind.util.TokenBuffer$Parser::_checkIsNumber()V,com.fasterxml.jackson.core:jackson-databind:2.12.4,public,com.fasterxml.jackson.core.JsonToken::isNumeric()Z,com.fasterxml.jackson.core:jackson-core:2.12.4,com.fasterxml.jackson.core.JsonToken::isNumeric()Z,com.fasterxml.jackson.core:jackson-core:2.12.4,11,false,false,
net.javacrumbs.jsonunit.core.internal.GsonNodeFactory$GsonNode::getNodeType()Lnet/javacrumbs/jsonunit/core/internal/Node$NodeType;,net.javacrumbs.json-unit:json-unit-core:2.28.0,public,com.google.gson.JsonElement::isJsonObject()Z,com.google.code.gson:gson:2.8.8,com.google.gson.JsonObject::isJsonObject()Z,com.google.code.gson:gson:2.8.8,2,false,false,
com.fasterxml.jackson.databind.util.TokenBuffer::writeEndArray()V,com.fasterxml.jackson.core:jackson-databind:2.12.4,public,com.fasterxml.jackson.core.json.JsonWriteContext::getParent()Lcom/fasterxml/jackson/core/json/JsonWriteContext;,com.fasterxml.jackson.core:jackson-core:2.12.4,com.fasterxml.jackson.core.json.JsonWriteContext::getParent()Lcom/fasterxml/jackson/core/json/JsonWriteContext;,com.fasterxml.jackson.core:jackson-core:2.12.4,3,false,false,
com.fasterxml.jackson.core.JsonFactory::configure(Lcom/fasterxml/jackson/core/JsonParser$Feature;Z)Lcom/fasterxml/jackson/core/JsonFactory;,com.fasterxml.jackson.core:jackson-core:2.12.4,public,com.fasterxml.jackson.core.JsonFactory::enable(Lcom/fasterxml/jackson/core/JsonParser$Feature;)Lcom/fasterxml/jackson/core/JsonFactory;,com.fasterxml.jackson.core:jackson-core:2.12.4,com.fasterxml.jackson.databind.MappingJsonFactory::enable(Lcom/fasterxml/jackson/core/JsonParser$Feature;)Lcom/fasterxml/jackson/core/JsonFactory;,com.fasterxml.jackson.core:jackson-databind:2.12.4,3,false,false,
com.fasterxml.jackson.core.JsonFactory::createParser(Ljava/lang/String;)Lcom/fasterxml/jackson/core/JsonParser;,com.fasterxml.jackson.core:jackson-core:2.12.4,protected,com.fasterxml.jackson.core.JsonFactory::_createContext(Ljava/lang/Object;Z)Lcom/fasterxml/jackson/core/io/IOContext;,com.fasterxml.jackson.core:jackson-core:2.12.4,com.fasterxml.jackson.databind.MappingJsonFactory::_createContext(Ljava/lang/Object;Z)Lcom/fasterxml/jackson/core/io/IOContext;,com.fasterxml.jackson.core:jackson-databind:2.12.4,10,false,false,
net.javacrumbs.jsonunit.core.internal.Jackson2NodeFactory$Jackson2Node::toString()Ljava/lang/String;,net.javacrumbs.json-unit:json-unit-core:2.28.0,public,com.fasterxml.jackson.databind.JsonNode::toString()Ljava/lang/String;,com.fasterxml.jackson.core:jackson-databind:2.12.4,com.fasterxml.jackson.databind.node.ObjectNode::toString()Ljava/lang/String;,com.fasterxml.jackson.core:jackson-databind:2.12.4,2,false,false,
net.javacrumbs.jsonunit.core.internal.Jackson2NodeFactory$Jackson2Node::element(I)Lnet/javacrumbs/jsonunit/core/internal/Node;,net.javacrumbs.json-unit:json-unit-core:2.28.0,public,com.fasterxml.jackson.databind.JsonNode::path(I)Lcom/fasterxml/jackson/databind/JsonNode;,com.fasterxml.jackson.core:jackson-databind:2.12.4,com.fasterxml.jackson.databind.node.ArrayNode::path(I)Lcom/fasterxml/jackson/databind/JsonNode;,com.fasterxml.jackson.core:jackson-databind:2.12.4,24,false,false,
com.fasterxml.jackson.databind.introspect.POJOPropertyBuilder::removeNonVisible(ZLcom/fasterxml/jackson/databind/introspect/POJOPropertiesCollector;)Lcom/fasterxml/jackson/annotation/JsonProperty$Access;,com.fasterxml.jackson.core:jackson-databind:2.12.4,public,com.fasterxml.jackson.annotation.JsonProperty$Access::ordinal()I,com.fasterxml.jackson.core:jackson-annotations:2.12.4,com.fasterxml.jackson.annotation.JsonProperty$Access::ordinal()I,com.fasterxml.jackson.core:jackson-annotations:2.12.4,2,false,false,
com.fasterxml.jackson.databind.ser.std.AsArraySerializerBase::createContextual(Lcom/fasterxml/jackson/databind/SerializerProvider;Lcom/fasterxml/jackson/databind/BeanProperty;)Lcom/fasterxml/jackson/databind/JsonSerializer;,com.fasterxml.jackson.core:jackson-databind:2.12.4,public,com.fasterxml.jackson.annotation.JsonFormat$Value::getFeature(Lcom/fasterxml/jackson/annotation/JsonFormat$Feature;)Ljava/lang/Boolean;,com.fasterxml.jackson.core:jackson-annotations:2.12.4,com.fasterxml.jackson.annotation.JsonFormat$Value::getFeature(Lcom/fasterxml/jackson/annotation/JsonFormat$Feature;)Ljava/lang/Boolean;,com.fasterxml.jackson.core:jackson-annotations:2.12.4,1,false,false,
net.javacrumbs.jsonunit.core.internal.Jackson2NodeFactory$Jackson2Node::isNull()Z,net.javacrumbs.json-unit:json-unit-core:2.28.0,public,com.fasterxml.jackson.databind.JsonNode::isNull()Z,com.fasterxml.jackson.core:jackson-databind:2.12.4,com.fasterxml.jackson.databind.node.IntNode::isNull()Z,com.fasterxml.jackson.core:jackson-databind:2.12.4,1,false,false,
okio.Buffer::writeUtf8(Ljava/lang/String;)Lokio/Buffer;,com.squareup.okio:okio:2.10.0,public,kotlin.jvm.internal.Intrinsics::checkNotNullParameter(Ljava/lang/Object;Ljava/lang/String;)V,org.jetbrains.kotlin:kotlin-stdlib:1.4.31,kotlin.jvm.internal.Intrinsics::checkNotNullParameter(Ljava/lang/Object;Ljava/lang/String;)V,org.jetbrains.kotlin:kotlin-stdlib:1.4.31,6,false,false,
com.fasterxml.jackson.databind.deser.std.BaseNodeDeserializer::_fromFloat(Lcom/fasterxml/jackson/core/JsonParser;Lcom/fasterxml/jackson/databind/DeserializationContext;Lcom/fasterxml/jackson/databind/node/JsonNodeFactory;)Lcom/fasterxml/jackson/databind/JsonNode;,com.fasterxml.jackson.core:jackson-databind:2.12.4,public,com.fasterxml.jackson.core.JsonParser::getNumberType()Lcom/fasterxml/jackson/core/JsonParser$NumberType;,com.fasterxml.jackson.core:jackson-core:2.12.4,com.fasterxml.jackson.core.json.ReaderBasedJsonParser::getNumberType()Lcom/fasterxml/jackson/core/JsonParser$NumberType;,com.fasterxml.jackson.core:jackson-core:2.12.4,2,false,false,
net.javacrumbs.jsonunit.core.internal.GsonNodeFactory$GsonNode::getNodeType()Lnet/javacrumbs/jsonunit/core/internal/Node$NodeType;,net.javacrumbs.json-unit:json-unit-core:2.28.0,public,com.google.gson.JsonElement::isJsonArray()Z,com.google.code.gson:gson:2.8.8,com.google.gson.JsonPrimitive::isJsonArray()Z,com.google.code.gson:gson:2.8.8,5,false,false,
com.fasterxml.jackson.databind.cfg.ConfigOverrides::findFormatDefaults(Ljava/lang/Class;)Lcom/fasterxml/jackson/annotation/JsonFormat$Value;,com.fasterxml.jackson.core:jackson-databind:2.12.4,public,com.fasterxml.jackson.annotation.JsonFormat$Value::empty()Lcom/fasterxml/jackson/annotation/JsonFormat$Value;,com.fasterxml.jackson.core:jackson-annotations:2.12.4,com.fasterxml.jackson.annotation.JsonFormat$Value::empty()Lcom/fasterxml/jackson/annotation/JsonFormat$Value;,com.fasterxml.jackson.core:jackson-annotations:2.12.4,9,false,false,
com.fasterxml.jackson.core.JsonFactory::_createContext(Ljava/lang/Object;Z)Lcom/fasterxml/jackson/core/io/IOContext;,com.fasterxml.jackson.core:jackson-core:2.12.4,public,com.fasterxml.jackson.core.JsonFactory::_getBufferRecycler()Lcom/fasterxml/jackson/core/util/BufferRecycler;,com.fasterxml.jackson.core:jackson-core:2.12.4,com.fasterxml.jackson.databind.MappingJsonFactory::_getBufferRecycler()Lcom/fasterxml/jackson/core/util/BufferRecycler;,com.fasterxml.jackson.core:jackson-databind:2.12.4,73,false,false,
net.javacrumbs.jsonunit.core.internal.JsonOrgNodeFactory$JSONObjectNode::get(Ljava/lang/String;)Lnet/javacrumbs/jsonunit/core/internal/Node;,net.javacrumbs.json-unit:json-unit-core:2.28.0,public,org.json.JSONObject::opt(Ljava/lang/String;)Ljava/lang/Object;,org.json:json:20210307,org.json.JSONObject::opt(Ljava/lang/String;)Ljava/lang/Object;,org.json:json:20210307,3,false,false,
com.fasterxml.jackson.databind.deser.std.BaseNodeDeserializer::deserializeArray(Lcom/fasterxml/jackson/core/JsonParser;Lcom/fasterxml/jackson/databind/DeserializationContext;Lcom/fasterxml/jackson/databind/node/JsonNodeFactory;)Lcom/fasterxml/jackson/databind/node/ArrayNode;,com.fasterxml.jackson.core:jackson-databind:2.12.4,public,com.fasterxml.jackson.core.JsonParser::getText()Ljava/lang/String;,com.fasterxml.jackson.core:jackson-core:2.12.4,com.fasterxml.jackson.core.json.ReaderBasedJsonParser::getText()Ljava/lang/String;,com.fasterxml.jackson.core:jackson-core:2.12.4,1,false,false,
net.javacrumbs.jsonunit.core.internal.Jackson2NodeFactory$Jackson2Node::getNodeType()Lnet/javacrumbs/jsonunit/core/internal/Node$NodeType;,net.javacrumbs.json-unit:json-unit-core:2.28.0,public,com.fasterxml.jackson.databind.JsonNode::isTextual()Z,com.fasterxml.jackson.core:jackson-databind:2.12.4,com.fasterxml.jackson.databind.node.BooleanNode::isTextual()Z,com.fasterxml.jackson.core:jackson-databind:2.12.4,23,false,false,
com.fasterxml.jackson.databind.PropertyName::construct(Ljava/lang/String;)Lcom/fasterxml/jackson/databind/PropertyName;,com.fasterxml.jackson.core:jackson-databind:2.12.4,public,com.fasterxml.jackson.core.util.InternCache::intern(Ljava/lang/String;)Ljava/lang/String;,com.fasterxml.jackson.core:jackson-core:2.12.4,com.fasterxml.jackson.core.util.InternCache::intern(Ljava/lang/String;)Ljava/lang/String;,com.fasterxml.jackson.core:jackson-core:2.12.4,3,false,false,
com.fasterxml.jackson.databind.ser.std.BooleanSerializer::createContextual(Lcom/fasterxml/jackson/databind/SerializerProvider;Lcom/fasterxml/jackson/databind/BeanProperty;)Lcom/fasterxml/jackson/databind/JsonSerializer;,com.fasterxml.jackson.core:jackson-databind:2.12.4,public,com.fasterxml.jackson.annotation.JsonFormat$Value::getShape()Lcom/fasterxml/jackson/annotation/JsonFormat$Shape;,com.fasterxml.jackson.core:jackson-annotations:2.12.4,com.fasterxml.jackson.annotation.JsonFormat$Value::getShape()Lcom/fasterxml/jackson/annotation/JsonFormat$Shape;,com.fasterxml.jackson.core:jackson-annotations:2.12.4,2,false,false,
net.javacrumbs.jsonunit.core.internal.Jackson2NodeFactory$Jackson2Node::getNodeType()Lnet/javacrumbs/jsonunit/core/internal/Node$NodeType;,net.javacrumbs.json-unit:json-unit-core:2.28.0,public,com.fasterxml.jackson.databind.JsonNode::isObject()Z,com.fasterxml.jackson.core:jackson-databind:2.12.4,com.fasterxml.jackson.databind.node.DoubleNode::isObject()Z,com.fasterxml.jackson.core:jackson-databind:2.12.4,4,false,false,
com.fasterxml.jackson.databind.util.TokenBuffer::writeStartArray(Ljava/lang/Object;I)V,com.fasterxml.jackson.core:jackson-databind:2.12.4,public,com.fasterxml.jackson.core.json.JsonWriteContext::writeValue()I,com.fasterxml.jackson.core:jackson-core:2.12.4,com.fasterxml.jackson.core.json.JsonWriteContext::writeValue()I,com.fasterxml.jackson.core:jackson-core:2.12.4,3,false,false,
com.fasterxml.jackson.databind.ObjectMapper::_readTreeAndClose(Lcom/fasterxml/jackson/core/JsonParser;)Lcom/fasterxml/jackson/databind/JsonNode;,com.fasterxml.jackson.core:jackson-databind:2.12.4,public,com.fasterxml.jackson.core.JsonParser::close()V,com.fasterxml.jackson.core:jackson-core:2.12.4,com.fasterxml.jackson.core.json.ReaderBasedJsonParser::close()V,com.fasterxml.jackson.core:jackson-core:2.12.4,73,false,false,
com.fasterxml.jackson.databind.deser.std.BaseNodeDeserializer::deserializeObject(Lcom/fasterxml/jackson/core/JsonParser;Lcom/fasterxml/jackson/databind/DeserializationContext;Lcom/fasterxml/jackson/databind/node/JsonNodeFactory;)Lcom/fasterxml/jackson/databind/node/ObjectNode;,com.fasterxml.jackson.core:jackson-databind:2.12.4,public,com.fasterxml.jackson.core.JsonParser::getText()Ljava/lang/String;,com.fasterxml.jackson.core:jackson-core:2.12.4,com.fasterxml.jackson.core.json.ReaderBasedJsonParser::getText()Ljava/lang/String;,com.fasterxml.jackson.core:jackson-core:2.12.4,15,false,false,
net.javacrumbs.jsonunit.core.internal.Jackson2NodeFactory::newNode(Lcom/fasterxml/jackson/databind/JsonNode;)Lnet/javacrumbs/jsonunit/core/internal/Node;,net.javacrumbs.json-unit:json-unit-core:2.28.0,public,com.fasterxml.jackson.databind.JsonNode::isMissingNode()Z,com.fasterxml.jackson.core:jackson-databind:2.12.4,com.fasterxml.jackson.databind.node.ObjectNode::isMissingNode()Z,com.fasterxml.jackson.core:jackson-databind:2.12.4,79,false,false,
net.javacrumbs.jsonunit.core.internal.GsonNodeFactory$GsonNode::getNodeType()Lnet/javacrumbs/jsonunit/core/internal/Node$NodeType;,net.javacrumbs.json-unit:json-unit-core:2.28.0,public,com.google.gson.JsonElement::isJsonObject()Z,com.google.code.gson:gson:2.8.8,com.google.gson.JsonArray::isJsonObject()Z,com.google.code.gson:gson:2.8.8,3,false,false,
net.javacrumbs.jsonunit.core.internal.GsonNodeFactory$GsonNode::getNodeType()Lnet/javacrumbs/jsonunit/core/internal/Node$NodeType;,net.javacrumbs.json-unit:json-unit-core:2.28.0,public,com.google.gson.JsonPrimitive::isString()Z,com.google.code.gson:gson:2.8.8,com.google.gson.JsonPrimitive::isString()Z,com.google.code.gson:gson:2.8.8,5,false,false,
net.javacrumbs.jsonunit.core.internal.Jackson2NodeFactory$Jackson2Node::getNodeType()Lnet/javacrumbs/jsonunit/core/internal/Node$NodeType;,net.javacrumbs.json-unit:json-unit-core:2.28.0,public,com.fasterxml.jackson.databind.JsonNode::isNumber()Z,com.fasterxml.jackson.core:jackson-databind:2.12.4,com.fasterxml.jackson.databind.node.DoubleNode::isNumber()Z,com.fasterxml.jackson.core:jackson-databind:2.12.4,4,false,false,
net.javacrumbs.jsonunit.core.internal.Jackson2NodeFactory$Jackson2Node::getNodeType()Lnet/javacrumbs/jsonunit/core/internal/Node$NodeType;,net.javacrumbs.json-unit:json-unit-core:2.28.0,public,com.fasterxml.jackson.databind.JsonNode::isTextual()Z,com.fasterxml.jackson.core:jackson-databind:2.12.4,com.fasterxml.jackson.databind.node.TextNode::isTextual()Z,com.fasterxml.jackson.core:jackson-databind:2.12.4,67,false,false,
net.javacrumbs.jsonunit.core.internal.Jackson2NodeFactory$Jackson2Node::isNull()Z,net.javacrumbs.json-unit:json-unit-core:2.28.0,public,com.fasterxml.jackson.databind.JsonNode::isNull()Z,com.fasterxml.jackson.core:jackson-databind:2.12.4,com.fasterxml.jackson.databind.node.NullNode::isNull()Z,com.fasterxml.jackson.core:jackson-databind:2.12.4,5,false,false,
com.fasterxml.jackson.databind.ser.BasicSerializerFactory::buildMapSerializer(Lcom/fasterxml/jackson/databind/SerializerProvider;Lcom/fasterxml/jackson/databind/type/MapType;Lcom/fasterxml/jackson/databind/BeanDescription;ZLcom/fasterxml/jackson/databind/JsonSerializer;Lcom/fasterxml/jackson/databind/jsontype/TypeSerializer;Lcom/fasterxml/jackson/databind/JsonSerializer;)Lcom/fasterxml/jackson/databind/JsonSerializer;,com.fasterxml.jackson.core:jackson-databind:2.12.4,public,com.fasterxml.jackson.annotation.JsonIncludeProperties$Value::getIncluded()Ljava/util/Set;,com.fasterxml.jackson.core:jackson-annotations:2.12.4,com.fasterxml.jackson.annotation.JsonIncludeProperties$Value::getIncluded()Ljava/util/Set;,com.fasterxml.jackson.core:jackson-annotations:2.12.4,1,false,false,
com.fasterxml.jackson.databind.ObjectMapper::ObjectMapper(Lcom/fasterxml/jackson/core/JsonFactory;Lcom/fasterxml/jackson/databind/ser/DefaultSerializerProvider;Lcom/fasterxml/jackson/databind/deser/DefaultDeserializationContext;)V,com.fasterxml.jackson.core:jackson-databind:2.12.4,public,com.fasterxml.jackson.core.JsonFactory::setCodec(Lcom/fasterxml/jackson/core/ObjectCodec;)Lcom/fasterxml/jackson/core/JsonFactory;,com.fasterxml.jackson.core:jackson-core:2.12.4,com.fasterxml.jackson.core.JsonFactory::setCodec(Lcom/fasterxml/jackson/core/ObjectCodec;)Lcom/fasterxml/jackson/core/JsonFactory;,com.fasterxml.jackson.core:jackson-core:2.12.4,1,false,false,instantiation
net.javacrumbs.jsonunit.core.internal.GsonNodeFactory$GsonNode::arrayElements()Ljava/util/Iterator;,net.javacrumbs.json-unit:json-unit-core:2.28.0,public,com.google.gson.JsonArray::iterator()Ljava/util/Iterator;,com.google.code.gson:gson:2.8.8,com.google.gson.JsonArray::iterator()Ljava/util/Iterator;,com.google.code.gson:gson:2.8.8,1,false,false,
net.javacrumbs.jsonunit.core.internal.JsonUnitLogger$SLF4JLogger::JsonUnitLogger$SLF4JLogger(Ljava/lang/String;)V,net.javacrumbs.json-unit:json-unit-core:2.28.0,public,org.slf4j.LoggerFactory::getLogger(Ljava/lang/String;)Lorg/slf4j/Logger;,org.slf4j:slf4j-api:1.7.32,org.slf4j.LoggerFactory::getLogger(Ljava/lang/String;)Lorg/slf4j/Logger;,org.slf4j:slf4j-api:1.7.32,2,false,false,
net.javacrumbs.jsonunit.core.internal.Jackson2NodeFactory::nullNode()Lnet/javacrumbs/jsonunit/core/internal/Node;,net.javacrumbs.json-unit:json-unit-core:2.28.0,public,com.fasterxml.jackson.databind.node.NullNode::getInstance()Lcom/fasterxml/jackson/databind/node/NullNode;,com.fasterxml.jackson.core:jackson-databind:2.12.4,com.fasterxml.jackson.databind.node.NullNode::getInstance()Lcom/fasterxml/jackson/databind/node/NullNode;,com.fasterxml.jackson.core:jackson-databind:2.12.4,4,false,false,
net.javacrumbs.jsonunit.core.internal.JsonOrgNodeFactory::readValue(Ljava/io/Reader;Ljava/lang/String;Z)Lnet/javacrumbs/jsonunit/core/internal/Node;,net.javacrumbs.json-unit:json-unit-core:2.28.0,public,org.json.JSONTokener::nextValue()Ljava/lang/Object;,org.json:json:20210307,org.json.JSONTokener::nextValue()Ljava/lang/Object;,org.json:json:20210307,6,false,false,
net.javacrumbs.jsonunit.core.internal.Jackson2NodeFactory$Jackson2Node::decimalValue()Ljava/math/BigDecimal;,net.javacrumbs.json-unit:json-unit-core:2.28.0,public,com.fasterxml.jackson.databind.JsonNode::decimalValue()Ljava/math/BigDecimal;,com.fasterxml.jackson.core:jackson-databind:2.12.4,com.fasterxml.jackson.databind.node.DoubleNode::decimalValue()Ljava/math/BigDecimal;,com.fasterxml.jackson.core:jackson-databind:2.12.4,1,false,false,
net.javacrumbs.jsonunit.core.internal.Jackson2NodeFactory$Jackson2Node::getNodeType()Lnet/javacrumbs/jsonunit/core/internal/Node$NodeType;,net.javacrumbs.json-unit:json-unit-core:2.28.0,public,com.fasterxml.jackson.databind.JsonNode::isObject()Z,com.fasterxml.jackson.core:jackson-databind:2.12.4,com.fasterxml.jackson.databind.node.ObjectNode::isObject()Z,com.fasterxml.jackson.core:jackson-databind:2.12.4,146,false,false,
net.javacrumbs.jsonunit.core.internal.Jackson2NodeFactory$Jackson2Node::getNodeType()Lnet/javacrumbs/jsonunit/core/internal/Node$NodeType;,net.javacrumbs.json-unit:json-unit-core:2.28.0,public,com.fasterxml.jackson.databind.JsonNode::isArray()Z,com.fasterxml.jackson.core:jackson-databind:2.12.4,com.fasterxml.jackson.databind.node.DoubleNode::isArray()Z,com.fasterxml.jackson.core:jackson-databind:2.12.4,4,false,false,
net.javacrumbs.jsonunit.core.internal.Jackson2NodeFactory$Jackson2Node::getNodeType()Lnet/javacrumbs/jsonunit/core/internal/Node$NodeType;,net.javacrumbs.json-unit:json-unit-core:2.28.0,public,com.fasterxml.jackson.databind.JsonNode::isTextual()Z,com.fasterxml.jackson.core:jackson-databind:2.12.4,com.fasterxml.jackson.databind.node.NullNode::isTextual()Z,com.fasterxml.jackson.core:jackson-databind:2.12.4,9,false,false,
okio.Buffer::indexOfElement(Lokio/ByteString;J)J,com.squareup.okio:okio:2.10.0,public,kotlin.jvm.internal.Intrinsics::checkNotNullParameter(Ljava/lang/Object;Ljava/lang/String;)V,org.jetbrains.kotlin:kotlin-stdlib:1.4.31,kotlin.jvm.internal.Intrinsics::checkNotNullParameter(Ljava/lang/Object;Ljava/lang/String;)V,org.jetbrains.kotlin:kotlin-stdlib:1.4.31,5,false,false,
net.javacrumbs.jsonunit.core.internal.Jackson2NodeFactory$Jackson2Node::getNodeType()Lnet/javacrumbs/jsonunit/core/internal/Node$NodeType;,net.javacrumbs.json-unit:json-unit-core:2.28.0,public,com.fasterxml.jackson.databind.JsonNode::isTextual()Z,com.fasterxml.jackson.core:jackson-databind:2.12.4,com.fasterxml.jackson.databind.node.DoubleNode::isTextual()Z,com.fasterxml.jackson.core:jackson-databind:2.12.4,4,false,false,
com.fasterxml.jackson.databind.ser.BasicSerializerFactory::buildMapSerializer(Lcom/fasterxml/jackson/databind/SerializerProvider;Lcom/fasterxml/jackson/databind/type/MapType;Lcom/fasterxml/jackson/databind/BeanDescription;ZLcom/fasterxml/jackson/databind/JsonSerializer;Lcom/fasterxml/jackson/databind/jsontype/TypeSerializer;Lcom/fasterxml/jackson/databind/JsonSerializer;)Lcom/fasterxml/jackson/databind/JsonSerializer;,com.fasterxml.jackson.core:jackson-databind:2.12.4,public,com.fasterxml.jackson.annotation.JsonFormat$Value::getShape()Lcom/fasterxml/jackson/annotation/JsonFormat$Shape;,com.fasterxml.jackson.core:jackson-annotations:2.12.4,com.fasterxml.jackson.annotation.JsonFormat$Value::getShape()Lcom/fasterxml/jackson/annotation/JsonFormat$Shape;,com.fasterxml.jackson.core:jackson-annotations:2.12.4,1,false,false,
com.fasterxml.jackson.databind.util.TokenBuffer::writeEndObject()V,com.fasterxml.jackson.core:jackson-databind:2.12.4,public,com.fasterxml.jackson.core.json.JsonWriteContext::getParent()Lcom/fasterxml/jackson/core/json/JsonWriteContext;,com.fasterxml.jackson.core:jackson-core:2.12.4,com.fasterxml.jackson.core.json.JsonWriteContext::getParent()Lcom/fasterxml/jackson/core/json/JsonWriteContext;,com.fasterxml.jackson.core:jackson-core:2.12.4,1,false,false,
com.fasterxml.jackson.databind.ser.BasicSerializerFactory::buildMapSerializer(Lcom/fasterxml/jackson/databind/SerializerProvider;Lcom/fasterxml/jackson/databind/type/MapType;Lcom/fasterxml/jackson/databind/BeanDescription;ZLcom/fasterxml/jackson/databind/JsonSerializer;Lcom/fasterxml/jackson/databind/jsontype/TypeSerializer;Lcom/fasterxml/jackson/databind/JsonSerializer;)Lcom/fasterxml/jackson/databind/JsonSerializer;,com.fasterxml.jackson.core:jackson-databind:2.12.4,public,com.fasterxml.jackson.annotation.JsonIgnoreProperties$Value::findIgnoredForSerialization()Ljava/util/Set;,com.fasterxml.jackson.core:jackson-annotations:2.12.4,com.fasterxml.jackson.annotation.JsonIgnoreProperties$Value::findIgnoredForSerialization()Ljava/util/Set;,com.fasterxml.jackson.core:jackson-annotations:2.12.4,1,false,false,
com.fasterxml.jackson.core.JsonFactory::createParser(Ljava/lang/String;)Lcom/fasterxml/jackson/core/JsonParser;,com.fasterxml.jackson.core:jackson-core:2.12.4,public,com.fasterxml.jackson.core.JsonFactory::canUseCharArrays()Z,com.fasterxml.jackson.core:jackson-core:2.12.4,com.fasterxml.jackson.databind.MappingJsonFactory::canUseCharArrays()Z,com.fasterxml.jackson.core:jackson-databind:2.12.4,10,false,false,
com.fasterxml.jackson.databind.ObjectWriter::writeValueAsString(Ljava/lang/Object;)Ljava/lang/String;,com.fasterxml.jackson.core:jackson-databind:2.12.4,public,com.fasterxml.jackson.core.JsonFactory::_getBufferRecycler()Lcom/fasterxml/jackson/core/util/BufferRecycler;,com.fasterxml.jackson.core:jackson-core:2.12.4,com.fasterxml.jackson.core.JsonFactory::_getBufferRecycler()Lcom/fasterxml/jackson/core/util/BufferRecycler;,com.fasterxml.jackson.core:jackson-core:2.12.4,2,false,false,instantiation
com.fasterxml.jackson.databind.deser.std.BaseNodeDeserializer::deserializeAny(Lcom/fasterxml/jackson/core/JsonParser;Lcom/fasterxml/jackson/databind/DeserializationContext;Lcom/fasterxml/jackson/databind/node/JsonNodeFactory;)Lcom/fasterxml/jackson/databind/JsonNode;,com.fasterxml.jackson.core:jackson-databind:2.12.4,public,com.fasterxml.jackson.core.JsonParser::getText()Ljava/lang/String;,com.fasterxml.jackson.core:jackson-core:2.12.4,com.fasterxml.jackson.core.json.ReaderBasedJsonParser::getText()Ljava/lang/String;,com.fasterxml.jackson.core:jackson-core:2.12.4,2,false,false,
com.fasterxml.jackson.databind.introspect.JacksonAnnotationIntrospector::findPropertyIgnoralByName(Lcom/fasterxml/jackson/databind/cfg/MapperConfig;Lcom/fasterxml/jackson/databind/introspect/Annotated;)Lcom/fasterxml/jackson/annotation/JsonIgnoreProperties$Value;,com.fasterxml.jackson.core:jackson-databind:2.12.4,public,com.fasterxml.jackson.annotation.JsonIgnoreProperties$Value::empty()Lcom/fasterxml/jackson/annotation/JsonIgnoreProperties$Value;,com.fasterxml.jackson.core:jackson-annotations:2.12.4,com.fasterxml.jackson.annotation.JsonIgnoreProperties$Value::empty()Lcom/fasterxml/jackson/annotation/JsonIgnoreProperties$Value;,com.fasterxml.jackson.core:jackson-annotations:2.12.4,1,false,false,
net.javacrumbs.jsonunit.core.internal.Jackson2NodeFactory$Jackson2Node::getNodeType()Lnet/javacrumbs/jsonunit/core/internal/Node$NodeType;,net.javacrumbs.json-unit:json-unit-core:2.28.0,public,com.fasterxml.jackson.databind.JsonNode::isArray()Z,com.fasterxml.jackson.core:jackson-databind:2.12.4,com.fasterxml.jackson.databind.node.ArrayNode::isArray()Z,com.fasterxml.jackson.core:jackson-databind:2.12.4,80,false,false,
net.javacrumbs.jsonunit.core.internal.Jackson2NodeFactory::newNode(Lcom/fasterxml/jackson/databind/JsonNode;)Lnet/javacrumbs/jsonunit/core/internal/Node;,net.javacrumbs.json-unit:json-unit-core:2.28.0,public,com.fasterxml.jackson.databind.JsonNode::isMissingNode()Z,com.fasterxml.jackson.core:jackson-databind:2.12.4,com.fasterxml.jackson.databind.node.NullNode::isMissingNode()Z,com.fasterxml.jackson.core:jackson-databind:2.12.4,8,false,false,
okio.Segment::pop()Lokio/Segment;,com.squareup.okio:okio:2.10.0,public,kotlin.jvm.internal.Intrinsics::checkNotNull(Ljava/lang/Object;)V,org.jetbrains.kotlin:kotlin-stdlib:1.4.31,kotlin.jvm.internal.Intrinsics::checkNotNull(Ljava/lang/Object;)V,org.jetbrains.kotlin:kotlin-stdlib:1.4.31,12,false,false,
net.javacrumbs.jsonunit.core.internal.Jackson2NodeFactory$Jackson2Node::getNodeType()Lnet/javacrumbs/jsonunit/core/internal/Node$NodeType;,net.javacrumbs.json-unit:json-unit-core:2.28.0,public,com.fasterxml.jackson.databind.JsonNode::isNumber()Z,com.fasterxml.jackson.core:jackson-databind:2.12.4,com.fasterxml.jackson.databind.node.IntNode::isNumber()Z,com.fasterxml.jackson.core:jackson-databind:2.12.4,237,false,false,
com.fasterxml.jackson.core.type.ResolvedType::isReferenceType()Z,com.fasterxml.jackson.core:jackson-core:2.12.4,public,com.fasterxml.jackson.core.type.ResolvedType::getReferencedType()Lcom/fasterxml/jackson/core/type/ResolvedType;,com.fasterxml.jackson.core:jackson-core:2.12.4,com.fasterxml.jackson.databind.type.SimpleType::getReferencedType()Lcom/fasterxml/jackson/core/type/ResolvedType;,com.fasterxml.jackson.core:jackson-databind:2.12.4,9,false,false,
net.javacrumbs.jsonunit.core.internal.JsonOrgNodeFactory$JSONArrayNode::arrayElements()Ljava/util/Iterator;,net.javacrumbs.json-unit:json-unit-core:2.28.0,public,org.json.JSONArray::iterator()Ljava/util/Iterator;,org.json:json:20210307,org.json.JSONArray::iterator()Ljava/util/Iterator;,org.json:json:20210307,1,false,false,
com.fasterxml.jackson.databind.cfg.MapperConfigBase::getDefaultPropertyIgnorals(Ljava/lang/Class;Lcom/fasterxml/jackson/databind/introspect/AnnotatedClass;)Lcom/fasterxml/jackson/annotation/JsonIgnoreProperties$Value;,com.fasterxml.jackson.core:jackson-databind:2.12.4,public,com.fasterxml.jackson.annotation.JsonIgnoreProperties$Value::merge(Lcom/fasterxml/jackson/annotation/JsonIgnoreProperties$Value;Lcom/fasterxml/jackson/annotation/JsonIgnoreProperties$Value;)Lcom/fasterxml/jackson/annotation/JsonIgnoreProperties$Value;,com.fasterxml.jackson.core:jackson-annotations:2.12.4,com.fasterxml.jackson.annotation.JsonIgnoreProperties$Value::merge(Lcom/fasterxml/jackson/annotation/JsonIgnoreProperties$Value;Lcom/fasterxml/jackson/annotation/JsonIgnoreProperties$Value;)Lcom/fasterxml/jackson/annotation/JsonIgnoreProperties$Value;,com.fasterxml.jackson.core:jackson-annotations:2.12.4,1,false,false,
net.javacrumbs.jsonunit.core.internal.Jackson2NodeFactory::doConvertValue(Ljava/lang/Object;)Lnet/javacrumbs/jsonunit/core/internal/Node;,net.javacrumbs.json-unit:json-unit-core:2.28.0,public,com.fasterxml.jackson.databind.ObjectMapper::convertValue(Ljava/lang/Object;Ljava/lang/Class;)Ljava/lang/Object;,com.fasterxml.jackson.core:jackson-databind:2.12.4,com.fasterxml.jackson.databind.ObjectMapper::convertValue(Ljava/lang/Object;Ljava/lang/Class;)Ljava/lang/Object;,com.fasterxml.jackson.core:jackson-databind:2.12.4,17,false,false,
com.fasterxml.jackson.core.JsonFactory::createParser(Ljava/lang/String;)Lcom/fasterxml/jackson/core/JsonParser;,com.fasterxml.jackson.core:jackson-core:2.12.4,protected,com.fasterxml.jackson.core.JsonFactory::_createParser([CIILcom/fasterxml/jackson/core/io/IOContext;Z)Lcom/fasterxml/jackson/core/JsonParser;,com.fasterxml.jackson.core:jackson-core:2.12.4,com.fasterxml.jackson.databind.MappingJsonFactory::_createParser([CIILcom/fasterxml/jackson/core/io/IOContext;Z)Lcom/fasterxml/jackson/core/JsonParser;,com.fasterxml.jackson.core:jackson-databind:2.12.4,10,false,false,
net.javacrumbs.jsonunit.core.internal.GsonNodeFactory$GsonNode::getNodeType()Lnet/javacrumbs/jsonunit/core/internal/Node$NodeType;,net.javacrumbs.json-unit:json-unit-core:2.28.0,public,com.google.gson.JsonPrimitive::isNumber()Z,com.google.code.gson:gson:2.8.8,com.google.gson.JsonPrimitive::isNumber()Z,com.google.code.gson:gson:2.8.8,4,false,false,
com.fasterxml.jackson.databind.ser.BasicSerializerFactory::buildCollectionSerializer(Lcom/fasterxml/jackson/databind/SerializerProvider;Lcom/fasterxml/jackson/databind/type/CollectionType;Lcom/fasterxml/jackson/databind/BeanDescription;ZLcom/fasterxml/jackson/databind/jsontype/TypeSerializer;Lcom/fasterxml/jackson/databind/JsonSerializer;)Lcom/fasterxml/jackson/databind/JsonSerializer;,com.fasterxml.jackson.core:jackson-databind:2.12.4,public,com.fasterxml.jackson.annotation.JsonFormat$Value::getShape()Lcom/fasterxml/jackson/annotation/JsonFormat$Shape;,com.fasterxml.jackson.core:jackson-annotations:2.12.4,com.fasterxml.jackson.annotation.JsonFormat$Value::getShape()Lcom/fasterxml/jackson/annotation/JsonFormat$Shape;,com.fasterxml.jackson.core:jackson-annotations:2.12.4,1,false,false,
net.javacrumbs.jsonunit.core.internal.GsonNodeFactory$GsonNode::isNull()Z,net.javacrumbs.json-unit:json-unit-core:2.28.0,public,com.google.gson.JsonElement::isJsonNull()Z,com.google.code.gson:gson:2.8.8,com.google.gson.JsonNull::isJsonNull()Z,com.google.code.gson:gson:2.8.8,1,false,false,
com.fasterxml.jackson.databind.ser.std.BooleanSerializer::createContextual(Lcom/fasterxml/jackson/databind/SerializerProvider;Lcom/fasterxml/jackson/databind/BeanProperty;)Lcom/fasterxml/jackson/databind/JsonSerializer;,com.fasterxml.jackson.core:jackson-databind:2.12.4,public,com.fasterxml.jackson.annotation.JsonFormat$Shape::isNumeric()Z,com.fasterxml.jackson.core:jackson-annotations:2.12.4,com.fasterxml.jackson.annotation.JsonFormat$Shape::isNumeric()Z,com.fasterxml.jackson.core:jackson-annotations:2.12.4,2,false,false,
okio.-Platform::asUtf8ToByteArray(Ljava/lang/String;)[B,com.squareup.okio:okio:2.10.0,public,kotlin.jvm.internal.Intrinsics::checkNotNullParameter(Ljava/lang/Object;Ljava/lang/String;)V,org.jetbrains.kotlin:kotlin-stdlib:1.4.31,kotlin.jvm.internal.Intrinsics::checkNotNullParameter(Ljava/lang/Object;Ljava/lang/String;)V,org.jetbrains.kotlin:kotlin-stdlib:1.4.31,5,false,false,
com.fasterxml.jackson.databind.ObjectMapper::_readTreeAndClose(Lcom/fasterxml/jackson/core/JsonParser;)Lcom/fasterxml/jackson/databind/JsonNode;,com.fasterxml.jackson.core:jackson-databind:2.12.4,public,com.fasterxml.jackson.core.JsonParser::currentToken()Lcom/fasterxml/jackson/core/JsonToken;,com.fasterxml.jackson.core:jackson-core:2.12.4,com.fasterxml.jackson.core.json.ReaderBasedJsonParser::currentToken()Lcom/fasterxml/jackson/core/JsonToken;,com.fasterxml.jackson.core:jackson-core:2.12.4,73,false,false,
com.fasterxml.jackson.databind.util.TokenBuffer$Segment::set(ILcom/fasterxml/jackson/core/JsonToken;)V,com.fasterxml.jackson.core:jackson-databind:2.12.4,public,com.fasterxml.jackson.core.JsonToken::ordinal()I,com.fasterxml.jackson.core:jackson-core:2.12.4,com.fasterxml.jackson.core.JsonToken::ordinal()I,com.fasterxml.jackson.core:jackson-core:2.12.4,13,false,false,
com.fasterxml.jackson.databind.cfg.ConfigOverrides::ConfigOverrides()V,com.fasterxml.jackson.core:jackson-databind:2.12.4,public,com.fasterxml.jackson.annotation.JsonSetter$Value::empty()Lcom/fasterxml/jackson/annotation/JsonSetter$Value;,com.fasterxml.jackson.core:jackson-annotations:2.12.4,com.fasterxml.jackson.annotation.JsonSetter$Value::empty()Lcom/fasterxml/jackson/annotation/JsonSetter$Value;,com.fasterxml.jackson.core:jackson-annotations:2.12.4,4,false,false,
net.javacrumbs.jsonunit.core.internal.Jackson2NodeFactory$Jackson2Node::size()I,net.javacrumbs.json-unit:json-unit-core:2.28.0,public,com.fasterxml.jackson.databind.JsonNode::size()I,com.fasterxml.jackson.core:jackson-databind:2.12.4,com.fasterxml.jackson.databind.node.ArrayNode::size()I,com.fasterxml.jackson.core:jackson-databind:2.12.4,3,false,false,
net.javacrumbs.jsonunit.core.internal.MoshiNodeFactory::readValue(Ljava/lang/String;Ljava/lang/String;Z)Lnet/javacrumbs/jsonunit/core/internal/Node;,net.javacrumbs.json-unit:json-unit-core:2.28.0,public,com.squareup.moshi.JsonAdapter::fromJson(Ljava/lang/String;)Ljava/lang/Object;,com.squareup.moshi:moshi:1.12.0,com.squareup.moshi.internal.NullSafeJsonAdapter::fromJson(Ljava/lang/String;)Ljava/lang/Object;,com.squareup.moshi:moshi:1.12.0,6,false,false,
org.apache.johnzon.mapper.MapperBuilder::build()Lorg/apache/johnzon/mapper/Mapper;,org.apache.johnzon:johnzon-mapper:1.2.14,public,javax.json.spi.JsonProvider::provider()Ljavax/json/spi/JsonProvider;,org.apache.geronimo.specs:geronimo-json_1.1_spec:1.5,javax.json.spi.JsonProvider::provider()Ljavax/json/spi/JsonProvider;,org.apache.geronimo.specs:geronimo-json_1.1_spec:1.5,1,false,false,
com.fasterxml.jackson.databind.ObjectMapper::ObjectMapper(Lcom/fasterxml/jackson/core/JsonFactory;Lcom/fasterxml/jackson/databind/ser/DefaultSerializerProvider;Lcom/fasterxml/jackson/databind/deser/DefaultDeserializationContext;)V,com.fasterxml.jackson.core:jackson-databind:2.12.4,public,com.fasterxml.jackson.core.JsonFactory::requiresPropertyOrdering()Z,com.fasterxml.jackson.core:jackson-core:2.12.4,com.fasterxml.jackson.core.JsonFactory::requiresPropertyOrdering()Z,com.fasterxml.jackson.core:jackson-core:2.12.4,1,false,false,instantiation
com.fasterxml.jackson.databind.deser.std.BaseNodeDeserializer::deserializeObject(Lcom/fasterxml/jackson/core/JsonParser;Lcom/fasterxml/jackson/databind/DeserializationContext;Lcom/fasterxml/jackson/databind/node/JsonNodeFactory;)Lcom/fasterxml/jackson/databind/node/ObjectNode;,com.fasterxml.jackson.core:jackson-databind:2.12.4,public,com.fasterxml.jackson.core.JsonToken::id()I,com.fasterxml.jackson.core:jackson-core:2.12.4,com.fasterxml.jackson.core.JsonToken::id()I,com.fasterxml.jackson.core:jackson-core:2.12.4,82,false,false,
com.fasterxml.jackson.databind.introspect.JacksonAnnotationIntrospector::findPropertyInclusionByName(Lcom/fasterxml/jackson/databind/cfg/MapperConfig;Lcom/fasterxml/jackson/databind/introspect/Annotated;)Lcom/fasterxml/jackson/annotation/JsonIncludeProperties$Value;,com.fasterxml.jackson.core:jackson-databind:2.12.4,public,com.fasterxml.jackson.annotation.JsonIncludeProperties$Value::all()Lcom/fasterxml/jackson/annotation/JsonIncludeProperties$Value;,com.fasterxml.jackson.core:jackson-annotations:2.12.4,com.fasterxml.jackson.annotation.JsonIncludeProperties$Value::all()Lcom/fasterxml/jackson/annotation/JsonIncludeProperties$Value;,com.fasterxml.jackson.core:jackson-annotations:2.12.4,1,false,false,
net.javacrumbs.jsonunit.core.internal.Jackson2NodeFactory$Jackson2Node::getNodeType()Lnet/javacrumbs/jsonunit/core/internal/Node$NodeType;,net.javacrumbs.json-unit:json-unit-core:2.28.0,public,com.fasterxml.jackson.databind.JsonNode::isObject()Z,com.fasterxml.jackson.core:jackson-databind:2.12.4,com.fasterxml.jackson.databind.node.ArrayNode::isObject()Z,com.fasterxml.jackson.core:jackson-databind:2.12.4,80,false,false,
net.javacrumbs.jsonunit.core.internal.Jackson2NodeFactory$Jackson2Node::asText()Ljava/lang/String;,net.javacrumbs.json-unit:json-unit-core:2.28.0,public,com.fasterxml.jackson.databind.JsonNode::asText()Ljava/lang/String;,com.fasterxml.jackson.core:jackson-databind:2.12.4,com.fasterxml.jackson.databind.node.TextNode::asText()Ljava/lang/String;,com.fasterxml.jackson.core:jackson-databind:2.12.4,62,false,false,
org.apache.johnzon.mapper.MapperBuilder::build()Lorg/apache/johnzon/mapper/Mapper;,org.apache.johnzon:johnzon-mapper:1.2.14,public,javax.json.spi.JsonProvider::createGeneratorFactory(Ljava/util/Map;)Ljavax/json/stream/JsonGeneratorFactory;,org.apache.geronimo.specs:geronimo-json_1.1_spec:1.5,org.apache.johnzon.core.JsonProviderImpl::createGeneratorFactory(Ljava/util/Map;)Ljavax/json/stream/JsonGeneratorFactory;,org.apache.johnzon:johnzon-core:1.2.14,1,false,false,
com.fasterxml.jackson.databind.cfg.ConfigOverrides::ConfigOverrides()V,com.fasterxml.jackson.core:jackson-databind:2.12.4,public,com.fasterxml.jackson.annotation.JsonInclude$Value::empty()Lcom/fasterxml/jackson/annotation/JsonInclude$Value;,com.fasterxml.jackson.core:jackson-annotations:2.12.4,com.fasterxml.jackson.annotation.JsonInclude$Value::empty()Lcom/fasterxml/jackson/annotation/JsonInclude$Value;,com.fasterxml.jackson.core:jackson-annotations:2.12.4,4,false,false,
com.fasterxml.jackson.core.JsonGenerator::writeArray([III)V,com.fasterxml.jackson.core:jackson-core:2.12.4,public,com.fasterxml.jackson.core.JsonGenerator::writeEndArray()V,com.fasterxml.jackson.core:jackson-core:2.12.4,com.fasterxml.jackson.databind.util.TokenBuffer::writeEndArray()V,com.fasterxml.jackson.core:jackson-databind:2.12.4,2,false,false,
com.fasterxml.jackson.databind.util.TokenBuffer::TokenBuffer(Lcom/fasterxml/jackson/core/ObjectCodec;Z)V,com.fasterxml.jackson.core:jackson-databind:2.12.4,public,com.fasterxml.jackson.core.json.JsonWriteContext::createRootContext(Lcom/fasterxml/jackson/core/json/DupDetector;)Lcom/fasterxml/jackson/core/json/JsonWriteContext;,com.fasterxml.jackson.core:jackson-core:2.12.4,com.fasterxml.jackson.core.json.JsonWriteContext::createRootContext(Lcom/fasterxml/jackson/core/json/DupDetector;)Lcom/fasterxml/jackson/core/json/JsonWriteContext;,com.fasterxml.jackson.core:jackson-core:2.12.4,17,false,false,
com.fasterxml.jackson.databind.ObjectMapper::ObjectMapper(Lcom/fasterxml/jackson/core/JsonFactory;Lcom/fasterxml/jackson/databind/ser/DefaultSerializerProvider;Lcom/fasterxml/jackson/databind/deser/DefaultDeserializationContext;)V,com.fasterxml.jackson.core:jackson-databind:2.12.4,public,com.fasterxml.jackson.core.JsonFactory::getCodec()Lcom/fasterxml/jackson/core/ObjectCodec;,com.fasterxml.jackson.core:jackson-core:2.12.4,com.fasterxml.jackson.core.JsonFactory::getCodec()Lcom/fasterxml/jackson/core/ObjectCodec;,com.fasterxml.jackson.core:jackson-core:2.12.4,1,false,false,instantiation
net.javacrumbs.jsonunit.core.internal.Jackson2NodeFactory::newNode(Lcom/fasterxml/jackson/databind/JsonNode;)Lnet/javacrumbs/jsonunit/core/internal/Node;,net.javacrumbs.json-unit:json-unit-core:2.28.0,public,com.fasterxml.jackson.databind.JsonNode::isMissingNode()Z,com.fasterxml.jackson.core:jackson-databind:2.12.4,com.fasterxml.jackson.databind.node.ArrayNode::isMissingNode()Z,com.fasterxml.jackson.core:jackson-databind:2.12.4,34,false,false,
okio.-Platform::asUtf8ToByteArray(Ljava/lang/String;)[B,com.squareup.okio:okio:2.10.0,public,kotlin.jvm.internal.Intrinsics::checkNotNullExpressionValue(Ljava/lang/Object;Ljava/lang/String;)V,org.jetbrains.kotlin:kotlin-stdlib:1.4.31,kotlin.jvm.internal.Intrinsics::checkNotNullExpressionValue(Ljava/lang/Object;Ljava/lang/String;)V,org.jetbrains.kotlin:kotlin-stdlib:1.4.31,5,false,false,
com.fasterxml.jackson.databind.ser.std.NumberSerializers$Base::createContextual(Lcom/fasterxml/jackson/databind/SerializerProvider;Lcom/fasterxml/jackson/databind/BeanProperty;)Lcom/fasterxml/jackson/databind/JsonSerializer;,com.fasterxml.jackson.core:jackson-databind:2.12.4,public,com.fasterxml.jackson.annotation.JsonFormat$Value::getShape()Lcom/fasterxml/jackson/annotation/JsonFormat$Shape;,com.fasterxml.jackson.core:jackson-annotations:2.12.4,com.fasterxml.jackson.annotation.JsonFormat$Value::getShape()Lcom/fasterxml/jackson/annotation/JsonFormat$Shape;,com.fasterxml.jackson.core:jackson-annotations:2.12.4,3,false,false,
com.fasterxml.jackson.databind.ser.std.MapSerializer::createContextual(Lcom/fasterxml/jackson/databind/SerializerProvider;Lcom/fasterxml/jackson/databind/BeanProperty;)Lcom/fasterxml/jackson/databind/JsonSerializer;,com.fasterxml.jackson.core:jackson-databind:2.12.4,public,com.fasterxml.jackson.annotation.JsonFormat$Value::getFeature(Lcom/fasterxml/jackson/annotation/JsonFormat$Feature;)Ljava/lang/Boolean;,com.fasterxml.jackson.core:jackson-annotations:2.12.4,com.fasterxml.jackson.annotation.JsonFormat$Value::getFeature(Lcom/fasterxml/jackson/annotation/JsonFormat$Feature;)Ljava/lang/Boolean;,com.fasterxml.jackson.core:jackson-annotations:2.12.4,1,false,false,
net.javacrumbs.jsonunit.core.internal.Jackson2NodeFactory::readValue(Ljava/io/Reader;Ljava/lang/String;Z)Lnet/javacrumbs/jsonunit/core/internal/Node;,net.javacrumbs.json-unit:json-unit-core:2.28.0,public,com.fasterxml.jackson.databind.ObjectMapper::readTree(Ljava/io/Reader;)Lcom/fasterxml/jackson/databind/JsonNode;,com.fasterxml.jackson.core:jackson-databind:2.12.4,com.fasterxml.jackson.databind.ObjectMapper::readTree(Ljava/io/Reader;)Lcom/fasterxml/jackson/databind/JsonNode;,com.fasterxml.jackson.core:jackson-databind:2.12.4,63,false,false,
com.fasterxml.jackson.databind.deser.std.BaseNodeDeserializer::_fromInt(Lcom/fasterxml/jackson/core/JsonParser;Lcom/fasterxml/jackson/databind/DeserializationContext;Lcom/fasterxml/jackson/databind/node/JsonNodeFactory;)Lcom/fasterxml/jackson/databind/JsonNode;,com.fasterxml.jackson.core:jackson-databind:2.12.4,public,com.fasterxml.jackson.core.JsonParser::getNumberType()Lcom/fasterxml/jackson/core/JsonParser$NumberType;,com.fasterxml.jackson.core:jackson-core:2.12.4,com.fasterxml.jackson.core.json.ReaderBasedJsonParser::getNumberType()Lcom/fasterxml/jackson/core/JsonParser$NumberType;,com.fasterxml.jackson.core:jackson-core:2.12.4,67,false,false,
net.javacrumbs.jsonunit.core.internal.GsonNodeFactory::doConvertValue(Ljava/lang/Object;)Lnet/javacrumbs/jsonunit/core/internal/Node;,net.javacrumbs.json-unit:json-unit-core:2.28.0,public,com.google.gson.Gson::toJsonTree(Ljava/lang/Object;)Lcom/google/gson/JsonElement;,com.google.code.gson:gson:2.8.8,com.google.gson.Gson::toJsonTree(Ljava/lang/Object;)Lcom/google/gson/JsonElement;,com.google.code.gson:gson:2.8.8,2,false,false,
net.javacrumbs.jsonunit.core.internal.Jackson2NodeFactory::newNode(Lcom/fasterxml/jackson/databind/JsonNode;)Lnet/javacrumbs/jsonunit/core/internal/Node;,net.javacrumbs.json-unit:json-unit-core:2.28.0,public,com.fasterxml.jackson.databind.JsonNode::isMissingNode()Z,com.fasterxml.jackson.core:jackson-databind:2.12.4,com.fasterxml.jackson.databind.node.TextNode::isMissingNode()Z,com.fasterxml.jackson.core:jackson-databind:2.12.4,57,false,false,
net.javacrumbs.jsonunit.core.internal.GsonNodeFactory$GsonNode::getNodeType()Lnet/javacrumbs/jsonunit/core/internal/Node$NodeType;,net.javacrumbs.json-unit:json-unit-core:2.28.0,public,com.google.gson.JsonElement::isJsonArray()Z,com.google.code.gson:gson:2.8.8,com.google.gson.JsonArray::isJsonArray()Z,com.google.code.gson:gson:2.8.8,3,false,false,
com.fasterxml.jackson.databind.ser.BasicSerializerFactory::_checkMapContentInclusion(Lcom/fasterxml/jackson/databind/SerializerProvider;Lcom/fasterxml/jackson/databind/BeanDescription;Lcom/fasterxml/jackson/databind/ser/std/MapSerializer;)Lcom/fasterxml/jackson/databind/ser/std/MapSerializer;,com.fasterxml.jackson.core:jackson-databind:2.12.4,public,com.fasterxml.jackson.annotation.JsonInclude$Value::getContentInclusion()Lcom/fasterxml/jackson/annotation/JsonInclude$Include;,com.fasterxml.jackson.core:jackson-annotations:2.12.4,com.fasterxml.jackson.annotation.JsonInclude$Value::getContentInclusion()Lcom/fasterxml/jackson/annotation/JsonInclude$Include;,com.fasterxml.jackson.core:jackson-annotations:2.12.4,1,false,false,
com.fasterxml.jackson.databind.introspect.VisibilityChecker$Std::isFieldVisible(Ljava/lang/reflect/Field;)Z,com.fasterxml.jackson.core:jackson-databind:2.12.4,public,com.fasterxml.jackson.annotation.JsonAutoDetect$Visibility::isVisible(Ljava/lang/reflect/Member;)Z,com.fasterxml.jackson.core:jackson-annotations:2.12.4,com.fasterxml.jackson.annotation.JsonAutoDetect$Visibility::isVisible(Ljava/lang/reflect/Member;)Z,com.fasterxml.jackson.core:jackson-annotations:2.12.4,1,false,false,
net.javacrumbs.jsonunit.core.internal.Jackson2NodeFactory$Jackson2Node::getNodeType()Lnet/javacrumbs/jsonunit/core/internal/Node$NodeType;,net.javacrumbs.json-unit:json-unit-core:2.28.0,public,com.fasterxml.jackson.databind.JsonNode::isTextual()Z,com.fasterxml.jackson.core:jackson-databind:2.12.4,com.fasterxml.jackson.databind.node.IntNode::isTextual()Z,com.fasterxml.jackson.core:jackson-databind:2.12.4,237,false,false,
net.javacrumbs.jsonunit.core.internal.Jackson2NodeFactory$Jackson2Node::arrayElements()Ljava/util/Iterator;,net.javacrumbs.json-unit:json-unit-core:2.28.0,public,com.fasterxml.jackson.databind.JsonNode::elements()Ljava/util/Iterator;,com.fasterxml.jackson.core:jackson-databind:2.12.4,com.fasterxml.jackson.databind.node.ArrayNode::elements()Ljava/util/Iterator;,com.fasterxml.jackson.core:jackson-databind:2.12.4,31,false,false,
okio.Buffer::getByte(J)B,com.squareup.okio:okio:2.10.0,public,kotlin.jvm.internal.Intrinsics::checkNotNull(Ljava/lang/Object;)V,org.jetbrains.kotlin:kotlin-stdlib:1.4.31,kotlin.jvm.internal.Intrinsics::checkNotNull(Ljava/lang/Object;)V,org.jetbrains.kotlin:kotlin-stdlib:1.4.31,57,false,false,
net.javacrumbs.jsonunit.core.internal.Jackson2NodeFactory$Jackson2Node::decimalValue()Ljava/math/BigDecimal;,net.javacrumbs.json-unit:json-unit-core:2.28.0,public,com.fasterxml.jackson.databind.JsonNode::decimalValue()Ljava/math/BigDecimal;,com.fasterxml.jackson.core:jackson-databind:2.12.4,com.fasterxml.jackson.databind.node.IntNode::decimalValue()Ljava/math/BigDecimal;,com.fasterxml.jackson.core:jackson-databind:2.12.4,98,false,false,
net.javacrumbs.jsonunit.core.internal.GsonNodeFactory$GsonNode::element(I)Lnet/javacrumbs/jsonunit/core/internal/Node;,net.javacrumbs.json-unit:json-unit-core:2.28.0,public,com.google.gson.JsonArray::get(I)Lcom/google/gson/JsonElement;,com.google.code.gson:gson:2.8.8,com.google.gson.JsonArray::get(I)Lcom/google/gson/JsonElement;,com.google.code.gson:gson:2.8.8,5,false,false,
okio.Buffer::indexOfElement(Lokio/ByteString;)J,com.squareup.okio:okio:2.10.0,public,kotlin.jvm.internal.Intrinsics::checkNotNullParameter(Ljava/lang/Object;Ljava/lang/String;)V,org.jetbrains.kotlin:kotlin-stdlib:1.4.31,kotlin.jvm.internal.Intrinsics::checkNotNullParameter(Ljava/lang/Object;Ljava/lang/String;)V,org.jetbrains.kotlin:kotlin-stdlib:1.4.31,5,false,false,
net.javacrumbs.jsonunit.core.internal.Jackson2NodeFactory::newNode(Lcom/fasterxml/jackson/databind/JsonNode;)Lnet/javacrumbs/jsonunit/core/internal/Node;,net.javacrumbs.json-unit:json-unit-core:2.28.0,public,com.fasterxml.jackson.databind.JsonNode::isMissingNode()Z,com.fasterxml.jackson.core:jackson-databind:2.12.4,com.fasterxml.jackson.databind.node.DoubleNode::isMissingNode()Z,com.fasterxml.jackson.core:jackson-databind:2.12.4,4,false,false,
net.javacrumbs.jsonunit.core.internal.Jackson2NodeFactory$Jackson2Node::getNodeType()Lnet/javacrumbs/jsonunit/core/internal/Node$NodeType;,net.javacrumbs.json-unit:json-unit-core:2.28.0,public,com.fasterxml.jackson.databind.JsonNode::isBoolean()Z,com.fasterxml.jackson.core:jackson-databind:2.12.4,com.fasterxml.jackson.databind.node.NullNode::isBoolean()Z,com.fasterxml.jackson.core:jackson-databind:2.12.4,9,false,false,
net.javacrumbs.jsonunit.core.internal.GsonNodeFactory$GsonNode::decimalValue()Ljava/math/BigDecimal;,net.javacrumbs.json-unit:json-unit-core:2.28.0,public,com.google.gson.JsonElement::getAsBigDecimal()Ljava/math/BigDecimal;,com.google.code.gson:gson:2.8.8,com.google.gson.JsonPrimitive::getAsBigDecimal()Ljava/math/BigDecimal;,com.google.code.gson:gson:2.8.8,6,false,false,
net.javacrumbs.jsonunit.core.internal.JohnzonNodeFactory::JohnzonNodeFactory()V,net.javacrumbs.json-unit:json-unit-core:2.28.0,public,org.apache.johnzon.mapper.MapperBuilder::build()Lorg/apache/johnzon/mapper/Mapper;,org.apache.johnzon:johnzon-mapper:1.2.14,org.apache.johnzon.mapper.MapperBuilder::build()Lorg/apache/johnzon/mapper/Mapper;,org.apache.johnzon:johnzon-mapper:1.2.14,1,false,false,
net.javacrumbs.jsonunit.core.internal.Jackson2NodeFactory$Jackson2Node::fields()Ljava/util/Iterator;,net.javacrumbs.json-unit:json-unit-core:2.28.0,public,com.fasterxml.jackson.databind.JsonNode::fields()Ljava/util/Iterator;,com.fasterxml.jackson.core:jackson-databind:2.12.4,com.fasterxml.jackson.databind.node.ObjectNode::fields()Ljava/util/Iterator;,com.fasterxml.jackson.core:jackson-databind:2.12.4,62,false,false,
com.fasterxml.jackson.databind.util.TokenBuffer::_appendValue(Lcom/fasterxml/jackson/core/JsonToken;Ljava/lang/Object;)V,com.fasterxml.jackson.core:jackson-databind:2.12.4,public,com.fasterxml.jackson.core.json.JsonWriteContext::writeValue()I,com.fasterxml.jackson.core:jackson-core:2.12.4,com.fasterxml.jackson.core.json.JsonWriteContext::writeValue()I,com.fasterxml.jackson.core:jackson-core:2.12.4,16,false,false,
okio.Buffer::readString(JLjava/nio/charset/Charset;)Ljava/lang/String;,com.squareup.okio:okio:2.10.0,public,kotlin.jvm.internal.Intrinsics::checkNotNull(Ljava/lang/Object;)V,org.jetbrains.kotlin:kotlin-stdlib:1.4.31,kotlin.jvm.internal.Intrinsics::checkNotNull(Ljava/lang/Object;)V,org.jetbrains.kotlin:kotlin-stdlib:1.4.31,6,false,false,
