CallerLibrary	CallerMethod	CalleeLibrary	setAccessible.CalledOn	Visibility	CalleeName	FieldSignature	Counts
"cn.wanghaomiao:JsoupXpath"	"org.seimicrawler.xpath.core.node.Text$1::head(Lorg/jsoup/nodes/Node;I)V"	"org.jsoup:jsoup:1.14.1"	"java.lang.reflect.Method"	"protected"	"org.jsoup.nodes.Node::setParentNode(Lorg/jsoup/nodes/Node;)V"	NA	1
"com.alibaba:fastjson"	"com.alibaba.fastjson.util.TypeUtils::setAccessible(Ljava/lang/reflect/AccessibleObject;)V"	"javax.servlet:javax.servlet-api:3.1.0"	"java.lang.reflect.Field"	"private"	"javax.servlet.http.Cookie::comment"	"java.lang.String"	2
"com.alibaba:fastjson"	"com.alibaba.fastjson.util.TypeUtils::setAccessible(Ljava/lang/reflect/AccessibleObject;)V"	"javax.servlet:javax.servlet-api:3.1.0"	"java.lang.reflect.Field"	"private"	"javax.servlet.http.Cookie::domain"	"java.lang.String"	2
"com.alibaba:fastjson"	"com.alibaba.fastjson.util.TypeUtils::setAccessible(Ljava/lang/reflect/AccessibleObject;)V"	"javax.servlet:javax.servlet-api:3.1.0"	"java.lang.reflect.Field"	"private"	"javax.servlet.http.Cookie::isHttpOnly"	"boolean"	2
"com.alibaba:fastjson"	"com.alibaba.fastjson.util.TypeUtils::setAccessible(Ljava/lang/reflect/AccessibleObject;)V"	"javax.servlet:javax.servlet-api:3.1.0"	"java.lang.reflect.Field"	"private"	"javax.servlet.http.Cookie::maxAge"	"int"	2
"com.alibaba:fastjson"	"com.alibaba.fastjson.util.TypeUtils::setAccessible(Ljava/lang/reflect/AccessibleObject;)V"	"javax.servlet:javax.servlet-api:3.1.0"	"java.lang.reflect.Field"	"private"	"javax.servlet.http.Cookie::name"	"java.lang.String"	2
"com.alibaba:fastjson"	"com.alibaba.fastjson.util.TypeUtils::setAccessible(Ljava/lang/reflect/AccessibleObject;)V"	"javax.servlet:javax.servlet-api:3.1.0"	"java.lang.reflect.Field"	"private"	"javax.servlet.http.Cookie::path"	"java.lang.String"	2
"com.alibaba:fastjson"	"com.alibaba.fastjson.util.TypeUtils::setAccessible(Ljava/lang/reflect/AccessibleObject;)V"	"javax.servlet:javax.servlet-api:3.1.0"	"java.lang.reflect.Field"	"private"	"javax.servlet.http.Cookie::secure"	"boolean"	2
"com.alibaba:fastjson"	"com.alibaba.fastjson.util.TypeUtils::setAccessible(Ljava/lang/reflect/AccessibleObject;)V"	"javax.servlet:javax.servlet-api:3.1.0"	"java.lang.reflect.Field"	"private"	"javax.servlet.http.Cookie::value"	"java.lang.String"	2
"com.alibaba:fastjson"	"com.alibaba.fastjson.util.TypeUtils::setAccessible(Ljava/lang/reflect/AccessibleObject;)V"	"javax.servlet:javax.servlet-api:3.1.0"	"java.lang.reflect.Field"	"private"	"javax.servlet.http.Cookie::version"	"int"	2
"com.alibaba:fastjson"	"com.alibaba.fastjson.util.TypeUtils::setAccessible(Ljava/lang/reflect/AccessibleObject;)V"	"javax.servlet:javax.servlet-api:3.1.0"	"java.lang.reflect.Method"	"public"	"javax.servlet.http.Cookie::getComment()Ljava/lang/String;"	""	2
"com.alibaba:fastjson"	"com.alibaba.fastjson.util.TypeUtils::setAccessible(Ljava/lang/reflect/AccessibleObject;)V"	"javax.servlet:javax.servlet-api:3.1.0"	"java.lang.reflect.Method"	"public"	"javax.servlet.http.Cookie::getDomain()Ljava/lang/String;"	""	2
"com.alibaba:fastjson"	"com.alibaba.fastjson.util.TypeUtils::setAccessible(Ljava/lang/reflect/AccessibleObject;)V"	"javax.servlet:javax.servlet-api:3.1.0"	"java.lang.reflect.Method"	"public"	"javax.servlet.http.Cookie::getMaxAge()I"	""	2
"com.alibaba:fastjson"	"com.alibaba.fastjson.util.TypeUtils::setAccessible(Ljava/lang/reflect/AccessibleObject;)V"	"javax.servlet:javax.servlet-api:3.1.0"	"java.lang.reflect.Method"	"public"	"javax.servlet.http.Cookie::getName()Ljava/lang/String;"	""	2
"com.alibaba:fastjson"	"com.alibaba.fastjson.util.TypeUtils::setAccessible(Ljava/lang/reflect/AccessibleObject;)V"	"javax.servlet:javax.servlet-api:3.1.0"	"java.lang.reflect.Method"	"public"	"javax.servlet.http.Cookie::getPath()Ljava/lang/String;"	""	2
"com.alibaba:fastjson"	"com.alibaba.fastjson.util.TypeUtils::setAccessible(Ljava/lang/reflect/AccessibleObject;)V"	"javax.servlet:javax.servlet-api:3.1.0"	"java.lang.reflect.Method"	"public"	"javax.servlet.http.Cookie::getSecure()Z"	""	2
"com.alibaba:fastjson"	"com.alibaba.fastjson.util.TypeUtils::setAccessible(Ljava/lang/reflect/AccessibleObject;)V"	"javax.servlet:javax.servlet-api:3.1.0"	"java.lang.reflect.Method"	"public"	"javax.servlet.http.Cookie::getValue()Ljava/lang/String;"	""	2
"com.alibaba:fastjson"	"com.alibaba.fastjson.util.TypeUtils::setAccessible(Ljava/lang/reflect/AccessibleObject;)V"	"javax.servlet:javax.servlet-api:3.1.0"	"java.lang.reflect.Method"	"public"	"javax.servlet.http.Cookie::getVersion()I"	""	2
"com.alibaba:fastjson"	"com.alibaba.fastjson.util.TypeUtils::setAccessible(Ljava/lang/reflect/AccessibleObject;)V"	"javax.servlet:javax.servlet-api:3.1.0"	"java.lang.reflect.Method"	"public"	"javax.servlet.http.Cookie::isHttpOnly()Z"	""	2
"com.alibaba:fastjson"	"com.alibaba.fastjson.util.TypeUtils::setAccessible(Ljava/lang/reflect/AccessibleObject;)V"	"javax.servlet:javax.servlet-api:3.1.0"	"java.lang.reflect.Method"	"public"	"javax.servlet.http.Cookie::setComment(Ljava/lang/String;)V"	""	2
"com.alibaba:fastjson"	"com.alibaba.fastjson.util.TypeUtils::setAccessible(Ljava/lang/reflect/AccessibleObject;)V"	"javax.servlet:javax.servlet-api:3.1.0"	"java.lang.reflect.Method"	"public"	"javax.servlet.http.Cookie::setDomain(Ljava/lang/String;)V"	""	2
"com.alibaba:fastjson"	"com.alibaba.fastjson.util.TypeUtils::setAccessible(Ljava/lang/reflect/AccessibleObject;)V"	"javax.servlet:javax.servlet-api:3.1.0"	"java.lang.reflect.Method"	"public"	"javax.servlet.http.Cookie::setHttpOnly(Z)V"	""	2
"com.alibaba:fastjson"	"com.alibaba.fastjson.util.TypeUtils::setAccessible(Ljava/lang/reflect/AccessibleObject;)V"	"javax.servlet:javax.servlet-api:3.1.0"	"java.lang.reflect.Method"	"public"	"javax.servlet.http.Cookie::setMaxAge(I)V"	""	2
"com.alibaba:fastjson"	"com.alibaba.fastjson.util.TypeUtils::setAccessible(Ljava/lang/reflect/AccessibleObject;)V"	"javax.servlet:javax.servlet-api:3.1.0"	"java.lang.reflect.Method"	"public"	"javax.servlet.http.Cookie::setPath(Ljava/lang/String;)V"	""	2
"com.alibaba:fastjson"	"com.alibaba.fastjson.util.TypeUtils::setAccessible(Ljava/lang/reflect/AccessibleObject;)V"	"javax.servlet:javax.servlet-api:3.1.0"	"java.lang.reflect.Method"	"public"	"javax.servlet.http.Cookie::setSecure(Z)V"	""	2
"com.alibaba:fastjson"	"com.alibaba.fastjson.util.TypeUtils::setAccessible(Ljava/lang/reflect/AccessibleObject;)V"	"javax.servlet:javax.servlet-api:3.1.0"	"java.lang.reflect.Method"	"public"	"javax.servlet.http.Cookie::setValue(Ljava/lang/String;)V"	""	2
"com.alibaba:fastjson"	"com.alibaba.fastjson.util.TypeUtils::setAccessible(Ljava/lang/reflect/AccessibleObject;)V"	"javax.servlet:javax.servlet-api:3.1.0"	"java.lang.reflect.Method"	"public"	"javax.servlet.http.Cookie::setVersion(I)V"	""	2
"com.alibaba:fastjson"	"com.alibaba.fastjson.util.TypeUtils::setAccessible(Ljava/lang/reflect/AccessibleObject;)V"	"org.springframework:spring-beans:4.3.7.RELEASE"	"java.lang.reflect.Field"	"private"	"org.springframework.beans.AbstractNestablePropertyAccessor::autoGrowCollectionLimit"	"int"	2
"com.alibaba:fastjson"	"com.alibaba.fastjson.util.TypeUtils::setAccessible(Ljava/lang/reflect/AccessibleObject;)V"	"org.springframework:spring-beans:4.3.7.RELEASE"	"java.lang.reflect.Field"	"private"	"org.springframework.beans.AbstractNestablePropertyAccessor::nestedPath"	"java.lang.String"	2
"com.alibaba:fastjson"	"com.alibaba.fastjson.util.TypeUtils::setAccessible(Ljava/lang/reflect/AccessibleObject;)V"	"org.springframework:spring-beans:4.3.7.RELEASE"	"java.lang.reflect.Field"	"private"	"org.springframework.beans.AbstractPropertyAccessor::autoGrowNestedPaths"	"boolean"	2
"com.alibaba:fastjson"	"com.alibaba.fastjson.util.TypeUtils::setAccessible(Ljava/lang/reflect/AccessibleObject;)V"	"org.springframework:spring-beans:4.3.7.RELEASE"	"java.lang.reflect.Field"	"private"	"org.springframework.beans.AbstractPropertyAccessor::extractOldValueForEditor"	"boolean"	2
"com.alibaba:fastjson"	"com.alibaba.fastjson.util.TypeUtils::setAccessible(Ljava/lang/reflect/AccessibleObject;)V"	"org.springframework:spring-beans:4.3.7.RELEASE"	"java.lang.reflect.Field"	"private"	"org.springframework.beans.GenericTypeAwarePropertyDescriptor::beanClass"	"java.lang.Class<?>"	2
"com.alibaba:fastjson"	"com.alibaba.fastjson.util.TypeUtils::setAccessible(Ljava/lang/reflect/AccessibleObject;)V"	"org.springframework:spring-beans:4.3.7.RELEASE"	"java.lang.reflect.Field"	"private"	"org.springframework.beans.GenericTypeAwarePropertyDescriptor::propertyEditorClass"	"java.lang.Class<?>"	2
"com.alibaba:fastjson"	"com.alibaba.fastjson.util.TypeUtils::setAccessible(Ljava/lang/reflect/AccessibleObject;)V"	"org.springframework:spring-beans:4.3.7.RELEASE"	"java.lang.reflect.Field"	"private"	"org.springframework.beans.GenericTypeAwarePropertyDescriptor::propertyType"	"java.lang.Class<?>"	2
"com.alibaba:fastjson"	"com.alibaba.fastjson.util.TypeUtils::setAccessible(Ljava/lang/reflect/AccessibleObject;)V"	"org.springframework:spring-beans:4.3.7.RELEASE"	"java.lang.reflect.Field"	"private"	"org.springframework.beans.GenericTypeAwarePropertyDescriptor::readMethod"	"java.lang.reflect.Method"	2
"com.alibaba:fastjson"	"com.alibaba.fastjson.util.TypeUtils::setAccessible(Ljava/lang/reflect/AccessibleObject;)V"	"org.springframework:spring-beans:4.3.7.RELEASE"	"java.lang.reflect.Field"	"private"	"org.springframework.beans.GenericTypeAwarePropertyDescriptor::writeMethod"	"java.lang.reflect.Method"	2
"com.alibaba:fastjson"	"com.alibaba.fastjson.util.TypeUtils::setAccessible(Ljava/lang/reflect/AccessibleObject;)V"	"org.springframework:spring-beans:4.3.7.RELEASE"	"java.lang.reflect.Field"	"private"	"org.springframework.beans.GenericTypeAwarePropertyDescriptor::writeMethodParameter"	"org.springframework.core.MethodParameter"	2
"com.alibaba:fastjson"	"com.alibaba.fastjson.util.TypeUtils::setAccessible(Ljava/lang/reflect/AccessibleObject;)V"	"org.springframework:spring-beans:4.3.7.RELEASE"	"java.lang.reflect.Field"	"private"	"org.springframework.beans.PropertyEditorRegistrySupport::conversionService"	"org.springframework.core.convert.ConversionService"	2
"com.alibaba:fastjson"	"com.alibaba.fastjson.util.TypeUtils::setAccessible(Ljava/lang/reflect/AccessibleObject;)V"	"org.springframework:spring-beans:4.3.7.RELEASE"	"java.lang.reflect.Method"	"public"	"org.springframework.beans.AbstractNestablePropertyAccessor::getAutoGrowCollectionLimit()I"	""	2
"com.alibaba:fastjson"	"com.alibaba.fastjson.util.TypeUtils::setAccessible(Ljava/lang/reflect/AccessibleObject;)V"	"org.springframework:spring-beans:4.3.7.RELEASE"	"java.lang.reflect.Method"	"public"	"org.springframework.beans.AbstractNestablePropertyAccessor::getNestedPath()Ljava/lang/String;"	""	2
"com.alibaba:fastjson"	"com.alibaba.fastjson.util.TypeUtils::setAccessible(Ljava/lang/reflect/AccessibleObject;)V"	"org.springframework:spring-beans:4.3.7.RELEASE"	"java.lang.reflect.Method"	"public"	"org.springframework.beans.AbstractNestablePropertyAccessor::getRootClass()Ljava/lang/Class;"	""	2
"com.alibaba:fastjson"	"com.alibaba.fastjson.util.TypeUtils::setAccessible(Ljava/lang/reflect/AccessibleObject;)V"	"org.springframework:spring-beans:4.3.7.RELEASE"	"java.lang.reflect.Method"	"public"	"org.springframework.beans.AbstractNestablePropertyAccessor::getRootInstance()Ljava/lang/Object;"	""	2
"com.alibaba:fastjson"	"com.alibaba.fastjson.util.TypeUtils::setAccessible(Ljava/lang/reflect/AccessibleObject;)V"	"org.springframework:spring-beans:4.3.7.RELEASE"	"java.lang.reflect.Method"	"public"	"org.springframework.beans.AbstractNestablePropertyAccessor::getWrappedClass()Ljava/lang/Class;"	""	2
"com.alibaba:fastjson"	"com.alibaba.fastjson.util.TypeUtils::setAccessible(Ljava/lang/reflect/AccessibleObject;)V"	"org.springframework:spring-beans:4.3.7.RELEASE"	"java.lang.reflect.Method"	"public"	"org.springframework.beans.AbstractNestablePropertyAccessor::getWrappedInstance()Ljava/lang/Object;"	""	2
"com.alibaba:fastjson"	"com.alibaba.fastjson.util.TypeUtils::setAccessible(Ljava/lang/reflect/AccessibleObject;)V"	"org.springframework:spring-beans:4.3.7.RELEASE"	"java.lang.reflect.Method"	"public"	"org.springframework.beans.AbstractPropertyAccessor::isAutoGrowNestedPaths()Z"	""	2
"com.alibaba:fastjson"	"com.alibaba.fastjson.util.TypeUtils::setAccessible(Ljava/lang/reflect/AccessibleObject;)V"	"org.springframework:spring-beans:4.3.7.RELEASE"	"java.lang.reflect.Method"	"public"	"org.springframework.beans.AbstractPropertyAccessor::isExtractOldValueForEditor()Z"	""	2
"com.alibaba:fastjson"	"com.alibaba.fastjson.util.TypeUtils::setAccessible(Ljava/lang/reflect/AccessibleObject;)V"	"org.springframework:spring-beans:4.3.7.RELEASE"	"java.lang.reflect.Method"	"public"	"org.springframework.beans.BeanWrapperImpl::getPropertyDescriptors()[Ljava/beans/PropertyDescriptor;"	""	2
"com.alibaba:fastjson"	"com.alibaba.fastjson.util.TypeUtils::setAccessible(Ljava/lang/reflect/AccessibleObject;)V"	"org.springframework:spring-beans:4.3.7.RELEASE"	"java.lang.reflect.Method"	"public"	"org.springframework.beans.BeanWrapperImpl::getSecurityContext()Ljava/security/AccessControlContext;"	""	2
"com.alibaba:fastjson"	"com.alibaba.fastjson.util.TypeUtils::setAccessible(Ljava/lang/reflect/AccessibleObject;)V"	"org.springframework:spring-beans:4.3.7.RELEASE"	"java.lang.reflect.Method"	"public"	"org.springframework.beans.GenericTypeAwarePropertyDescriptor::getBeanClass()Ljava/lang/Class;"	""	2
"com.alibaba:fastjson"	"com.alibaba.fastjson.util.TypeUtils::setAccessible(Ljava/lang/reflect/AccessibleObject;)V"	"org.springframework:spring-beans:4.3.7.RELEASE"	"java.lang.reflect.Method"	"public"	"org.springframework.beans.GenericTypeAwarePropertyDescriptor::getPropertyEditorClass()Ljava/lang/Class;"	""	2
"com.alibaba:fastjson"	"com.alibaba.fastjson.util.TypeUtils::setAccessible(Ljava/lang/reflect/AccessibleObject;)V"	"org.springframework:spring-beans:4.3.7.RELEASE"	"java.lang.reflect.Method"	"public"	"org.springframework.beans.GenericTypeAwarePropertyDescriptor::getPropertyType()Ljava/lang/Class;"	""	2
"com.alibaba:fastjson"	"com.alibaba.fastjson.util.TypeUtils::setAccessible(Ljava/lang/reflect/AccessibleObject;)V"	"org.springframework:spring-beans:4.3.7.RELEASE"	"java.lang.reflect.Method"	"public"	"org.springframework.beans.GenericTypeAwarePropertyDescriptor::getReadMethod()Ljava/lang/reflect/Method;"	""	2
"com.alibaba:fastjson"	"com.alibaba.fastjson.util.TypeUtils::setAccessible(Ljava/lang/reflect/AccessibleObject;)V"	"org.springframework:spring-beans:4.3.7.RELEASE"	"java.lang.reflect.Method"	"public"	"org.springframework.beans.GenericTypeAwarePropertyDescriptor::getWriteMethod()Ljava/lang/reflect/Method;"	""	2
"com.alibaba:fastjson"	"com.alibaba.fastjson.util.TypeUtils::setAccessible(Ljava/lang/reflect/AccessibleObject;)V"	"org.springframework:spring-beans:4.3.7.RELEASE"	"java.lang.reflect.Method"	"public"	"org.springframework.beans.GenericTypeAwarePropertyDescriptor::getWriteMethodForActualAccess()Ljava/lang/reflect/Method;"	""	2
"com.alibaba:fastjson"	"com.alibaba.fastjson.util.TypeUtils::setAccessible(Ljava/lang/reflect/AccessibleObject;)V"	"org.springframework:spring-beans:4.3.7.RELEASE"	"java.lang.reflect.Method"	"public"	"org.springframework.beans.GenericTypeAwarePropertyDescriptor::getWriteMethodParameter()Lorg/springframework/core/MethodParameter;"	""	2
"com.alibaba:fastjson"	"com.alibaba.fastjson.util.TypeUtils::setAccessible(Ljava/lang/reflect/AccessibleObject;)V"	"org.springframework:spring-beans:4.3.7.RELEASE"	"java.lang.reflect.Method"	"public"	"org.springframework.beans.PropertyEditorRegistrySupport::getConversionService()Lorg/springframework/core/convert/ConversionService;"	""	2
"com.alibaba:fastjson"	"com.alibaba.fastjson.util.TypeUtils::setAccessible(Ljava/lang/reflect/AccessibleObject;)V"	"org.springframework:spring-context:4.3.7.RELEASE"	"java.lang.reflect.Constructor"	"private"	"org.springframework.cache.support.NullValue::org.springframework.cache.support.NullValue()V"	""	2
"com.alibaba:fastjson"	"com.alibaba.fastjson.util.TypeUtils::setAccessible(Ljava/lang/reflect/AccessibleObject;)V"	"org.springframework:spring-context:4.3.7.RELEASE"	"java.lang.reflect.Constructor"	"public"	"org.springframework.remoting.support.RemoteInvocation::org.springframework.remoting.support.RemoteInvocation()V"	""	2
"com.alibaba:fastjson"	"com.alibaba.fastjson.util.TypeUtils::setAccessible(Ljava/lang/reflect/AccessibleObject;)V"	"org.springframework:spring-context:4.3.7.RELEASE"	"java.lang.reflect.Field"	"private"	"org.springframework.remoting.support.RemoteInvocation::arguments"	"java.lang.Object[]"	2
"com.alibaba:fastjson"	"com.alibaba.fastjson.util.TypeUtils::setAccessible(Ljava/lang/reflect/AccessibleObject;)V"	"org.springframework:spring-context:4.3.7.RELEASE"	"java.lang.reflect.Field"	"private"	"org.springframework.remoting.support.RemoteInvocation::attributes"	"java.util.Map<java.lang.String, java.io.Serializable>"	2
"com.alibaba:fastjson"	"com.alibaba.fastjson.util.TypeUtils::setAccessible(Ljava/lang/reflect/AccessibleObject;)V"	"org.springframework:spring-context:4.3.7.RELEASE"	"java.lang.reflect.Field"	"private"	"org.springframework.remoting.support.RemoteInvocation::methodName"	"java.lang.String"	2
"com.alibaba:fastjson"	"com.alibaba.fastjson.util.TypeUtils::setAccessible(Ljava/lang/reflect/AccessibleObject;)V"	"org.springframework:spring-context:4.3.7.RELEASE"	"java.lang.reflect.Field"	"private"	"org.springframework.remoting.support.RemoteInvocation::parameterTypes"	"java.lang.Class<?>[]"	2
"com.alibaba:fastjson"	"com.alibaba.fastjson.util.TypeUtils::setAccessible(Ljava/lang/reflect/AccessibleObject;)V"	"org.springframework:spring-context:4.3.7.RELEASE"	"java.lang.reflect.Field"	"private"	"org.springframework.validation.AbstractBindingResult::messageCodesResolver"	"org.springframework.validation.MessageCodesResolver"	2
"com.alibaba:fastjson"	"com.alibaba.fastjson.util.TypeUtils::setAccessible(Ljava/lang/reflect/AccessibleObject;)V"	"org.springframework:spring-context:4.3.7.RELEASE"	"java.lang.reflect.Field"	"private"	"org.springframework.validation.AbstractBindingResult::objectName"	"java.lang.String"	2
"com.alibaba:fastjson"	"com.alibaba.fastjson.util.TypeUtils::setAccessible(Ljava/lang/reflect/AccessibleObject;)V"	"org.springframework:spring-context:4.3.7.RELEASE"	"java.lang.reflect.Field"	"private"	"org.springframework.validation.AbstractBindingResult::suppressedFields"	"java.util.Set<java.lang.String>"	2
"com.alibaba:fastjson"	"com.alibaba.fastjson.util.TypeUtils::setAccessible(Ljava/lang/reflect/AccessibleObject;)V"	"org.springframework:spring-context:4.3.7.RELEASE"	"java.lang.reflect.Field"	"private"	"org.springframework.validation.AbstractErrors::nestedPath"	"java.lang.String"	2
"com.alibaba:fastjson"	"com.alibaba.fastjson.util.TypeUtils::setAccessible(Ljava/lang/reflect/AccessibleObject;)V"	"org.springframework:spring-context:4.3.7.RELEASE"	"java.lang.reflect.Field"	"private"	"org.springframework.validation.BeanPropertyBindingResult::target"	"java.lang.Object"	2
"com.alibaba:fastjson"	"com.alibaba.fastjson.util.TypeUtils::setAccessible(Ljava/lang/reflect/AccessibleObject;)V"	"org.springframework:spring-context:4.3.7.RELEASE"	"java.lang.reflect.Field"	"private"	"org.springframework.validation.DataBinder::allowedFields"	"java.lang.String[]"	2
"com.alibaba:fastjson"	"com.alibaba.fastjson.util.TypeUtils::setAccessible(Ljava/lang/reflect/AccessibleObject;)V"	"org.springframework:spring-context:4.3.7.RELEASE"	"java.lang.reflect.Field"	"private"	"org.springframework.validation.DataBinder::autoGrowCollectionLimit"	"int"	2
"com.alibaba:fastjson"	"com.alibaba.fastjson.util.TypeUtils::setAccessible(Ljava/lang/reflect/AccessibleObject;)V"	"org.springframework:spring-context:4.3.7.RELEASE"	"java.lang.reflect.Field"	"private"	"org.springframework.validation.DataBinder::autoGrowNestedPaths"	"boolean"	2
"com.alibaba:fastjson"	"com.alibaba.fastjson.util.TypeUtils::setAccessible(Ljava/lang/reflect/AccessibleObject;)V"	"org.springframework:spring-context:4.3.7.RELEASE"	"java.lang.reflect.Field"	"private"	"org.springframework.validation.DataBinder::bindingErrorProcessor"	"org.springframework.validation.BindingErrorProcessor"	2
"com.alibaba:fastjson"	"com.alibaba.fastjson.util.TypeUtils::setAccessible(Ljava/lang/reflect/AccessibleObject;)V"	"org.springframework:spring-context:4.3.7.RELEASE"	"java.lang.reflect.Field"	"private"	"org.springframework.validation.DataBinder::bindingResult"	"org.springframework.validation.AbstractPropertyBindingResult"	2
"com.alibaba:fastjson"	"com.alibaba.fastjson.util.TypeUtils::setAccessible(Ljava/lang/reflect/AccessibleObject;)V"	"org.springframework:spring-context:4.3.7.RELEASE"	"java.lang.reflect.Field"	"private"	"org.springframework.validation.DataBinder::conversionService"	"org.springframework.core.convert.ConversionService"	2
"com.alibaba:fastjson"	"com.alibaba.fastjson.util.TypeUtils::setAccessible(Ljava/lang/reflect/AccessibleObject;)V"	"org.springframework:spring-context:4.3.7.RELEASE"	"java.lang.reflect.Field"	"private"	"org.springframework.validation.DataBinder::disallowedFields"	"java.lang.String[]"	2
"com.alibaba:fastjson"	"com.alibaba.fastjson.util.TypeUtils::setAccessible(Ljava/lang/reflect/AccessibleObject;)V"	"org.springframework:spring-context:4.3.7.RELEASE"	"java.lang.reflect.Field"	"private"	"org.springframework.validation.DataBinder::ignoreInvalidFields"	"boolean"	2
"com.alibaba:fastjson"	"com.alibaba.fastjson.util.TypeUtils::setAccessible(Ljava/lang/reflect/AccessibleObject;)V"	"org.springframework:spring-context:4.3.7.RELEASE"	"java.lang.reflect.Field"	"private"	"org.springframework.validation.DataBinder::ignoreUnknownFields"	"boolean"	2
"com.alibaba:fastjson"	"com.alibaba.fastjson.util.TypeUtils::setAccessible(Ljava/lang/reflect/AccessibleObject;)V"	"org.springframework:spring-context:4.3.7.RELEASE"	"java.lang.reflect.Field"	"private"	"org.springframework.validation.DataBinder::objectName"	"java.lang.String"	2
"com.alibaba:fastjson"	"com.alibaba.fastjson.util.TypeUtils::setAccessible(Ljava/lang/reflect/AccessibleObject;)V"	"org.springframework:spring-context:4.3.7.RELEASE"	"java.lang.reflect.Field"	"private"	"org.springframework.validation.DataBinder::requiredFields"	"java.lang.String[]"	2
"com.alibaba:fastjson"	"com.alibaba.fastjson.util.TypeUtils::setAccessible(Ljava/lang/reflect/AccessibleObject;)V"	"org.springframework:spring-context:4.3.7.RELEASE"	"java.lang.reflect.Field"	"private"	"org.springframework.validation.DataBinder::target"	"java.lang.Object"	2
"com.alibaba:fastjson"	"com.alibaba.fastjson.util.TypeUtils::setAccessible(Ljava/lang/reflect/AccessibleObject;)V"	"org.springframework:spring-context:4.3.7.RELEASE"	"java.lang.reflect.Field"	"private"	"org.springframework.validation.DataBinder::validators"	"java.util.List<org.springframework.validation.Validator>"	2
"com.alibaba:fastjson"	"com.alibaba.fastjson.util.TypeUtils::setAccessible(Ljava/lang/reflect/AccessibleObject;)V"	"org.springframework:spring-context:4.3.7.RELEASE"	"java.lang.reflect.Method"	"public"	"org.springframework.remoting.support.RemoteInvocation::getArguments()[Ljava/lang/Object;"	""	2
"com.alibaba:fastjson"	"com.alibaba.fastjson.util.TypeUtils::setAccessible(Ljava/lang/reflect/AccessibleObject;)V"	"org.springframework:spring-context:4.3.7.RELEASE"	"java.lang.reflect.Method"	"public"	"org.springframework.remoting.support.RemoteInvocation::getAttributes()Ljava/util/Map;"	""	2
"com.alibaba:fastjson"	"com.alibaba.fastjson.util.TypeUtils::setAccessible(Ljava/lang/reflect/AccessibleObject;)V"	"org.springframework:spring-context:4.3.7.RELEASE"	"java.lang.reflect.Method"	"public"	"org.springframework.remoting.support.RemoteInvocation::getMethodName()Ljava/lang/String;"	""	2
"com.alibaba:fastjson"	"com.alibaba.fastjson.util.TypeUtils::setAccessible(Ljava/lang/reflect/AccessibleObject;)V"	"org.springframework:spring-context:4.3.7.RELEASE"	"java.lang.reflect.Method"	"public"	"org.springframework.remoting.support.RemoteInvocation::getParameterTypes()[Ljava/lang/Class;"	""	2
"com.alibaba:fastjson"	"com.alibaba.fastjson.util.TypeUtils::setAccessible(Ljava/lang/reflect/AccessibleObject;)V"	"org.springframework:spring-context:4.3.7.RELEASE"	"java.lang.reflect.Method"	"public"	"org.springframework.remoting.support.RemoteInvocation::setArguments([Ljava/lang/Object;)V"	""	2
"com.alibaba:fastjson"	"com.alibaba.fastjson.util.TypeUtils::setAccessible(Ljava/lang/reflect/AccessibleObject;)V"	"org.springframework:spring-context:4.3.7.RELEASE"	"java.lang.reflect.Method"	"public"	"org.springframework.remoting.support.RemoteInvocation::setAttributes(Ljava/util/Map;)V"	""	2
"com.alibaba:fastjson"	"com.alibaba.fastjson.util.TypeUtils::setAccessible(Ljava/lang/reflect/AccessibleObject;)V"	"org.springframework:spring-context:4.3.7.RELEASE"	"java.lang.reflect.Method"	"public"	"org.springframework.remoting.support.RemoteInvocation::setMethodName(Ljava/lang/String;)V"	""	2
"com.alibaba:fastjson"	"com.alibaba.fastjson.util.TypeUtils::setAccessible(Ljava/lang/reflect/AccessibleObject;)V"	"org.springframework:spring-context:4.3.7.RELEASE"	"java.lang.reflect.Method"	"public"	"org.springframework.remoting.support.RemoteInvocation::setParameterTypes([Ljava/lang/Class;)V"	""	2
"com.alibaba:fastjson"	"com.alibaba.fastjson.util.TypeUtils::setAccessible(Ljava/lang/reflect/AccessibleObject;)V"	"org.springframework:spring-context:4.3.7.RELEASE"	"java.lang.reflect.Method"	"public"	"org.springframework.validation.AbstractBindingResult::getAllErrors()Ljava/util/List;"	""	2
"com.alibaba:fastjson"	"com.alibaba.fastjson.util.TypeUtils::setAccessible(Ljava/lang/reflect/AccessibleObject;)V"	"org.springframework:spring-context:4.3.7.RELEASE"	"java.lang.reflect.Method"	"public"	"org.springframework.validation.AbstractBindingResult::getErrorCount()I"	""	2
"com.alibaba:fastjson"	"com.alibaba.fastjson.util.TypeUtils::setAccessible(Ljava/lang/reflect/AccessibleObject;)V"	"org.springframework:spring-context:4.3.7.RELEASE"	"java.lang.reflect.Method"	"public"	"org.springframework.validation.AbstractBindingResult::getFieldError()Lorg/springframework/validation/FieldError;"	""	2
"com.alibaba:fastjson"	"com.alibaba.fastjson.util.TypeUtils::setAccessible(Ljava/lang/reflect/AccessibleObject;)V"	"org.springframework:spring-context:4.3.7.RELEASE"	"java.lang.reflect.Method"	"public"	"org.springframework.validation.AbstractBindingResult::getFieldErrors()Ljava/util/List;"	""	2
"com.alibaba:fastjson"	"com.alibaba.fastjson.util.TypeUtils::setAccessible(Ljava/lang/reflect/AccessibleObject;)V"	"org.springframework:spring-context:4.3.7.RELEASE"	"java.lang.reflect.Method"	"public"	"org.springframework.validation.AbstractBindingResult::getGlobalError()Lorg/springframework/validation/ObjectError;"	""	2
"com.alibaba:fastjson"	"com.alibaba.fastjson.util.TypeUtils::setAccessible(Ljava/lang/reflect/AccessibleObject;)V"	"org.springframework:spring-context:4.3.7.RELEASE"	"java.lang.reflect.Method"	"public"	"org.springframework.validation.AbstractBindingResult::getGlobalErrors()Ljava/util/List;"	""	2
"com.alibaba:fastjson"	"com.alibaba.fastjson.util.TypeUtils::setAccessible(Ljava/lang/reflect/AccessibleObject;)V"	"org.springframework:spring-context:4.3.7.RELEASE"	"java.lang.reflect.Method"	"public"	"org.springframework.validation.AbstractBindingResult::getMessageCodesResolver()Lorg/springframework/validation/MessageCodesResolver;"	""	2
"com.alibaba:fastjson"	"com.alibaba.fastjson.util.TypeUtils::setAccessible(Ljava/lang/reflect/AccessibleObject;)V"	"org.springframework:spring-context:4.3.7.RELEASE"	"java.lang.reflect.Method"	"public"	"org.springframework.validation.AbstractBindingResult::getModel()Ljava/util/Map;"	""	2
"com.alibaba:fastjson"	"com.alibaba.fastjson.util.TypeUtils::setAccessible(Ljava/lang/reflect/AccessibleObject;)V"	"org.springframework:spring-context:4.3.7.RELEASE"	"java.lang.reflect.Method"	"public"	"org.springframework.validation.AbstractBindingResult::getObjectName()Ljava/lang/String;"	""	2
"com.alibaba:fastjson"	"com.alibaba.fastjson.util.TypeUtils::setAccessible(Ljava/lang/reflect/AccessibleObject;)V"	"org.springframework:spring-context:4.3.7.RELEASE"	"java.lang.reflect.Method"	"public"	"org.springframework.validation.AbstractBindingResult::getSuppressedFields()[Ljava/lang/String;"	""	2
"com.alibaba:fastjson"	"com.alibaba.fastjson.util.TypeUtils::setAccessible(Ljava/lang/reflect/AccessibleObject;)V"	"org.springframework:spring-context:4.3.7.RELEASE"	"java.lang.reflect.Method"	"public"	"org.springframework.validation.AbstractErrors::getFieldErrorCount()I"	""	2
"com.alibaba:fastjson"	"com.alibaba.fastjson.util.TypeUtils::setAccessible(Ljava/lang/reflect/AccessibleObject;)V"	"org.springframework:spring-context:4.3.7.RELEASE"	"java.lang.reflect.Method"	"public"	"org.springframework.validation.AbstractErrors::getGlobalErrorCount()I"	""	2
"com.alibaba:fastjson"	"com.alibaba.fastjson.util.TypeUtils::setAccessible(Ljava/lang/reflect/AccessibleObject;)V"	"org.springframework:spring-context:4.3.7.RELEASE"	"java.lang.reflect.Method"	"public"	"org.springframework.validation.AbstractErrors::getNestedPath()Ljava/lang/String;"	""	2
"com.alibaba:fastjson"	"com.alibaba.fastjson.util.TypeUtils::setAccessible(Ljava/lang/reflect/AccessibleObject;)V"	"org.springframework:spring-context:4.3.7.RELEASE"	"java.lang.reflect.Method"	"public"	"org.springframework.validation.AbstractPropertyBindingResult::getPropertyEditorRegistry()Lorg/springframework/beans/PropertyEditorRegistry;"	""	2
"com.alibaba:fastjson"	"com.alibaba.fastjson.util.TypeUtils::setAccessible(Ljava/lang/reflect/AccessibleObject;)V"	"org.springframework:spring-context:4.3.7.RELEASE"	"java.lang.reflect.Method"	"public"	"org.springframework.validation.BeanPropertyBindingResult::getPropertyAccessor()Lorg/springframework/beans/ConfigurablePropertyAccessor;"	""	2
"com.alibaba:fastjson"	"com.alibaba.fastjson.util.TypeUtils::setAccessible(Ljava/lang/reflect/AccessibleObject;)V"	"org.springframework:spring-context:4.3.7.RELEASE"	"java.lang.reflect.Method"	"public"	"org.springframework.validation.BeanPropertyBindingResult::getTarget()Ljava/lang/Object;"	""	2
"com.alibaba:fastjson"	"com.alibaba.fastjson.util.TypeUtils::setAccessible(Ljava/lang/reflect/AccessibleObject;)V"	"org.springframework:spring-context:4.3.7.RELEASE"	"java.lang.reflect.Method"	"public"	"org.springframework.validation.DataBinder::getAllowedFields()[Ljava/lang/String;"	""	2
"com.alibaba:fastjson"	"com.alibaba.fastjson.util.TypeUtils::setAccessible(Ljava/lang/reflect/AccessibleObject;)V"	"org.springframework:spring-context:4.3.7.RELEASE"	"java.lang.reflect.Method"	"public"	"org.springframework.validation.DataBinder::getAutoGrowCollectionLimit()I"	""	2
"com.alibaba:fastjson"	"com.alibaba.fastjson.util.TypeUtils::setAccessible(Ljava/lang/reflect/AccessibleObject;)V"	"org.springframework:spring-context:4.3.7.RELEASE"	"java.lang.reflect.Method"	"public"	"org.springframework.validation.DataBinder::getBindingErrorProcessor()Lorg/springframework/validation/BindingErrorProcessor;"	""	2
"com.alibaba:fastjson"	"com.alibaba.fastjson.util.TypeUtils::setAccessible(Ljava/lang/reflect/AccessibleObject;)V"	"org.springframework:spring-context:4.3.7.RELEASE"	"java.lang.reflect.Method"	"public"	"org.springframework.validation.DataBinder::getBindingResult()Lorg/springframework/validation/BindingResult;"	""	2
"com.alibaba:fastjson"	"com.alibaba.fastjson.util.TypeUtils::setAccessible(Ljava/lang/reflect/AccessibleObject;)V"	"org.springframework:spring-context:4.3.7.RELEASE"	"java.lang.reflect.Method"	"public"	"org.springframework.validation.DataBinder::getConversionService()Lorg/springframework/core/convert/ConversionService;"	""	2
"com.alibaba:fastjson"	"com.alibaba.fastjson.util.TypeUtils::setAccessible(Ljava/lang/reflect/AccessibleObject;)V"	"org.springframework:spring-context:4.3.7.RELEASE"	"java.lang.reflect.Method"	"public"	"org.springframework.validation.DataBinder::getDisallowedFields()[Ljava/lang/String;"	""	2
"com.alibaba:fastjson"	"com.alibaba.fastjson.util.TypeUtils::setAccessible(Ljava/lang/reflect/AccessibleObject;)V"	"org.springframework:spring-context:4.3.7.RELEASE"	"java.lang.reflect.Method"	"public"	"org.springframework.validation.DataBinder::getObjectName()Ljava/lang/String;"	""	2
"com.alibaba:fastjson"	"com.alibaba.fastjson.util.TypeUtils::setAccessible(Ljava/lang/reflect/AccessibleObject;)V"	"org.springframework:spring-context:4.3.7.RELEASE"	"java.lang.reflect.Method"	"public"	"org.springframework.validation.DataBinder::getRequiredFields()[Ljava/lang/String;"	""	2
"com.alibaba:fastjson"	"com.alibaba.fastjson.util.TypeUtils::setAccessible(Ljava/lang/reflect/AccessibleObject;)V"	"org.springframework:spring-context:4.3.7.RELEASE"	"java.lang.reflect.Method"	"public"	"org.springframework.validation.DataBinder::getTarget()Ljava/lang/Object;"	""	2
"com.alibaba:fastjson"	"com.alibaba.fastjson.util.TypeUtils::setAccessible(Ljava/lang/reflect/AccessibleObject;)V"	"org.springframework:spring-context:4.3.7.RELEASE"	"java.lang.reflect.Method"	"public"	"org.springframework.validation.DataBinder::getValidator()Lorg/springframework/validation/Validator;"	""	2
"com.alibaba:fastjson"	"com.alibaba.fastjson.util.TypeUtils::setAccessible(Ljava/lang/reflect/AccessibleObject;)V"	"org.springframework:spring-context:4.3.7.RELEASE"	"java.lang.reflect.Method"	"public"	"org.springframework.validation.DataBinder::getValidators()Ljava/util/List;"	""	2
"com.alibaba:fastjson"	"com.alibaba.fastjson.util.TypeUtils::setAccessible(Ljava/lang/reflect/AccessibleObject;)V"	"org.springframework:spring-context:4.3.7.RELEASE"	"java.lang.reflect.Method"	"public"	"org.springframework.validation.DataBinder::isAutoGrowNestedPaths()Z"	""	2
"com.alibaba:fastjson"	"com.alibaba.fastjson.util.TypeUtils::setAccessible(Ljava/lang/reflect/AccessibleObject;)V"	"org.springframework:spring-context:4.3.7.RELEASE"	"java.lang.reflect.Method"	"public"	"org.springframework.validation.DataBinder::isIgnoreInvalidFields()Z"	""	2
"com.alibaba:fastjson"	"com.alibaba.fastjson.util.TypeUtils::setAccessible(Ljava/lang/reflect/AccessibleObject;)V"	"org.springframework:spring-context:4.3.7.RELEASE"	"java.lang.reflect.Method"	"public"	"org.springframework.validation.DataBinder::isIgnoreUnknownFields()Z"	""	2
"com.alibaba:fastjson"	"com.alibaba.fastjson.util.TypeUtils::setAccessible(Ljava/lang/reflect/AccessibleObject;)V"	"org.springframework:spring-core:4.3.7.RELEASE"	"java.lang.reflect.Constructor"	"public"	"org.springframework.core.io.FileSystemResource::org.springframework.core.io.FileSystemResource(Ljava/lang/String;)V"	""	2
"com.alibaba:fastjson"	"com.alibaba.fastjson.util.TypeUtils::setAccessible(Ljava/lang/reflect/AccessibleObject;)V"	"org.springframework:spring-core:4.3.7.RELEASE"	"java.lang.reflect.Field"	"private"	"org.springframework.core.io.FileSystemResource::path"	"java.lang.String"	2
"com.alibaba:fastjson"	"com.alibaba.fastjson.util.TypeUtils::setAccessible(Ljava/lang/reflect/AccessibleObject;)V"	"org.springframework:spring-core:4.3.7.RELEASE"	"java.lang.reflect.Method"	"public"	"org.springframework.core.io.FileSystemResource::getPath()Ljava/lang/String;"	""	2
"com.alibaba:fastjson"	"com.alibaba.fastjson.util.TypeUtils::setAccessible(Ljava/lang/reflect/AccessibleObject;)V"	"org.springframework:spring-web:4.3.7.RELEASE"	"java.lang.reflect.Field"	"private"	"org.springframework.web.bind.WebDataBinder::bindEmptyMultipartFiles"	"boolean"	2
"com.alibaba:fastjson"	"com.alibaba.fastjson.util.TypeUtils::setAccessible(Ljava/lang/reflect/AccessibleObject;)V"	"org.springframework:spring-web:4.3.7.RELEASE"	"java.lang.reflect.Field"	"private"	"org.springframework.web.bind.WebDataBinder::fieldDefaultPrefix"	"java.lang.String"	2
"com.alibaba:fastjson"	"com.alibaba.fastjson.util.TypeUtils::setAccessible(Ljava/lang/reflect/AccessibleObject;)V"	"org.springframework:spring-web:4.3.7.RELEASE"	"java.lang.reflect.Field"	"private"	"org.springframework.web.bind.WebDataBinder::fieldMarkerPrefix"	"java.lang.String"	2
"com.alibaba:fastjson"	"com.alibaba.fastjson.util.TypeUtils::setAccessible(Ljava/lang/reflect/AccessibleObject;)V"	"org.springframework:spring-web:4.3.7.RELEASE"	"java.lang.reflect.Method"	"public"	"org.springframework.web.bind.WebDataBinder::getFieldDefaultPrefix()Ljava/lang/String;"	""	2
"com.alibaba:fastjson"	"com.alibaba.fastjson.util.TypeUtils::setAccessible(Ljava/lang/reflect/AccessibleObject;)V"	"org.springframework:spring-web:4.3.7.RELEASE"	"java.lang.reflect.Method"	"public"	"org.springframework.web.bind.WebDataBinder::getFieldMarkerPrefix()Ljava/lang/String;"	""	2
"com.alibaba:fastjson"	"com.alibaba.fastjson.util.TypeUtils::setAccessible(Ljava/lang/reflect/AccessibleObject;)V"	"org.springframework:spring-web:4.3.7.RELEASE"	"java.lang.reflect.Method"	"public"	"org.springframework.web.bind.WebDataBinder::isBindEmptyMultipartFiles()Z"	""	2
"com.fasterxml.jackson.core:jackson-databind"	"com.fasterxml.jackson.databind.util.ClassUtil::checkAndFixAccess(Ljava/lang/reflect/Member;Z)V"	"com.fasterxml.jackson.core"	"java.lang.reflect.Method"	"public"	"com.fasterxml.jackson.core.JsonLocation::getByteOffset()J"	""	1
"com.fasterxml.jackson.core:jackson-databind"	"com.fasterxml.jackson.databind.util.ClassUtil::checkAndFixAccess(Ljava/lang/reflect/Member;Z)V"	"com.fasterxml.jackson.core"	"java.lang.reflect.Method"	"public"	"com.fasterxml.jackson.core.JsonLocation::getCharOffset()J"	""	1
"com.fasterxml.jackson.core:jackson-databind"	"com.fasterxml.jackson.databind.util.ClassUtil::checkAndFixAccess(Ljava/lang/reflect/Member;Z)V"	"com.fasterxml.jackson.core"	"java.lang.reflect.Method"	"public"	"com.fasterxml.jackson.core.JsonLocation::getColumnNr()I"	""	1
"com.fasterxml.jackson.core:jackson-databind"	"com.fasterxml.jackson.databind.util.ClassUtil::checkAndFixAccess(Ljava/lang/reflect/Member;Z)V"	"com.fasterxml.jackson.core"	"java.lang.reflect.Method"	"public"	"com.fasterxml.jackson.core.JsonLocation::getLineNr()I"	""	1
"com.fasterxml.jackson.core:jackson-databind"	"com.fasterxml.jackson.databind.util.ClassUtil::checkAndFixAccess(Ljava/lang/reflect/Member;Z)V"	"com.fasterxml.jackson.core"	"java.lang.reflect.Method"	"public"	"com.fasterxml.jackson.core.JsonLocation::getSourceRef()Ljava/lang/Object;"	""	1
"com.fasterxml.jackson.core:jackson-databind"	"com.fasterxml.jackson.databind.util.ClassUtil::checkAndFixAccess(Ljava/lang/reflect/Member;Z)V"	"com.fasterxml.jackson.core"	"java.lang.reflect.Method"	"public"	"com.fasterxml.jackson.core.JsonProcessingException::getLocation()Lcom/fasterxml/jackson/core/JsonLocation;"	""	1
"com.fasterxml.jackson.core:jackson-databind"	"com.fasterxml.jackson.databind.util.ClassUtil::checkAndFixAccess(Ljava/lang/reflect/Member;Z)V"	"com.fasterxml.jackson.core"	"java.lang.reflect.Method"	"public"	"com.fasterxml.jackson.core.JsonProcessingException::getOriginalMessage()Ljava/lang/String;"	""	1
"com.thoughtworks.xstream:xstream"	"com.thoughtworks.xstream.converters.reflection.FieldDictionary::buildDictionaryEntryForClass(Ljava/lang/Class;Lcom/thoughtworks/xstream/converters/reflection/FieldDictionary$DictionaryEntry;)Lcom/thoughtworks/xstream/converters/reflection/FieldDictionary$DictionaryEntry;"	"javax.xml.datatype"	"java.lang.reflect.Field"	"private"	"javax.xml.datatype.DatatypeFactory::XDTSCHEMA_DTD"	"java.util.regex.Pattern"	1
"com.thoughtworks.xstream:xstream"	"com.thoughtworks.xstream.converters.reflection.FieldDictionary::buildDictionaryEntryForClass(Ljava/lang/Class;Lcom/thoughtworks/xstream/converters/reflection/FieldDictionary$DictionaryEntry;)Lcom/thoughtworks/xstream/converters/reflection/FieldDictionary$DictionaryEntry;"	"javax.xml.datatype"	"java.lang.reflect.Field"	"private"	"javax.xml.datatype.DatatypeFactory::XDTSCHEMA_YMD"	"java.util.regex.Pattern"	1
"com.thoughtworks.xstream:xstream"	"com.thoughtworks.xstream.converters.reflection.FieldDictionary::buildDictionaryEntryForClass(Ljava/lang/Class;Lcom/thoughtworks/xstream/converters/reflection/FieldDictionary$DictionaryEntry;)Lcom/thoughtworks/xstream/converters/reflection/FieldDictionary$DictionaryEntry;"	"javax.xml.datatype"	"java.lang.reflect.Field"	"public"	"javax.xml.datatype.DatatypeFactory::DATATYPEFACTORY_IMPLEMENTATION_CLASS"	"java.lang.String"	1
"com.thoughtworks.xstream:xstream"	"com.thoughtworks.xstream.converters.reflection.FieldDictionary::buildDictionaryEntryForClass(Ljava/lang/Class;Lcom/thoughtworks/xstream/converters/reflection/FieldDictionary$DictionaryEntry;)Lcom/thoughtworks/xstream/converters/reflection/FieldDictionary$DictionaryEntry;"	"javax.xml.datatype"	"java.lang.reflect.Field"	"public"	"javax.xml.datatype.DatatypeFactory::DATATYPEFACTORY_PROPERTY"	"java.lang.String"	1
"org.apache.rocketmq:rocketmq-acl"	"org.apache.rocketmq.acl.common.AclClientRPCHook::parseRequestContent(Lorg/apache/rocketmq/remoting/protocol/RemotingCommand;Ljava/lang/String;Ljava/lang/String;)Ljava/util/SortedMap;"	"org.apache.rocketmq:rocketmq-common:4.9.1"	"java.lang.reflect.Field"	"private"	"org.apache.rocketmq.common.protocol.header.ConsumerSendMsgBackRequestHeader::delayLevel"	"java.lang.Integer"	1
"org.apache.rocketmq:rocketmq-acl"	"org.apache.rocketmq.acl.common.AclClientRPCHook::parseRequestContent(Lorg/apache/rocketmq/remoting/protocol/RemotingCommand;Ljava/lang/String;Ljava/lang/String;)Ljava/util/SortedMap;"	"org.apache.rocketmq:rocketmq-common:4.9.1"	"java.lang.reflect.Field"	"private"	"org.apache.rocketmq.common.protocol.header.ConsumerSendMsgBackRequestHeader::group"	"java.lang.String"	1
"org.apache.rocketmq:rocketmq-acl"	"org.apache.rocketmq.acl.common.AclClientRPCHook::parseRequestContent(Lorg/apache/rocketmq/remoting/protocol/RemotingCommand;Ljava/lang/String;Ljava/lang/String;)Ljava/util/SortedMap;"	"org.apache.rocketmq:rocketmq-common:4.9.1"	"java.lang.reflect.Field"	"private"	"org.apache.rocketmq.common.protocol.header.ConsumerSendMsgBackRequestHeader::maxReconsumeTimes"	"java.lang.Integer"	1
"org.apache.rocketmq:rocketmq-acl"	"org.apache.rocketmq.acl.common.AclClientRPCHook::parseRequestContent(Lorg/apache/rocketmq/remoting/protocol/RemotingCommand;Ljava/lang/String;Ljava/lang/String;)Ljava/util/SortedMap;"	"org.apache.rocketmq:rocketmq-common:4.9.1"	"java.lang.reflect.Field"	"private"	"org.apache.rocketmq.common.protocol.header.ConsumerSendMsgBackRequestHeader::offset"	"java.lang.Long"	1
"org.apache.rocketmq:rocketmq-acl"	"org.apache.rocketmq.acl.common.AclClientRPCHook::parseRequestContent(Lorg/apache/rocketmq/remoting/protocol/RemotingCommand;Ljava/lang/String;Ljava/lang/String;)Ljava/util/SortedMap;"	"org.apache.rocketmq:rocketmq-common:4.9.1"	"java.lang.reflect.Field"	"private"	"org.apache.rocketmq.common.protocol.header.ConsumerSendMsgBackRequestHeader::originMsgId"	"java.lang.String"	1
"org.apache.rocketmq:rocketmq-acl"	"org.apache.rocketmq.acl.common.AclClientRPCHook::parseRequestContent(Lorg/apache/rocketmq/remoting/protocol/RemotingCommand;Ljava/lang/String;Ljava/lang/String;)Ljava/util/SortedMap;"	"org.apache.rocketmq:rocketmq-common:4.9.1"	"java.lang.reflect.Field"	"private"	"org.apache.rocketmq.common.protocol.header.ConsumerSendMsgBackRequestHeader::originTopic"	"java.lang.String"	1
"org.apache.rocketmq:rocketmq-acl"	"org.apache.rocketmq.acl.common.AclClientRPCHook::parseRequestContent(Lorg/apache/rocketmq/remoting/protocol/RemotingCommand;Ljava/lang/String;Ljava/lang/String;)Ljava/util/SortedMap;"	"org.apache.rocketmq:rocketmq-common:4.9.1"	"java.lang.reflect.Field"	"private"	"org.apache.rocketmq.common.protocol.header.ConsumerSendMsgBackRequestHeader::unitMode"	"boolean"	1
"org.apache.rocketmq:rocketmq-acl"	"org.apache.rocketmq.acl.common.AclClientRPCHook::parseRequestContent(Lorg/apache/rocketmq/remoting/protocol/RemotingCommand;Ljava/lang/String;Ljava/lang/String;)Ljava/util/SortedMap;"	"org.apache.rocketmq:rocketmq-common:4.9.1"	"java.lang.reflect.Field"	"private"	"org.apache.rocketmq.common.protocol.header.GetConsumerListByGroupRequestHeader::consumerGroup"	"java.lang.String"	1
"org.apache.rocketmq:rocketmq-acl"	"org.apache.rocketmq.acl.common.AclClientRPCHook::parseRequestContent(Lorg/apache/rocketmq/remoting/protocol/RemotingCommand;Ljava/lang/String;Ljava/lang/String;)Ljava/util/SortedMap;"	"org.apache.rocketmq:rocketmq-common:4.9.1"	"java.lang.reflect.Field"	"private"	"org.apache.rocketmq.common.protocol.header.PullMessageRequestHeader::commitOffset"	"java.lang.Long"	1
"org.apache.rocketmq:rocketmq-acl"	"org.apache.rocketmq.acl.common.AclClientRPCHook::parseRequestContent(Lorg/apache/rocketmq/remoting/protocol/RemotingCommand;Ljava/lang/String;Ljava/lang/String;)Ljava/util/SortedMap;"	"org.apache.rocketmq:rocketmq-common:4.9.1"	"java.lang.reflect.Field"	"private"	"org.apache.rocketmq.common.protocol.header.PullMessageRequestHeader::consumerGroup"	"java.lang.String"	1
"org.apache.rocketmq:rocketmq-acl"	"org.apache.rocketmq.acl.common.AclClientRPCHook::parseRequestContent(Lorg/apache/rocketmq/remoting/protocol/RemotingCommand;Ljava/lang/String;Ljava/lang/String;)Ljava/util/SortedMap;"	"org.apache.rocketmq:rocketmq-common:4.9.1"	"java.lang.reflect.Field"	"private"	"org.apache.rocketmq.common.protocol.header.PullMessageRequestHeader::expressionType"	"java.lang.String"	1
"org.apache.rocketmq:rocketmq-acl"	"org.apache.rocketmq.acl.common.AclClientRPCHook::parseRequestContent(Lorg/apache/rocketmq/remoting/protocol/RemotingCommand;Ljava/lang/String;Ljava/lang/String;)Ljava/util/SortedMap;"	"org.apache.rocketmq:rocketmq-common:4.9.1"	"java.lang.reflect.Field"	"private"	"org.apache.rocketmq.common.protocol.header.PullMessageRequestHeader::maxMsgNums"	"java.lang.Integer"	1
"org.apache.rocketmq:rocketmq-acl"	"org.apache.rocketmq.acl.common.AclClientRPCHook::parseRequestContent(Lorg/apache/rocketmq/remoting/protocol/RemotingCommand;Ljava/lang/String;Ljava/lang/String;)Ljava/util/SortedMap;"	"org.apache.rocketmq:rocketmq-common:4.9.1"	"java.lang.reflect.Field"	"private"	"org.apache.rocketmq.common.protocol.header.PullMessageRequestHeader::queueId"	"java.lang.Integer"	1
"org.apache.rocketmq:rocketmq-acl"	"org.apache.rocketmq.acl.common.AclClientRPCHook::parseRequestContent(Lorg/apache/rocketmq/remoting/protocol/RemotingCommand;Ljava/lang/String;Ljava/lang/String;)Ljava/util/SortedMap;"	"org.apache.rocketmq:rocketmq-common:4.9.1"	"java.lang.reflect.Field"	"private"	"org.apache.rocketmq.common.protocol.header.PullMessageRequestHeader::queueOffset"	"java.lang.Long"	1
"org.apache.rocketmq:rocketmq-acl"	"org.apache.rocketmq.acl.common.AclClientRPCHook::parseRequestContent(Lorg/apache/rocketmq/remoting/protocol/RemotingCommand;Ljava/lang/String;Ljava/lang/String;)Ljava/util/SortedMap;"	"org.apache.rocketmq:rocketmq-common:4.9.1"	"java.lang.reflect.Field"	"private"	"org.apache.rocketmq.common.protocol.header.PullMessageRequestHeader::subscription"	"java.lang.String"	1
"org.apache.rocketmq:rocketmq-acl"	"org.apache.rocketmq.acl.common.AclClientRPCHook::parseRequestContent(Lorg/apache/rocketmq/remoting/protocol/RemotingCommand;Ljava/lang/String;Ljava/lang/String;)Ljava/util/SortedMap;"	"org.apache.rocketmq:rocketmq-common:4.9.1"	"java.lang.reflect.Field"	"private"	"org.apache.rocketmq.common.protocol.header.PullMessageRequestHeader::subVersion"	"java.lang.Long"	1
"org.apache.rocketmq:rocketmq-acl"	"org.apache.rocketmq.acl.common.AclClientRPCHook::parseRequestContent(Lorg/apache/rocketmq/remoting/protocol/RemotingCommand;Ljava/lang/String;Ljava/lang/String;)Ljava/util/SortedMap;"	"org.apache.rocketmq:rocketmq-common:4.9.1"	"java.lang.reflect.Field"	"private"	"org.apache.rocketmq.common.protocol.header.PullMessageRequestHeader::suspendTimeoutMillis"	"java.lang.Long"	1
"org.apache.rocketmq:rocketmq-acl"	"org.apache.rocketmq.acl.common.AclClientRPCHook::parseRequestContent(Lorg/apache/rocketmq/remoting/protocol/RemotingCommand;Ljava/lang/String;Ljava/lang/String;)Ljava/util/SortedMap;"	"org.apache.rocketmq:rocketmq-common:4.9.1"	"java.lang.reflect.Field"	"private"	"org.apache.rocketmq.common.protocol.header.PullMessageRequestHeader::sysFlag"	"java.lang.Integer"	1
"org.apache.rocketmq:rocketmq-acl"	"org.apache.rocketmq.acl.common.AclClientRPCHook::parseRequestContent(Lorg/apache/rocketmq/remoting/protocol/RemotingCommand;Ljava/lang/String;Ljava/lang/String;)Ljava/util/SortedMap;"	"org.apache.rocketmq:rocketmq-common:4.9.1"	"java.lang.reflect.Field"	"private"	"org.apache.rocketmq.common.protocol.header.PullMessageRequestHeader::topic"	"java.lang.String"	1
"org.apache.rocketmq:rocketmq-acl"	"org.apache.rocketmq.acl.common.AclClientRPCHook::parseRequestContent(Lorg/apache/rocketmq/remoting/protocol/RemotingCommand;Ljava/lang/String;Ljava/lang/String;)Ljava/util/SortedMap;"	"org.apache.rocketmq:rocketmq-common:4.9.1"	"java.lang.reflect.Field"	"private"	"org.apache.rocketmq.common.protocol.header.QueryMessageRequestHeader::beginTimestamp"	"java.lang.Long"	1
"org.apache.rocketmq:rocketmq-acl"	"org.apache.rocketmq.acl.common.AclClientRPCHook::parseRequestContent(Lorg/apache/rocketmq/remoting/protocol/RemotingCommand;Ljava/lang/String;Ljava/lang/String;)Ljava/util/SortedMap;"	"org.apache.rocketmq:rocketmq-common:4.9.1"	"java.lang.reflect.Field"	"private"	"org.apache.rocketmq.common.protocol.header.QueryMessageRequestHeader::endTimestamp"	"java.lang.Long"	1
"org.apache.rocketmq:rocketmq-acl"	"org.apache.rocketmq.acl.common.AclClientRPCHook::parseRequestContent(Lorg/apache/rocketmq/remoting/protocol/RemotingCommand;Ljava/lang/String;Ljava/lang/String;)Ljava/util/SortedMap;"	"org.apache.rocketmq:rocketmq-common:4.9.1"	"java.lang.reflect.Field"	"private"	"org.apache.rocketmq.common.protocol.header.QueryMessageRequestHeader::key"	"java.lang.String"	1
"org.apache.rocketmq:rocketmq-acl"	"org.apache.rocketmq.acl.common.AclClientRPCHook::parseRequestContent(Lorg/apache/rocketmq/remoting/protocol/RemotingCommand;Ljava/lang/String;Ljava/lang/String;)Ljava/util/SortedMap;"	"org.apache.rocketmq:rocketmq-common:4.9.1"	"java.lang.reflect.Field"	"private"	"org.apache.rocketmq.common.protocol.header.QueryMessageRequestHeader::maxNum"	"java.lang.Integer"	1
"org.apache.rocketmq:rocketmq-acl"	"org.apache.rocketmq.acl.common.AclClientRPCHook::parseRequestContent(Lorg/apache/rocketmq/remoting/protocol/RemotingCommand;Ljava/lang/String;Ljava/lang/String;)Ljava/util/SortedMap;"	"org.apache.rocketmq:rocketmq-common:4.9.1"	"java.lang.reflect.Field"	"private"	"org.apache.rocketmq.common.protocol.header.QueryMessageRequestHeader::topic"	"java.lang.String"	1
"org.apache.rocketmq:rocketmq-acl"	"org.apache.rocketmq.acl.common.AclClientRPCHook::parseRequestContent(Lorg/apache/rocketmq/remoting/protocol/RemotingCommand;Ljava/lang/String;Ljava/lang/String;)Ljava/util/SortedMap;"	"org.apache.rocketmq:rocketmq-common:4.9.1"	"java.lang.reflect.Field"	"private"	"org.apache.rocketmq.common.protocol.header.SendMessageRequestHeader::batch"	"boolean"	1
"org.apache.rocketmq:rocketmq-acl"	"org.apache.rocketmq.acl.common.AclClientRPCHook::parseRequestContent(Lorg/apache/rocketmq/remoting/protocol/RemotingCommand;Ljava/lang/String;Ljava/lang/String;)Ljava/util/SortedMap;"	"org.apache.rocketmq:rocketmq-common:4.9.1"	"java.lang.reflect.Field"	"private"	"org.apache.rocketmq.common.protocol.header.SendMessageRequestHeader::bornTimestamp"	"java.lang.Long"	1
"org.apache.rocketmq:rocketmq-acl"	"org.apache.rocketmq.acl.common.AclClientRPCHook::parseRequestContent(Lorg/apache/rocketmq/remoting/protocol/RemotingCommand;Ljava/lang/String;Ljava/lang/String;)Ljava/util/SortedMap;"	"org.apache.rocketmq:rocketmq-common:4.9.1"	"java.lang.reflect.Field"	"private"	"org.apache.rocketmq.common.protocol.header.SendMessageRequestHeader::defaultTopic"	"java.lang.String"	1
"org.apache.rocketmq:rocketmq-acl"	"org.apache.rocketmq.acl.common.AclClientRPCHook::parseRequestContent(Lorg/apache/rocketmq/remoting/protocol/RemotingCommand;Ljava/lang/String;Ljava/lang/String;)Ljava/util/SortedMap;"	"org.apache.rocketmq:rocketmq-common:4.9.1"	"java.lang.reflect.Field"	"private"	"org.apache.rocketmq.common.protocol.header.SendMessageRequestHeader::defaultTopicQueueNums"	"java.lang.Integer"	1
"org.apache.rocketmq:rocketmq-acl"	"org.apache.rocketmq.acl.common.AclClientRPCHook::parseRequestContent(Lorg/apache/rocketmq/remoting/protocol/RemotingCommand;Ljava/lang/String;Ljava/lang/String;)Ljava/util/SortedMap;"	"org.apache.rocketmq:rocketmq-common:4.9.1"	"java.lang.reflect.Field"	"private"	"org.apache.rocketmq.common.protocol.header.SendMessageRequestHeader::flag"	"java.lang.Integer"	1
"org.apache.rocketmq:rocketmq-acl"	"org.apache.rocketmq.acl.common.AclClientRPCHook::parseRequestContent(Lorg/apache/rocketmq/remoting/protocol/RemotingCommand;Ljava/lang/String;Ljava/lang/String;)Ljava/util/SortedMap;"	"org.apache.rocketmq:rocketmq-common:4.9.1"	"java.lang.reflect.Field"	"private"	"org.apache.rocketmq.common.protocol.header.SendMessageRequestHeader::maxReconsumeTimes"	"java.lang.Integer"	1
"org.apache.rocketmq:rocketmq-acl"	"org.apache.rocketmq.acl.common.AclClientRPCHook::parseRequestContent(Lorg/apache/rocketmq/remoting/protocol/RemotingCommand;Ljava/lang/String;Ljava/lang/String;)Ljava/util/SortedMap;"	"org.apache.rocketmq:rocketmq-common:4.9.1"	"java.lang.reflect.Field"	"private"	"org.apache.rocketmq.common.protocol.header.SendMessageRequestHeader::producerGroup"	"java.lang.String"	1
"org.apache.rocketmq:rocketmq-acl"	"org.apache.rocketmq.acl.common.AclClientRPCHook::parseRequestContent(Lorg/apache/rocketmq/remoting/protocol/RemotingCommand;Ljava/lang/String;Ljava/lang/String;)Ljava/util/SortedMap;"	"org.apache.rocketmq:rocketmq-common:4.9.1"	"java.lang.reflect.Field"	"private"	"org.apache.rocketmq.common.protocol.header.SendMessageRequestHeader::properties"	"java.lang.String"	1
"org.apache.rocketmq:rocketmq-acl"	"org.apache.rocketmq.acl.common.AclClientRPCHook::parseRequestContent(Lorg/apache/rocketmq/remoting/protocol/RemotingCommand;Ljava/lang/String;Ljava/lang/String;)Ljava/util/SortedMap;"	"org.apache.rocketmq:rocketmq-common:4.9.1"	"java.lang.reflect.Field"	"private"	"org.apache.rocketmq.common.protocol.header.SendMessageRequestHeader::queueId"	"java.lang.Integer"	1
"org.apache.rocketmq:rocketmq-acl"	"org.apache.rocketmq.acl.common.AclClientRPCHook::parseRequestContent(Lorg/apache/rocketmq/remoting/protocol/RemotingCommand;Ljava/lang/String;Ljava/lang/String;)Ljava/util/SortedMap;"	"org.apache.rocketmq:rocketmq-common:4.9.1"	"java.lang.reflect.Field"	"private"	"org.apache.rocketmq.common.protocol.header.SendMessageRequestHeader::reconsumeTimes"	"java.lang.Integer"	1
"org.apache.rocketmq:rocketmq-acl"	"org.apache.rocketmq.acl.common.AclClientRPCHook::parseRequestContent(Lorg/apache/rocketmq/remoting/protocol/RemotingCommand;Ljava/lang/String;Ljava/lang/String;)Ljava/util/SortedMap;"	"org.apache.rocketmq:rocketmq-common:4.9.1"	"java.lang.reflect.Field"	"private"	"org.apache.rocketmq.common.protocol.header.SendMessageRequestHeader::sysFlag"	"java.lang.Integer"	1
"org.apache.rocketmq:rocketmq-acl"	"org.apache.rocketmq.acl.common.AclClientRPCHook::parseRequestContent(Lorg/apache/rocketmq/remoting/protocol/RemotingCommand;Ljava/lang/String;Ljava/lang/String;)Ljava/util/SortedMap;"	"org.apache.rocketmq:rocketmq-common:4.9.1"	"java.lang.reflect.Field"	"private"	"org.apache.rocketmq.common.protocol.header.SendMessageRequestHeader::topic"	"java.lang.String"	1
"org.apache.rocketmq:rocketmq-acl"	"org.apache.rocketmq.acl.common.AclClientRPCHook::parseRequestContent(Lorg/apache/rocketmq/remoting/protocol/RemotingCommand;Ljava/lang/String;Ljava/lang/String;)Ljava/util/SortedMap;"	"org.apache.rocketmq:rocketmq-common:4.9.1"	"java.lang.reflect.Field"	"private"	"org.apache.rocketmq.common.protocol.header.SendMessageRequestHeader::unitMode"	"boolean"	1
"org.apache.rocketmq:rocketmq-acl"	"org.apache.rocketmq.acl.common.AclClientRPCHook::parseRequestContent(Lorg/apache/rocketmq/remoting/protocol/RemotingCommand;Ljava/lang/String;Ljava/lang/String;)Ljava/util/SortedMap;"	"org.apache.rocketmq:rocketmq-common:4.9.1"	"java.lang.reflect.Field"	"private"	"org.apache.rocketmq.common.protocol.header.SendMessageRequestHeaderV2::a"	"java.lang.String"	1
"org.apache.rocketmq:rocketmq-acl"	"org.apache.rocketmq.acl.common.AclClientRPCHook::parseRequestContent(Lorg/apache/rocketmq/remoting/protocol/RemotingCommand;Ljava/lang/String;Ljava/lang/String;)Ljava/util/SortedMap;"	"org.apache.rocketmq:rocketmq-common:4.9.1"	"java.lang.reflect.Field"	"private"	"org.apache.rocketmq.common.protocol.header.SendMessageRequestHeaderV2::b"	"java.lang.String"	1
"org.apache.rocketmq:rocketmq-acl"	"org.apache.rocketmq.acl.common.AclClientRPCHook::parseRequestContent(Lorg/apache/rocketmq/remoting/protocol/RemotingCommand;Ljava/lang/String;Ljava/lang/String;)Ljava/util/SortedMap;"	"org.apache.rocketmq:rocketmq-common:4.9.1"	"java.lang.reflect.Field"	"private"	"org.apache.rocketmq.common.protocol.header.SendMessageRequestHeaderV2::c"	"java.lang.String"	1
"org.apache.rocketmq:rocketmq-acl"	"org.apache.rocketmq.acl.common.AclClientRPCHook::parseRequestContent(Lorg/apache/rocketmq/remoting/protocol/RemotingCommand;Ljava/lang/String;Ljava/lang/String;)Ljava/util/SortedMap;"	"org.apache.rocketmq:rocketmq-common:4.9.1"	"java.lang.reflect.Field"	"private"	"org.apache.rocketmq.common.protocol.header.SendMessageRequestHeaderV2::d"	"java.lang.Integer"	1
"org.apache.rocketmq:rocketmq-acl"	"org.apache.rocketmq.acl.common.AclClientRPCHook::parseRequestContent(Lorg/apache/rocketmq/remoting/protocol/RemotingCommand;Ljava/lang/String;Ljava/lang/String;)Ljava/util/SortedMap;"	"org.apache.rocketmq:rocketmq-common:4.9.1"	"java.lang.reflect.Field"	"private"	"org.apache.rocketmq.common.protocol.header.SendMessageRequestHeaderV2::e"	"java.lang.Integer"	1
"org.apache.rocketmq:rocketmq-acl"	"org.apache.rocketmq.acl.common.AclClientRPCHook::parseRequestContent(Lorg/apache/rocketmq/remoting/protocol/RemotingCommand;Ljava/lang/String;Ljava/lang/String;)Ljava/util/SortedMap;"	"org.apache.rocketmq:rocketmq-common:4.9.1"	"java.lang.reflect.Field"	"private"	"org.apache.rocketmq.common.protocol.header.SendMessageRequestHeaderV2::f"	"java.lang.Integer"	1
"org.apache.rocketmq:rocketmq-acl"	"org.apache.rocketmq.acl.common.AclClientRPCHook::parseRequestContent(Lorg/apache/rocketmq/remoting/protocol/RemotingCommand;Ljava/lang/String;Ljava/lang/String;)Ljava/util/SortedMap;"	"org.apache.rocketmq:rocketmq-common:4.9.1"	"java.lang.reflect.Field"	"private"	"org.apache.rocketmq.common.protocol.header.SendMessageRequestHeaderV2::g"	"java.lang.Long"	1
"org.apache.rocketmq:rocketmq-acl"	"org.apache.rocketmq.acl.common.AclClientRPCHook::parseRequestContent(Lorg/apache/rocketmq/remoting/protocol/RemotingCommand;Ljava/lang/String;Ljava/lang/String;)Ljava/util/SortedMap;"	"org.apache.rocketmq:rocketmq-common:4.9.1"	"java.lang.reflect.Field"	"private"	"org.apache.rocketmq.common.protocol.header.SendMessageRequestHeaderV2::h"	"java.lang.Integer"	1
"org.apache.rocketmq:rocketmq-acl"	"org.apache.rocketmq.acl.common.AclClientRPCHook::parseRequestContent(Lorg/apache/rocketmq/remoting/protocol/RemotingCommand;Ljava/lang/String;Ljava/lang/String;)Ljava/util/SortedMap;"	"org.apache.rocketmq:rocketmq-common:4.9.1"	"java.lang.reflect.Field"	"private"	"org.apache.rocketmq.common.protocol.header.SendMessageRequestHeaderV2::i"	"java.lang.String"	1
"org.apache.rocketmq:rocketmq-acl"	"org.apache.rocketmq.acl.common.AclClientRPCHook::parseRequestContent(Lorg/apache/rocketmq/remoting/protocol/RemotingCommand;Ljava/lang/String;Ljava/lang/String;)Ljava/util/SortedMap;"	"org.apache.rocketmq:rocketmq-common:4.9.1"	"java.lang.reflect.Field"	"private"	"org.apache.rocketmq.common.protocol.header.SendMessageRequestHeaderV2::j"	"java.lang.Integer"	1
"org.apache.rocketmq:rocketmq-acl"	"org.apache.rocketmq.acl.common.AclClientRPCHook::parseRequestContent(Lorg/apache/rocketmq/remoting/protocol/RemotingCommand;Ljava/lang/String;Ljava/lang/String;)Ljava/util/SortedMap;"	"org.apache.rocketmq:rocketmq-common:4.9.1"	"java.lang.reflect.Field"	"private"	"org.apache.rocketmq.common.protocol.header.SendMessageRequestHeaderV2::k"	"boolean"	1
"org.apache.rocketmq:rocketmq-acl"	"org.apache.rocketmq.acl.common.AclClientRPCHook::parseRequestContent(Lorg/apache/rocketmq/remoting/protocol/RemotingCommand;Ljava/lang/String;Ljava/lang/String;)Ljava/util/SortedMap;"	"org.apache.rocketmq:rocketmq-common:4.9.1"	"java.lang.reflect.Field"	"private"	"org.apache.rocketmq.common.protocol.header.SendMessageRequestHeaderV2::l"	"java.lang.Integer"	1
"org.apache.rocketmq:rocketmq-acl"	"org.apache.rocketmq.acl.common.AclClientRPCHook::parseRequestContent(Lorg/apache/rocketmq/remoting/protocol/RemotingCommand;Ljava/lang/String;Ljava/lang/String;)Ljava/util/SortedMap;"	"org.apache.rocketmq:rocketmq-common:4.9.1"	"java.lang.reflect.Field"	"private"	"org.apache.rocketmq.common.protocol.header.SendMessageRequestHeaderV2::m"	"boolean"	1
"org.apache.rocketmq:rocketmq-acl"	"org.apache.rocketmq.acl.common.AclClientRPCHook::parseRequestContent(Lorg/apache/rocketmq/remoting/protocol/RemotingCommand;Ljava/lang/String;Ljava/lang/String;)Ljava/util/SortedMap;"	"org.apache.rocketmq:rocketmq-common:4.9.1"	"java.lang.reflect.Field"	"private"	"org.apache.rocketmq.common.protocol.header.UnregisterClientRequestHeader::clientID"	"java.lang.String"	1
"org.apache.rocketmq:rocketmq-acl"	"org.apache.rocketmq.acl.common.AclClientRPCHook::parseRequestContent(Lorg/apache/rocketmq/remoting/protocol/RemotingCommand;Ljava/lang/String;Ljava/lang/String;)Ljava/util/SortedMap;"	"org.apache.rocketmq:rocketmq-common:4.9.1"	"java.lang.reflect.Field"	"private"	"org.apache.rocketmq.common.protocol.header.UnregisterClientRequestHeader::consumerGroup"	"java.lang.String"	1
"org.apache.rocketmq:rocketmq-acl"	"org.apache.rocketmq.acl.common.AclClientRPCHook::parseRequestContent(Lorg/apache/rocketmq/remoting/protocol/RemotingCommand;Ljava/lang/String;Ljava/lang/String;)Ljava/util/SortedMap;"	"org.apache.rocketmq:rocketmq-common:4.9.1"	"java.lang.reflect.Field"	"private"	"org.apache.rocketmq.common.protocol.header.UnregisterClientRequestHeader::producerGroup"	"java.lang.String"	1
"org.apache.rocketmq:rocketmq-acl"	"org.apache.rocketmq.acl.common.AclClientRPCHook::parseRequestContent(Lorg/apache/rocketmq/remoting/protocol/RemotingCommand;Ljava/lang/String;Ljava/lang/String;)Ljava/util/SortedMap;"	"org.apache.rocketmq:rocketmq-common:4.9.1"	"java.lang.reflect.Field"	"private"	"org.apache.rocketmq.common.protocol.header.UpdateConsumerOffsetRequestHeader::commitOffset"	"java.lang.Long"	1
"org.apache.rocketmq:rocketmq-acl"	"org.apache.rocketmq.acl.common.AclClientRPCHook::parseRequestContent(Lorg/apache/rocketmq/remoting/protocol/RemotingCommand;Ljava/lang/String;Ljava/lang/String;)Ljava/util/SortedMap;"	"org.apache.rocketmq:rocketmq-common:4.9.1"	"java.lang.reflect.Field"	"private"	"org.apache.rocketmq.common.protocol.header.UpdateConsumerOffsetRequestHeader::consumerGroup"	"java.lang.String"	1
"org.apache.rocketmq:rocketmq-acl"	"org.apache.rocketmq.acl.common.AclClientRPCHook::parseRequestContent(Lorg/apache/rocketmq/remoting/protocol/RemotingCommand;Ljava/lang/String;Ljava/lang/String;)Ljava/util/SortedMap;"	"org.apache.rocketmq:rocketmq-common:4.9.1"	"java.lang.reflect.Field"	"private"	"org.apache.rocketmq.common.protocol.header.UpdateConsumerOffsetRequestHeader::queueId"	"java.lang.Integer"	1
"org.apache.rocketmq:rocketmq-acl"	"org.apache.rocketmq.acl.common.AclClientRPCHook::parseRequestContent(Lorg/apache/rocketmq/remoting/protocol/RemotingCommand;Ljava/lang/String;Ljava/lang/String;)Ljava/util/SortedMap;"	"org.apache.rocketmq:rocketmq-common:4.9.1"	"java.lang.reflect.Field"	"private"	"org.apache.rocketmq.common.protocol.header.UpdateConsumerOffsetRequestHeader::topic"	"java.lang.String"	1
