Caller Library	Field Name	Declared Class	Actual Class	Field Signature	Static	Visibility	Field Library	Reflective	Count
ch.qos.logback:logback-classic:1.2.5	ch.qos.logback.core.spi.FilterReply::DENY	ch.qos.logback.core.spi.FilterReply	ch.qos.logback.core.spi.FilterReply	ch.qos.logback.core.spi.FilterReply	TRUE	public	ch.qos.logback:logback-core:1.2.5	FALSE	10
ch.qos.logback:logback-classic:1.2.5	ch.qos.logback.core.spi.FilterReply::NEUTRAL	ch.qos.logback.core.spi.FilterReply	ch.qos.logback.core.spi.FilterReply	ch.qos.logback.core.spi.FilterReply	TRUE	public	ch.qos.logback:logback-core:1.2.5	FALSE	14
org.slf4j:slf4j-api:1.7.31	org.slf4j.impl.StaticMDCBinder::SINGLETON	org.slf4j.impl.StaticMDCBinder	org.slf4j.impl.StaticMDCBinder	org.slf4j.impl.StaticMDCBinder	TRUE	public	ch.qos.logback:logback-classic:1.2.5	FALSE	1
ch.qos.logback:logback-classic:1.2.5	ch.qos.logback.core.spi.FilterReply::ACCEPT	ch.qos.logback.core.spi.FilterReply	ch.qos.logback.core.spi.FilterReply	ch.qos.logback.core.spi.FilterReply	TRUE	public	ch.qos.logback:logback-core:1.2.5	FALSE	7
ch.qos.logback:logback-classic:1.2.5	ch.qos.logback.core.spi.FilterReply::DENY	ch.qos.logback.core.spi.FilterReply	ch.qos.logback.core.spi.FilterReply	ch.qos.logback.core.spi.FilterReply	TRUE	public	ch.qos.logback:logback-core:1.2.5	FALSE	10
org.slf4j:slf4j-api:1.7.31	org.slf4j.impl.StaticLoggerBinder::REQUESTED_API_VERSION	org.slf4j.impl.StaticLoggerBinder	org.slf4j.impl.StaticLoggerBinder	java.lang.String	TRUE	public	ch.qos.logback:logback-classic:1.2.5	FALSE	1
ch.qos.logback:logback-classic:1.2.5	ch.qos.logback.core.spi.FilterReply::NEUTRAL	ch.qos.logback.core.spi.FilterReply	ch.qos.logback.core.spi.FilterReply	ch.qos.logback.core.spi.FilterReply	TRUE	public	ch.qos.logback:logback-core:1.2.5	FALSE	14
ch.qos.logback:logback-classic:1.2.5	ch.qos.logback.core.CoreConstants::LINE_SEPARATOR	ch.qos.logback.core.CoreConstants	ch.qos.logback.core.CoreConstants	java.lang.String	TRUE	public	ch.qos.logback:logback-core:1.2.5	FALSE	5
ch.qos.logback:logback-classic:1.2.5	ch.qos.logback.core.spi.FilterReply::ACCEPT	ch.qos.logback.core.spi.FilterReply	ch.qos.logback.core.spi.FilterReply	ch.qos.logback.core.spi.FilterReply	TRUE	public	ch.qos.logback:logback-core:1.2.5	FALSE	7
ch.qos.logback:logback-classic:1.2.5	ch.qos.logback.core.spi.FilterReply::DENY	ch.qos.logback.core.spi.FilterReply	ch.qos.logback.core.spi.FilterReply	ch.qos.logback.core.spi.FilterReply	TRUE	public	ch.qos.logback:logback-core:1.2.5	FALSE	10
org.slf4j:slf4j-api:1.7.31	org.slf4j.impl.StaticLoggerBinder::REQUESTED_API_VERSION	org.slf4j.impl.StaticLoggerBinder	org.slf4j.impl.StaticLoggerBinder	java.lang.String	TRUE	public	ch.qos.logback:logback-classic:1.2.5	FALSE	1
ch.qos.logback:logback-classic:1.2.5	ch.qos.logback.core.spi.FilterReply::NEUTRAL	ch.qos.logback.core.spi.FilterReply	ch.qos.logback.core.spi.FilterReply	ch.qos.logback.core.spi.FilterReply	TRUE	public	ch.qos.logback:logback-core:1.2.5	FALSE	14
org.slf4j:slf4j-api:1.7.31	org.slf4j.impl.StaticMDCBinder::SINGLETON	org.slf4j.impl.StaticMDCBinder	org.slf4j.impl.StaticMDCBinder	org.slf4j.impl.StaticMDCBinder	TRUE	public	ch.qos.logback:logback-classic:1.2.5	FALSE	1
ch.qos.logback:logback-classic:1.2.5	ch.qos.logback.core.CoreConstants::LINE_SEPARATOR	ch.qos.logback.core.CoreConstants	ch.qos.logback.core.CoreConstants	java.lang.String	TRUE	public	ch.qos.logback:logback-core:1.2.5	FALSE	5
ch.qos.logback:logback-classic:1.2.5	ch.qos.logback.core.spi.FilterReply::ACCEPT	ch.qos.logback.core.spi.FilterReply	ch.qos.logback.core.spi.FilterReply	ch.qos.logback.core.spi.FilterReply	TRUE	public	ch.qos.logback:logback-core:1.2.5	FALSE	7
ch.qos.logback:logback-classic:1.2.5	ch.qos.logback.core.spi.FilterReply::DENY	ch.qos.logback.core.spi.FilterReply	ch.qos.logback.core.spi.FilterReply	ch.qos.logback.core.spi.FilterReply	TRUE	public	ch.qos.logback:logback-core:1.2.5	FALSE	10
org.slf4j:slf4j-api:1.7.31	org.slf4j.impl.StaticLoggerBinder::REQUESTED_API_VERSION	org.slf4j.impl.StaticLoggerBinder	org.slf4j.impl.StaticLoggerBinder	java.lang.String	TRUE	public	ch.qos.logback:logback-classic:1.2.5	FALSE	1
ch.qos.logback:logback-classic:1.2.5	ch.qos.logback.core.spi.FilterReply::NEUTRAL	ch.qos.logback.core.spi.FilterReply	ch.qos.logback.core.spi.FilterReply	ch.qos.logback.core.spi.FilterReply	TRUE	public	ch.qos.logback:logback-core:1.2.5	FALSE	14
ch.qos.logback:logback-classic:1.2.5	ch.qos.logback.core.CoreConstants::LINE_SEPARATOR	ch.qos.logback.core.CoreConstants	ch.qos.logback.core.CoreConstants	java.lang.String	TRUE	public	ch.qos.logback:logback-core:1.2.5	FALSE	5
ch.qos.logback:logback-classic:1.2.5	ch.qos.logback.core.spi.FilterReply::ACCEPT	ch.qos.logback.core.spi.FilterReply	ch.qos.logback.core.spi.FilterReply	ch.qos.logback.core.spi.FilterReply	TRUE	public	ch.qos.logback:logback-core:1.2.5	FALSE	7
ch.qos.logback:logback-classic:1.2.5	ch.qos.logback.core.spi.FilterReply::DENY	ch.qos.logback.core.spi.FilterReply	ch.qos.logback.core.spi.FilterReply	ch.qos.logback.core.spi.FilterReply	TRUE	public	ch.qos.logback:logback-core:1.2.5	FALSE	10
ch.qos.logback:logback-classic:1.2.5	ch.qos.logback.core.spi.FilterReply::NEUTRAL	ch.qos.logback.core.spi.FilterReply	ch.qos.logback.core.spi.FilterReply	ch.qos.logback.core.spi.FilterReply	TRUE	public	ch.qos.logback:logback-core:1.2.5	FALSE	14
ch.qos.logback:logback-classic:1.2.5	ch.qos.logback.core.spi.FilterReply::ACCEPT	ch.qos.logback.core.spi.FilterReply	ch.qos.logback.core.spi.FilterReply	ch.qos.logback.core.spi.FilterReply	TRUE	public	ch.qos.logback:logback-core:1.2.5	FALSE	7
ch.qos.logback:logback-classic:1.2.5	ch.qos.logback.core.CoreConstants::EMPTY_CLASS_ARRAY	ch.qos.logback.core.CoreConstants	ch.qos.logback.core.CoreConstants	java.lang.Class<?>[]	TRUE	public	ch.qos.logback:logback-core:1.2.5	FALSE	1
ch.qos.logback:logback-classic:1.2.5	ch.qos.logback.core.CoreConstants::EMPTY_STRING_ARRAY	ch.qos.logback.core.CoreConstants	ch.qos.logback.core.CoreConstants	java.lang.String[]	TRUE	public	ch.qos.logback:logback-core:1.2.5	FALSE	1
ch.qos.logback:logback-classic:1.2.5	ch.qos.logback.core.spi.FilterReply::DENY	ch.qos.logback.core.spi.FilterReply	ch.qos.logback.core.spi.FilterReply	ch.qos.logback.core.spi.FilterReply	TRUE	public	ch.qos.logback:logback-core:1.2.5	FALSE	10
ch.qos.logback:logback-classic:1.2.5	ch.qos.logback.core.spi.FilterReply::NEUTRAL	ch.qos.logback.core.spi.FilterReply	ch.qos.logback.core.spi.FilterReply	ch.qos.logback.core.spi.FilterReply	TRUE	public	ch.qos.logback:logback-core:1.2.5	FALSE	14
org.slf4j:slf4j-api:1.7.31	org.slf4j.impl.StaticMDCBinder::SINGLETON	org.slf4j.impl.StaticMDCBinder	org.slf4j.impl.StaticMDCBinder	org.slf4j.impl.StaticMDCBinder	TRUE	public	ch.qos.logback:logback-classic:1.2.5	FALSE	1
ch.qos.logback:logback-classic:1.2.5	ch.qos.logback.core.CoreConstants::LINE_SEPARATOR	ch.qos.logback.core.CoreConstants	ch.qos.logback.core.CoreConstants	java.lang.String	TRUE	public	ch.qos.logback:logback-core:1.2.5	FALSE	7
ch.qos.logback:logback-classic:1.2.5	ch.qos.logback.core.spi.FilterReply::ACCEPT	ch.qos.logback.core.spi.FilterReply	ch.qos.logback.core.spi.FilterReply	ch.qos.logback.core.spi.FilterReply	TRUE	public	ch.qos.logback:logback-core:1.2.5	FALSE	7
ch.qos.logback:logback-classic:1.2.5	ch.qos.logback.core.CoreConstants::EMPTY_CLASS_ARRAY	ch.qos.logback.core.CoreConstants	ch.qos.logback.core.CoreConstants	java.lang.Class<?>[]	TRUE	public	ch.qos.logback:logback-core:1.2.5	FALSE	1
ch.qos.logback:logback-classic:1.2.5	ch.qos.logback.core.CoreConstants::EMPTY_STRING_ARRAY	ch.qos.logback.core.CoreConstants	ch.qos.logback.core.CoreConstants	java.lang.String[]	TRUE	public	ch.qos.logback:logback-core:1.2.5	FALSE	1
org.slf4j:slf4j-api:1.7.31	org.slf4j.impl.StaticMarkerBinder::SINGLETON	org.slf4j.impl.StaticMarkerBinder	org.slf4j.impl.StaticMarkerBinder	org.slf4j.impl.StaticMarkerBinder	TRUE	public	ch.qos.logback:logback-classic:1.2.5	FALSE	1
ch.qos.logback:logback-classic:1.2.5	ch.qos.logback.core.spi.FilterReply::DENY	ch.qos.logback.core.spi.FilterReply	ch.qos.logback.core.spi.FilterReply	ch.qos.logback.core.spi.FilterReply	TRUE	public	ch.qos.logback:logback-core:1.2.5	FALSE	10
org.slf4j:slf4j-api:1.7.31	org.slf4j.impl.StaticLoggerBinder::REQUESTED_API_VERSION	org.slf4j.impl.StaticLoggerBinder	org.slf4j.impl.StaticLoggerBinder	java.lang.String	TRUE	public	ch.qos.logback:logback-classic:1.2.5	FALSE	1
ch.qos.logback:logback-classic:1.2.5	ch.qos.logback.core.spi.FilterReply::NEUTRAL	ch.qos.logback.core.spi.FilterReply	ch.qos.logback.core.spi.FilterReply	ch.qos.logback.core.spi.FilterReply	TRUE	public	ch.qos.logback:logback-core:1.2.5	FALSE	14
org.slf4j:slf4j-api:1.7.31	org.slf4j.impl.StaticMDCBinder::SINGLETON	org.slf4j.impl.StaticMDCBinder	org.slf4j.impl.StaticMDCBinder	org.slf4j.impl.StaticMDCBinder	TRUE	public	ch.qos.logback:logback-classic:1.2.5	FALSE	1
ch.qos.logback:logback-classic:1.2.5	ch.qos.logback.core.CoreConstants::LINE_SEPARATOR	ch.qos.logback.core.CoreConstants	ch.qos.logback.core.CoreConstants	java.lang.String	TRUE	public	ch.qos.logback:logback-core:1.2.5	FALSE	7
ch.qos.logback:logback-classic:1.2.5	ch.qos.logback.core.spi.FilterReply::ACCEPT	ch.qos.logback.core.spi.FilterReply	ch.qos.logback.core.spi.FilterReply	ch.qos.logback.core.spi.FilterReply	TRUE	public	ch.qos.logback:logback-core:1.2.5	FALSE	7
ch.qos.logback:logback-classic:1.2.5	ch.qos.logback.core.CoreConstants::EMPTY_CLASS_ARRAY	ch.qos.logback.core.CoreConstants	ch.qos.logback.core.CoreConstants	java.lang.Class<?>[]	TRUE	public	ch.qos.logback:logback-core:1.2.5	FALSE	1
ch.qos.logback:logback-classic:1.2.5	ch.qos.logback.core.CoreConstants::EMPTY_STRING_ARRAY	ch.qos.logback.core.CoreConstants	ch.qos.logback.core.CoreConstants	java.lang.String[]	TRUE	public	ch.qos.logback:logback-core:1.2.5	FALSE	1
ch.qos.logback:logback-classic:1.2.5	ch.qos.logback.core.spi.FilterReply::DENY	ch.qos.logback.core.spi.FilterReply	ch.qos.logback.core.spi.FilterReply	ch.qos.logback.core.spi.FilterReply	TRUE	public	ch.qos.logback:logback-core:1.2.5	FALSE	10
org.slf4j:slf4j-api:1.7.31	org.slf4j.impl.StaticLoggerBinder::REQUESTED_API_VERSION	org.slf4j.impl.StaticLoggerBinder	org.slf4j.impl.StaticLoggerBinder	java.lang.String	TRUE	public	ch.qos.logback:logback-classic:1.2.5	FALSE	1
ch.qos.logback:logback-classic:1.2.5	ch.qos.logback.core.spi.FilterReply::NEUTRAL	ch.qos.logback.core.spi.FilterReply	ch.qos.logback.core.spi.FilterReply	ch.qos.logback.core.spi.FilterReply	TRUE	public	ch.qos.logback:logback-core:1.2.5	FALSE	14
org.slf4j:slf4j-api:1.7.31	org.slf4j.impl.StaticMDCBinder::SINGLETON	org.slf4j.impl.StaticMDCBinder	org.slf4j.impl.StaticMDCBinder	org.slf4j.impl.StaticMDCBinder	TRUE	public	ch.qos.logback:logback-classic:1.2.5	FALSE	1
ch.qos.logback:logback-classic:1.2.5	ch.qos.logback.core.CoreConstants::LINE_SEPARATOR	ch.qos.logback.core.CoreConstants	ch.qos.logback.core.CoreConstants	java.lang.String	TRUE	public	ch.qos.logback:logback-core:1.2.5	FALSE	7
ch.qos.logback:logback-classic:1.2.5	ch.qos.logback.core.spi.FilterReply::ACCEPT	ch.qos.logback.core.spi.FilterReply	ch.qos.logback.core.spi.FilterReply	ch.qos.logback.core.spi.FilterReply	TRUE	public	ch.qos.logback:logback-core:1.2.5	FALSE	7
ch.qos.logback:logback-classic:1.2.5	ch.qos.logback.core.CoreConstants::EMPTY_CLASS_ARRAY	ch.qos.logback.core.CoreConstants	ch.qos.logback.core.CoreConstants	java.lang.Class<?>[]	TRUE	public	ch.qos.logback:logback-core:1.2.5	FALSE	1
ch.qos.logback:logback-classic:1.2.5	ch.qos.logback.core.CoreConstants::EMPTY_STRING_ARRAY	ch.qos.logback.core.CoreConstants	ch.qos.logback.core.CoreConstants	java.lang.String[]	TRUE	public	ch.qos.logback:logback-core:1.2.5	FALSE	1
ch.qos.logback:logback-classic:1.2.5	ch.qos.logback.core.spi.FilterReply::DENY	ch.qos.logback.core.spi.FilterReply	ch.qos.logback.core.spi.FilterReply	ch.qos.logback.core.spi.FilterReply	TRUE	public	ch.qos.logback:logback-core:1.2.5	FALSE	10
ch.qos.logback:logback-classic:1.2.5	ch.qos.logback.core.spi.FilterReply::NEUTRAL	ch.qos.logback.core.spi.FilterReply	ch.qos.logback.core.spi.FilterReply	ch.qos.logback.core.spi.FilterReply	TRUE	public	ch.qos.logback:logback-core:1.2.5	FALSE	14
org.slf4j:slf4j-api:1.7.31	org.slf4j.impl.StaticMDCBinder::SINGLETON	org.slf4j.impl.StaticMDCBinder	org.slf4j.impl.StaticMDCBinder	org.slf4j.impl.StaticMDCBinder	TRUE	public	ch.qos.logback:logback-classic:1.2.5	FALSE	1
ch.qos.logback:logback-classic:1.2.5	ch.qos.logback.core.CoreConstants::LINE_SEPARATOR	ch.qos.logback.core.CoreConstants	ch.qos.logback.core.CoreConstants	java.lang.String	TRUE	public	ch.qos.logback:logback-core:1.2.5	FALSE	1
ch.qos.logback:logback-classic:1.2.5	ch.qos.logback.core.spi.FilterReply::ACCEPT	ch.qos.logback.core.spi.FilterReply	ch.qos.logback.core.spi.FilterReply	ch.qos.logback.core.spi.FilterReply	TRUE	public	ch.qos.logback:logback-core:1.2.5	FALSE	7
ch.qos.logback:logback-classic:1.2.5	ch.qos.logback.core.spi.FilterReply::DENY	ch.qos.logback.core.spi.FilterReply	ch.qos.logback.core.spi.FilterReply	ch.qos.logback.core.spi.FilterReply	TRUE	public	ch.qos.logback:logback-core:1.2.5	FALSE	10
org.slf4j:slf4j-api:1.7.31	org.slf4j.impl.StaticLoggerBinder::REQUESTED_API_VERSION	org.slf4j.impl.StaticLoggerBinder	org.slf4j.impl.StaticLoggerBinder	java.lang.String	TRUE	public	ch.qos.logback:logback-classic:1.2.5	FALSE	1
ch.qos.logback:logback-classic:1.2.5	ch.qos.logback.core.spi.FilterReply::NEUTRAL	ch.qos.logback.core.spi.FilterReply	ch.qos.logback.core.spi.FilterReply	ch.qos.logback.core.spi.FilterReply	TRUE	public	ch.qos.logback:logback-core:1.2.5	FALSE	14
ch.qos.logback:logback-classic:1.2.5	ch.qos.logback.core.CoreConstants::LINE_SEPARATOR	ch.qos.logback.core.CoreConstants	ch.qos.logback.core.CoreConstants	java.lang.String	TRUE	public	ch.qos.logback:logback-core:1.2.5	FALSE	5
ch.qos.logback:logback-classic:1.2.5	ch.qos.logback.core.spi.FilterReply::ACCEPT	ch.qos.logback.core.spi.FilterReply	ch.qos.logback.core.spi.FilterReply	ch.qos.logback.core.spi.FilterReply	TRUE	public	ch.qos.logback:logback-core:1.2.5	FALSE	7
ch.qos.logback:logback-classic:1.2.5	ch.qos.logback.core.spi.FilterReply::DENY	ch.qos.logback.core.spi.FilterReply	ch.qos.logback.core.spi.FilterReply	ch.qos.logback.core.spi.FilterReply	TRUE	public	ch.qos.logback:logback-core:1.2.5	FALSE	10
ch.qos.logback:logback-classic:1.2.5	ch.qos.logback.core.spi.FilterReply::NEUTRAL	ch.qos.logback.core.spi.FilterReply	ch.qos.logback.core.spi.FilterReply	ch.qos.logback.core.spi.FilterReply	TRUE	public	ch.qos.logback:logback-core:1.2.5	FALSE	14
org.slf4j:slf4j-api:1.7.31	org.slf4j.impl.StaticMDCBinder::SINGLETON	org.slf4j.impl.StaticMDCBinder	org.slf4j.impl.StaticMDCBinder	org.slf4j.impl.StaticMDCBinder	TRUE	public	ch.qos.logback:logback-classic:1.2.5	FALSE	1
ch.qos.logback:logback-classic:1.2.5	ch.qos.logback.core.CoreConstants::LINE_SEPARATOR	ch.qos.logback.core.CoreConstants	ch.qos.logback.core.CoreConstants	java.lang.String	TRUE	public	ch.qos.logback:logback-core:1.2.5	FALSE	1
ch.qos.logback:logback-classic:1.2.5	ch.qos.logback.core.spi.FilterReply::ACCEPT	ch.qos.logback.core.spi.FilterReply	ch.qos.logback.core.spi.FilterReply	ch.qos.logback.core.spi.FilterReply	TRUE	public	ch.qos.logback:logback-core:1.2.5	FALSE	7
ch.qos.logback:logback-classic:1.2.5	ch.qos.logback.core.spi.FilterReply::DENY	ch.qos.logback.core.spi.FilterReply	ch.qos.logback.core.spi.FilterReply	ch.qos.logback.core.spi.FilterReply	TRUE	public	ch.qos.logback:logback-core:1.2.5	FALSE	10
org.slf4j:slf4j-api:1.7.31	org.slf4j.impl.StaticLoggerBinder::REQUESTED_API_VERSION	org.slf4j.impl.StaticLoggerBinder	org.slf4j.impl.StaticLoggerBinder	java.lang.String	TRUE	public	ch.qos.logback:logback-classic:1.2.5	FALSE	1
ch.qos.logback:logback-core:1.2.5	javax.mail.Message$RecipientType::TO	javax.mail.Message$RecipientType	javax.mail.Message$RecipientType	javax.mail.Message$RecipientType	TRUE	public	javax.mail:mail:1.4	FALSE	1
ch.qos.logback:logback-classic:1.2.5	ch.qos.logback.core.spi.FilterReply::NEUTRAL	ch.qos.logback.core.spi.FilterReply	ch.qos.logback.core.spi.FilterReply	ch.qos.logback.core.spi.FilterReply	TRUE	public	ch.qos.logback:logback-core:1.2.5	FALSE	14
org.slf4j:slf4j-api:1.7.31	org.slf4j.impl.StaticMDCBinder::SINGLETON	org.slf4j.impl.StaticMDCBinder	org.slf4j.impl.StaticMDCBinder	org.slf4j.impl.StaticMDCBinder	TRUE	public	ch.qos.logback:logback-classic:1.2.5	FALSE	1
ch.qos.logback:logback-classic:1.2.5	ch.qos.logback.core.CoreConstants::LINE_SEPARATOR	ch.qos.logback.core.CoreConstants	ch.qos.logback.core.CoreConstants	java.lang.String	TRUE	public	ch.qos.logback:logback-core:1.2.5	FALSE	32
ch.qos.logback:logback-classic:1.2.5	ch.qos.logback.core.spi.FilterReply::ACCEPT	ch.qos.logback.core.spi.FilterReply	ch.qos.logback.core.spi.FilterReply	ch.qos.logback.core.spi.FilterReply	TRUE	public	ch.qos.logback:logback-core:1.2.5	FALSE	7
ch.qos.logback:logback-classic:1.2.5	ch.qos.logback.core.spi.FilterReply::DENY	ch.qos.logback.core.spi.FilterReply	ch.qos.logback.core.spi.FilterReply	ch.qos.logback.core.spi.FilterReply	TRUE	public	ch.qos.logback:logback-core:1.2.5	FALSE	10
org.slf4j:slf4j-api:1.7.31	org.slf4j.impl.StaticLoggerBinder::REQUESTED_API_VERSION	org.slf4j.impl.StaticLoggerBinder	org.slf4j.impl.StaticLoggerBinder	java.lang.String	TRUE	public	ch.qos.logback:logback-classic:1.2.5	FALSE	1
ch.qos.logback:logback-classic:1.2.5	ch.qos.logback.core.spi.FilterReply::NEUTRAL	ch.qos.logback.core.spi.FilterReply	ch.qos.logback.core.spi.FilterReply	ch.qos.logback.core.spi.FilterReply	TRUE	public	ch.qos.logback:logback-core:1.2.5	FALSE	14
org.slf4j:slf4j-api:1.7.31	org.slf4j.impl.StaticMDCBinder::SINGLETON	org.slf4j.impl.StaticMDCBinder	org.slf4j.impl.StaticMDCBinder	org.slf4j.impl.StaticMDCBinder	TRUE	public	ch.qos.logback:logback-classic:1.2.5	FALSE	1
ch.qos.logback:logback-classic:1.2.5	ch.qos.logback.core.CoreConstants::LINE_SEPARATOR	ch.qos.logback.core.CoreConstants	ch.qos.logback.core.CoreConstants	java.lang.String	TRUE	public	ch.qos.logback:logback-core:1.2.5	FALSE	6
ch.qos.logback:logback-classic:1.2.5	ch.qos.logback.core.spi.FilterReply::ACCEPT	ch.qos.logback.core.spi.FilterReply	ch.qos.logback.core.spi.FilterReply	ch.qos.logback.core.spi.FilterReply	TRUE	public	ch.qos.logback:logback-core:1.2.5	FALSE	7
ch.qos.logback:logback-classic:1.2.5	ch.qos.logback.core.spi.FilterReply::DENY	ch.qos.logback.core.spi.FilterReply	ch.qos.logback.core.spi.FilterReply	ch.qos.logback.core.spi.FilterReply	TRUE	public	ch.qos.logback:logback-core:1.2.5	FALSE	10
ch.qos.logback:logback-core:1.2.5	javax.mail.Message$RecipientType::TO	javax.mail.Message$RecipientType	javax.mail.Message$RecipientType	javax.mail.Message$RecipientType	TRUE	public	javax.mail:mail:1.4	FALSE	1
ch.qos.logback:logback-classic:1.2.5	ch.qos.logback.core.spi.FilterReply::NEUTRAL	ch.qos.logback.core.spi.FilterReply	ch.qos.logback.core.spi.FilterReply	ch.qos.logback.core.spi.FilterReply	TRUE	public	ch.qos.logback:logback-core:1.2.5	FALSE	14
org.slf4j:slf4j-api:1.7.31	org.slf4j.impl.StaticMDCBinder::SINGLETON	org.slf4j.impl.StaticMDCBinder	org.slf4j.impl.StaticMDCBinder	org.slf4j.impl.StaticMDCBinder	TRUE	public	ch.qos.logback:logback-classic:1.2.5	FALSE	1
ch.qos.logback:logback-classic:1.2.5	ch.qos.logback.core.CoreConstants::LINE_SEPARATOR	ch.qos.logback.core.CoreConstants	ch.qos.logback.core.CoreConstants	java.lang.String	TRUE	public	ch.qos.logback:logback-core:1.2.5	FALSE	7
ch.qos.logback:logback-classic:1.2.5	ch.qos.logback.core.spi.FilterReply::ACCEPT	ch.qos.logback.core.spi.FilterReply	ch.qos.logback.core.spi.FilterReply	ch.qos.logback.core.spi.FilterReply	TRUE	public	ch.qos.logback:logback-core:1.2.5	FALSE	7
ch.qos.logback:logback-classic:1.2.5	ch.qos.logback.core.spi.FilterReply::DENY	ch.qos.logback.core.spi.FilterReply	ch.qos.logback.core.spi.FilterReply	ch.qos.logback.core.spi.FilterReply	TRUE	public	ch.qos.logback:logback-core:1.2.5	FALSE	10
org.slf4j:slf4j-api:1.7.31	org.slf4j.impl.StaticLoggerBinder::REQUESTED_API_VERSION	org.slf4j.impl.StaticLoggerBinder	org.slf4j.impl.StaticLoggerBinder	java.lang.String	TRUE	public	ch.qos.logback:logback-classic:1.2.5	FALSE	1
ch.qos.logback:logback-classic:1.2.5	ch.qos.logback.core.spi.FilterReply::NEUTRAL	ch.qos.logback.core.spi.FilterReply	ch.qos.logback.core.spi.FilterReply	ch.qos.logback.core.spi.FilterReply	TRUE	public	ch.qos.logback:logback-core:1.2.5	FALSE	14
ch.qos.logback:logback-classic:1.2.5	ch.qos.logback.core.CoreConstants::LINE_SEPARATOR	ch.qos.logback.core.CoreConstants	ch.qos.logback.core.CoreConstants	java.lang.String	TRUE	public	ch.qos.logback:logback-core:1.2.5	FALSE	12
ch.qos.logback:logback-classic:1.2.5	ch.qos.logback.core.spi.FilterReply::ACCEPT	ch.qos.logback.core.spi.FilterReply	ch.qos.logback.core.spi.FilterReply	ch.qos.logback.core.spi.FilterReply	TRUE	public	ch.qos.logback:logback-core:1.2.5	FALSE	7
ch.qos.logback:logback-classic:1.2.5	ch.qos.logback.core.CoreConstants::EMPTY_CLASS_ARRAY	ch.qos.logback.core.CoreConstants	ch.qos.logback.core.CoreConstants	java.lang.Class<?>[]	TRUE	public	ch.qos.logback:logback-core:1.2.5	FALSE	1
ch.qos.logback:logback-classic:1.2.5	ch.qos.logback.core.CoreConstants::EMPTY_STRING_ARRAY	ch.qos.logback.core.CoreConstants	ch.qos.logback.core.CoreConstants	java.lang.String[]	TRUE	public	ch.qos.logback:logback-core:1.2.5	FALSE	1
ch.qos.logback:logback-classic:1.2.5	ch.qos.logback.core.spi.FilterReply::DENY	ch.qos.logback.core.spi.FilterReply	ch.qos.logback.core.spi.FilterReply	ch.qos.logback.core.spi.FilterReply	TRUE	public	ch.qos.logback:logback-core:1.2.5	FALSE	10
ch.qos.logback:logback-classic:1.2.5	ch.qos.logback.core.spi.FilterReply::NEUTRAL	ch.qos.logback.core.spi.FilterReply	ch.qos.logback.core.spi.FilterReply	ch.qos.logback.core.spi.FilterReply	TRUE	public	ch.qos.logback:logback-core:1.2.5	FALSE	14
ch.qos.logback:logback-classic:1.2.5	ch.qos.logback.core.spi.FilterReply::ACCEPT	ch.qos.logback.core.spi.FilterReply	ch.qos.logback.core.spi.FilterReply	ch.qos.logback.core.spi.FilterReply	TRUE	public	ch.qos.logback:logback-core:1.2.5	FALSE	7
org.slf4j:slf4j-api:1.7.31	org.slf4j.impl.StaticMarkerBinder::SINGLETON	org.slf4j.impl.StaticMarkerBinder	org.slf4j.impl.StaticMarkerBinder	org.slf4j.impl.StaticMarkerBinder	TRUE	public	ch.qos.logback:logback-classic:1.2.5	FALSE	1
ch.qos.logback:logback-classic:1.2.5	ch.qos.logback.core.spi.FilterReply::DENY	ch.qos.logback.core.spi.FilterReply	ch.qos.logback.core.spi.FilterReply	ch.qos.logback.core.spi.FilterReply	TRUE	public	ch.qos.logback:logback-core:1.2.5	FALSE	10
org.slf4j:slf4j-api:1.7.31	org.slf4j.impl.StaticLoggerBinder::REQUESTED_API_VERSION	org.slf4j.impl.StaticLoggerBinder	org.slf4j.impl.StaticLoggerBinder	java.lang.String	TRUE	public	ch.qos.logback:logback-classic:1.2.5	FALSE	1
ch.qos.logback:logback-classic:1.2.5	ch.qos.logback.core.spi.FilterReply::NEUTRAL	ch.qos.logback.core.spi.FilterReply	ch.qos.logback.core.spi.FilterReply	ch.qos.logback.core.spi.FilterReply	TRUE	public	ch.qos.logback:logback-core:1.2.5	FALSE	14
org.slf4j:slf4j-api:1.7.31	org.slf4j.impl.StaticMDCBinder::SINGLETON	org.slf4j.impl.StaticMDCBinder	org.slf4j.impl.StaticMDCBinder	org.slf4j.impl.StaticMDCBinder	TRUE	public	ch.qos.logback:logback-classic:1.2.5	FALSE	1
ch.qos.logback:logback-classic:1.2.5	ch.qos.logback.core.CoreConstants::LINE_SEPARATOR	ch.qos.logback.core.CoreConstants	ch.qos.logback.core.CoreConstants	java.lang.String	TRUE	public	ch.qos.logback:logback-core:1.2.5	FALSE	1
ch.qos.logback:logback-classic:1.2.5	ch.qos.logback.core.spi.FilterReply::ACCEPT	ch.qos.logback.core.spi.FilterReply	ch.qos.logback.core.spi.FilterReply	ch.qos.logback.core.spi.FilterReply	TRUE	public	ch.qos.logback:logback-core:1.2.5	FALSE	7
ch.qos.logback:logback-classic:1.2.5	ch.qos.logback.core.spi.FilterReply::DENY	ch.qos.logback.core.spi.FilterReply	ch.qos.logback.core.spi.FilterReply	ch.qos.logback.core.spi.FilterReply	TRUE	public	ch.qos.logback:logback-core:1.2.5	FALSE	9
ch.qos.logback:logback-classic:1.2.5	ch.qos.logback.core.spi.FilterReply::NEUTRAL	ch.qos.logback.core.spi.FilterReply	ch.qos.logback.core.spi.FilterReply	ch.qos.logback.core.spi.FilterReply	TRUE	public	ch.qos.logback:logback-core:1.2.5	FALSE	9
ch.qos.logback:logback-classic:1.2.5	ch.qos.logback.core.spi.FilterReply::ACCEPT	ch.qos.logback.core.spi.FilterReply	ch.qos.logback.core.spi.FilterReply	ch.qos.logback.core.spi.FilterReply	TRUE	public	ch.qos.logback:logback-core:1.2.5	FALSE	6
ch.qos.logback:logback-classic:1.2.5	ch.qos.logback.core.spi.FilterReply::DENY	ch.qos.logback.core.spi.FilterReply	ch.qos.logback.core.spi.FilterReply	ch.qos.logback.core.spi.FilterReply	TRUE	public	ch.qos.logback:logback-core:1.2.5	FALSE	10
ch.qos.logback:logback-classic:1.2.5	ch.qos.logback.core.spi.FilterReply::NEUTRAL	ch.qos.logback.core.spi.FilterReply	ch.qos.logback.core.spi.FilterReply	ch.qos.logback.core.spi.FilterReply	TRUE	public	ch.qos.logback:logback-core:1.2.5	FALSE	14
org.slf4j:slf4j-api:1.7.31	org.slf4j.impl.StaticMDCBinder::SINGLETON	org.slf4j.impl.StaticMDCBinder	org.slf4j.impl.StaticMDCBinder	org.slf4j.impl.StaticMDCBinder	TRUE	public	ch.qos.logback:logback-classic:1.2.5	FALSE	1
ch.qos.logback:logback-classic:1.2.5	ch.qos.logback.core.CoreConstants::LINE_SEPARATOR	ch.qos.logback.core.CoreConstants	ch.qos.logback.core.CoreConstants	java.lang.String	TRUE	public	ch.qos.logback:logback-core:1.2.5	FALSE	7
ch.qos.logback:logback-classic:1.2.5	ch.qos.logback.core.spi.FilterReply::ACCEPT	ch.qos.logback.core.spi.FilterReply	ch.qos.logback.core.spi.FilterReply	ch.qos.logback.core.spi.FilterReply	TRUE	public	ch.qos.logback:logback-core:1.2.5	FALSE	7
ch.qos.logback:logback-classic:1.2.5	ch.qos.logback.core.CoreConstants::EMPTY_CLASS_ARRAY	ch.qos.logback.core.CoreConstants	ch.qos.logback.core.CoreConstants	java.lang.Class<?>[]	TRUE	public	ch.qos.logback:logback-core:1.2.5	FALSE	1
ch.qos.logback:logback-classic:1.2.5	ch.qos.logback.core.CoreConstants::EMPTY_STRING_ARRAY	ch.qos.logback.core.CoreConstants	ch.qos.logback.core.CoreConstants	java.lang.String[]	TRUE	public	ch.qos.logback:logback-core:1.2.5	FALSE	1
ch.qos.logback:logback-classic:1.2.5	ch.qos.logback.core.spi.FilterReply::DENY	ch.qos.logback.core.spi.FilterReply	ch.qos.logback.core.spi.FilterReply	ch.qos.logback.core.spi.FilterReply	TRUE	public	ch.qos.logback:logback-core:1.2.5	FALSE	10
ch.qos.logback:logback-classic:1.2.5	ch.qos.logback.core.spi.FilterReply::NEUTRAL	ch.qos.logback.core.spi.FilterReply	ch.qos.logback.core.spi.FilterReply	ch.qos.logback.core.spi.FilterReply	TRUE	public	ch.qos.logback:logback-core:1.2.5	FALSE	14
org.slf4j:slf4j-api:1.7.31	org.slf4j.impl.StaticMDCBinder::SINGLETON	org.slf4j.impl.StaticMDCBinder	org.slf4j.impl.StaticMDCBinder	org.slf4j.impl.StaticMDCBinder	TRUE	public	ch.qos.logback:logback-classic:1.2.5	FALSE	1
ch.qos.logback:logback-classic:1.2.5	ch.qos.logback.core.CoreConstants::LINE_SEPARATOR	ch.qos.logback.core.CoreConstants	ch.qos.logback.core.CoreConstants	java.lang.String	TRUE	public	ch.qos.logback:logback-core:1.2.5	FALSE	7
ch.qos.logback:logback-classic:1.2.5	ch.qos.logback.core.spi.FilterReply::ACCEPT	ch.qos.logback.core.spi.FilterReply	ch.qos.logback.core.spi.FilterReply	ch.qos.logback.core.spi.FilterReply	TRUE	public	ch.qos.logback:logback-core:1.2.5	FALSE	7
ch.qos.logback:logback-classic:1.2.5	ch.qos.logback.core.CoreConstants::EMPTY_CLASS_ARRAY	ch.qos.logback.core.CoreConstants	ch.qos.logback.core.CoreConstants	java.lang.Class<?>[]	TRUE	public	ch.qos.logback:logback-core:1.2.5	FALSE	1
ch.qos.logback:logback-classic:1.2.5	ch.qos.logback.core.CoreConstants::EMPTY_STRING_ARRAY	ch.qos.logback.core.CoreConstants	ch.qos.logback.core.CoreConstants	java.lang.String[]	TRUE	public	ch.qos.logback:logback-core:1.2.5	FALSE	1
ch.qos.logback:logback-classic:1.2.5	ch.qos.logback.core.spi.FilterReply::DENY	ch.qos.logback.core.spi.FilterReply	ch.qos.logback.core.spi.FilterReply	ch.qos.logback.core.spi.FilterReply	TRUE	public	ch.qos.logback:logback-core:1.2.5	FALSE	10
ch.qos.logback:logback-core:1.2.5	javax.mail.Message$RecipientType::TO	javax.mail.Message$RecipientType	javax.mail.Message$RecipientType	javax.mail.Message$RecipientType	TRUE	public	javax.mail:mail:1.4	FALSE	1
ch.qos.logback:logback-classic:1.2.5	ch.qos.logback.core.spi.FilterReply::NEUTRAL	ch.qos.logback.core.spi.FilterReply	ch.qos.logback.core.spi.FilterReply	ch.qos.logback.core.spi.FilterReply	TRUE	public	ch.qos.logback:logback-core:1.2.5	FALSE	14
org.slf4j:slf4j-api:1.7.31	org.slf4j.impl.StaticMDCBinder::SINGLETON	org.slf4j.impl.StaticMDCBinder	org.slf4j.impl.StaticMDCBinder	org.slf4j.impl.StaticMDCBinder	TRUE	public	ch.qos.logback:logback-classic:1.2.5	FALSE	1
ch.qos.logback:logback-classic:1.2.5	ch.qos.logback.core.CoreConstants::LINE_SEPARATOR	ch.qos.logback.core.CoreConstants	ch.qos.logback.core.CoreConstants	java.lang.String	TRUE	public	ch.qos.logback:logback-core:1.2.5	FALSE	31
ch.qos.logback:logback-classic:1.2.5	ch.qos.logback.core.spi.FilterReply::ACCEPT	ch.qos.logback.core.spi.FilterReply	ch.qos.logback.core.spi.FilterReply	ch.qos.logback.core.spi.FilterReply	TRUE	public	ch.qos.logback:logback-core:1.2.5	FALSE	7
ch.qos.logback:logback-classic:1.2.5	ch.qos.logback.core.CoreConstants::EMPTY_CLASS_ARRAY	ch.qos.logback.core.CoreConstants	ch.qos.logback.core.CoreConstants	java.lang.Class<?>[]	TRUE	public	ch.qos.logback:logback-core:1.2.5	FALSE	1
ch.qos.logback:logback-classic:1.2.5	ch.qos.logback.core.CoreConstants::EMPTY_STRING_ARRAY	ch.qos.logback.core.CoreConstants	ch.qos.logback.core.CoreConstants	java.lang.String[]	TRUE	public	ch.qos.logback:logback-core:1.2.5	FALSE	1
ch.qos.logback:logback-classic:1.2.5	ch.qos.logback.core.spi.FilterReply::DENY	ch.qos.logback.core.spi.FilterReply	ch.qos.logback.core.spi.FilterReply	ch.qos.logback.core.spi.FilterReply	TRUE	public	ch.qos.logback:logback-core:1.2.5	FALSE	10
ch.qos.logback:logback-classic:1.2.5	ch.qos.logback.core.spi.FilterReply::NEUTRAL	ch.qos.logback.core.spi.FilterReply	ch.qos.logback.core.spi.FilterReply	ch.qos.logback.core.spi.FilterReply	TRUE	public	ch.qos.logback:logback-core:1.2.5	FALSE	14
org.slf4j:slf4j-api:1.7.31	org.slf4j.impl.StaticMDCBinder::SINGLETON	org.slf4j.impl.StaticMDCBinder	org.slf4j.impl.StaticMDCBinder	org.slf4j.impl.StaticMDCBinder	TRUE	public	ch.qos.logback:logback-classic:1.2.5	FALSE	1
org.codehaus.groovy.transform	org.codehaus.groovy.ast.ClassNode::EMPTY_ARRAY	org.codehaus.groovy.ast.ClassNode	org.codehaus.groovy.ast.ClassNode	org.codehaus.groovy.ast.ClassNode[]	TRUE	public	org.codehaus.groovy:groovy:2.4.0	FALSE	2
ch.qos.logback:logback-classic:1.2.5	ch.qos.logback.core.spi.FilterReply::ACCEPT	ch.qos.logback.core.spi.FilterReply	ch.qos.logback.core.spi.FilterReply	ch.qos.logback.core.spi.FilterReply	TRUE	public	ch.qos.logback:logback-core:1.2.5	FALSE	7
org.codehaus.groovy:groovy:2.4.0	org.codehaus.groovy.transform.ASTTransformationVisitor$4::$SwitchMap$org$codehaus$groovy$control$CompilePhase	org.codehaus.groovy.transform.ASTTransformationVisitor$4	org.codehaus.groovy.transform.ASTTransformationVisitor$4	int[]	TRUE	default	org.codehaus.groovy.transform	FALSE	1
org.slf4j:slf4j-api:1.7.31	org.slf4j.impl.StaticMarkerBinder::SINGLETON	org.slf4j.impl.StaticMarkerBinder	org.slf4j.impl.StaticMarkerBinder	org.slf4j.impl.StaticMarkerBinder	TRUE	public	ch.qos.logback:logback-classic:1.2.5	FALSE	1
ch.qos.logback:logback-classic:1.2.5	ch.qos.logback.core.spi.FilterReply::DENY	ch.qos.logback.core.spi.FilterReply	ch.qos.logback.core.spi.FilterReply	ch.qos.logback.core.spi.FilterReply	TRUE	public	ch.qos.logback:logback-core:1.2.5	FALSE	2
ch.qos.logback:logback-classic:1.2.5	ch.qos.logback.core.spi.FilterReply::NEUTRAL	ch.qos.logback.core.spi.FilterReply	ch.qos.logback.core.spi.FilterReply	ch.qos.logback.core.spi.FilterReply	TRUE	public	ch.qos.logback:logback-core:1.2.5	FALSE	5
ch.qos.logback:logback-classic:1.2.5	ch.qos.logback.core.spi.FilterReply::ACCEPT	ch.qos.logback.core.spi.FilterReply	ch.qos.logback.core.spi.FilterReply	ch.qos.logback.core.spi.FilterReply	TRUE	public	ch.qos.logback:logback-core:1.2.5	FALSE	2
org.slf4j:slf4j-api:1.7.31	org.slf4j.impl.StaticMarkerBinder::SINGLETON	org.slf4j.impl.StaticMarkerBinder	org.slf4j.impl.StaticMarkerBinder	org.slf4j.impl.StaticMarkerBinder	TRUE	public	ch.qos.logback:logback-classic:1.2.5	FALSE	1
ch.qos.logback:logback-classic:1.2.5	ch.qos.logback.core.spi.FilterReply::DENY	ch.qos.logback.core.spi.FilterReply	ch.qos.logback.core.spi.FilterReply	ch.qos.logback.core.spi.FilterReply	TRUE	public	ch.qos.logback:logback-core:1.2.5	FALSE	10
ch.qos.logback:logback-classic:1.2.5	ch.qos.logback.core.spi.FilterReply::NEUTRAL	ch.qos.logback.core.spi.FilterReply	ch.qos.logback.core.spi.FilterReply	ch.qos.logback.core.spi.FilterReply	TRUE	public	ch.qos.logback:logback-core:1.2.5	FALSE	14
org.slf4j:slf4j-api:1.7.31	org.slf4j.impl.StaticMDCBinder::SINGLETON	org.slf4j.impl.StaticMDCBinder	org.slf4j.impl.StaticMDCBinder	org.slf4j.impl.StaticMDCBinder	TRUE	public	ch.qos.logback:logback-classic:1.2.5	FALSE	1
ch.qos.logback:logback-classic:1.2.5	ch.qos.logback.core.CoreConstants::LINE_SEPARATOR	ch.qos.logback.core.CoreConstants	ch.qos.logback.core.CoreConstants	java.lang.String	TRUE	public	ch.qos.logback:logback-core:1.2.5	FALSE	4
ch.qos.logback:logback-classic:1.2.5	ch.qos.logback.core.spi.FilterReply::ACCEPT	ch.qos.logback.core.spi.FilterReply	ch.qos.logback.core.spi.FilterReply	ch.qos.logback.core.spi.FilterReply	TRUE	public	ch.qos.logback:logback-core:1.2.5	FALSE	7
ch.qos.logback:logback-classic:1.2.5	ch.qos.logback.core.CoreConstants::EMPTY_CLASS_ARRAY	ch.qos.logback.core.CoreConstants	ch.qos.logback.core.CoreConstants	java.lang.Class<?>[]	TRUE	public	ch.qos.logback:logback-core:1.2.5	FALSE	1
ch.qos.logback:logback-classic:1.2.5	ch.qos.logback.core.CoreConstants::EMPTY_STRING_ARRAY	ch.qos.logback.core.CoreConstants	ch.qos.logback.core.CoreConstants	java.lang.String[]	TRUE	public	ch.qos.logback:logback-core:1.2.5	FALSE	1
org.slf4j:slf4j-api:1.7.31	org.slf4j.impl.StaticMarkerBinder::SINGLETON	org.slf4j.impl.StaticMarkerBinder	org.slf4j.impl.StaticMarkerBinder	org.slf4j.impl.StaticMarkerBinder	TRUE	public	ch.qos.logback:logback-classic:1.2.5	FALSE	1
ch.qos.logback:logback-classic:1.2.5	ch.qos.logback.core.spi.FilterReply::DENY	ch.qos.logback.core.spi.FilterReply	ch.qos.logback.core.spi.FilterReply	ch.qos.logback.core.spi.FilterReply	TRUE	public	ch.qos.logback:logback-core:1.2.5	FALSE	10
ch.qos.logback:logback-classic:1.2.5	ch.qos.logback.core.spi.FilterReply::NEUTRAL	ch.qos.logback.core.spi.FilterReply	ch.qos.logback.core.spi.FilterReply	ch.qos.logback.core.spi.FilterReply	TRUE	public	ch.qos.logback:logback-core:1.2.5	FALSE	14
org.slf4j:slf4j-api:1.7.31	org.slf4j.impl.StaticMDCBinder::SINGLETON	org.slf4j.impl.StaticMDCBinder	org.slf4j.impl.StaticMDCBinder	org.slf4j.impl.StaticMDCBinder	TRUE	public	ch.qos.logback:logback-classic:1.2.5	FALSE	1
ch.qos.logback:logback-classic:1.2.5	ch.qos.logback.core.spi.FilterReply::ACCEPT	ch.qos.logback.core.spi.FilterReply	ch.qos.logback.core.spi.FilterReply	ch.qos.logback.core.spi.FilterReply	TRUE	public	ch.qos.logback:logback-core:1.2.5	FALSE	7
ch.qos.logback:logback-classic:1.2.5	ch.qos.logback.core.spi.FilterReply::DENY	ch.qos.logback.core.spi.FilterReply	ch.qos.logback.core.spi.FilterReply	ch.qos.logback.core.spi.FilterReply	TRUE	public	ch.qos.logback:logback-core:1.2.5	FALSE	1
ch.qos.logback:logback-classic:1.2.5	ch.qos.logback.core.spi.FilterReply::NEUTRAL	ch.qos.logback.core.spi.FilterReply	ch.qos.logback.core.spi.FilterReply	ch.qos.logback.core.spi.FilterReply	TRUE	public	ch.qos.logback:logback-core:1.2.5	FALSE	1
ch.qos.logback:logback-classic:1.2.5	ch.qos.logback.core.spi.FilterReply::DENY	ch.qos.logback.core.spi.FilterReply	ch.qos.logback.core.spi.FilterReply	ch.qos.logback.core.spi.FilterReply	TRUE	public	ch.qos.logback:logback-core:1.2.5	FALSE	10
ch.qos.logback:logback-classic:1.2.5	ch.qos.logback.core.spi.FilterReply::NEUTRAL	ch.qos.logback.core.spi.FilterReply	ch.qos.logback.core.spi.FilterReply	ch.qos.logback.core.spi.FilterReply	TRUE	public	ch.qos.logback:logback-core:1.2.5	FALSE	14
ch.qos.logback:logback-classic:1.2.5	ch.qos.logback.core.spi.FilterReply::ACCEPT	ch.qos.logback.core.spi.FilterReply	ch.qos.logback.core.spi.FilterReply	ch.qos.logback.core.spi.FilterReply	TRUE	public	ch.qos.logback:logback-core:1.2.5	FALSE	7
ch.qos.logback:logback-classic:1.2.5	ch.qos.logback.core.CoreConstants::EMPTY_CLASS_ARRAY	ch.qos.logback.core.CoreConstants	ch.qos.logback.core.CoreConstants	java.lang.Class<?>[]	TRUE	public	ch.qos.logback:logback-core:1.2.5	FALSE	1
ch.qos.logback:logback-classic:1.2.5	ch.qos.logback.core.CoreConstants::EMPTY_STRING_ARRAY	ch.qos.logback.core.CoreConstants	ch.qos.logback.core.CoreConstants	java.lang.String[]	TRUE	public	ch.qos.logback:logback-core:1.2.5	FALSE	1
ch.qos.logback:logback-classic:1.2.5	ch.qos.logback.core.spi.FilterReply::DENY	ch.qos.logback.core.spi.FilterReply	ch.qos.logback.core.spi.FilterReply	ch.qos.logback.core.spi.FilterReply	TRUE	public	ch.qos.logback:logback-core:1.2.5	FALSE	10
ch.qos.logback:logback-classic:1.2.5	ch.qos.logback.core.spi.FilterReply::NEUTRAL	ch.qos.logback.core.spi.FilterReply	ch.qos.logback.core.spi.FilterReply	ch.qos.logback.core.spi.FilterReply	TRUE	public	ch.qos.logback:logback-core:1.2.5	FALSE	14
ch.qos.logback:logback-classic:1.2.5	ch.qos.logback.core.spi.FilterReply::ACCEPT	ch.qos.logback.core.spi.FilterReply	ch.qos.logback.core.spi.FilterReply	ch.qos.logback.core.spi.FilterReply	TRUE	public	ch.qos.logback:logback-core:1.2.5	FALSE	7
ch.qos.logback:logback-classic:1.2.5	ch.qos.logback.core.spi.FilterReply::DENY	ch.qos.logback.core.spi.FilterReply	ch.qos.logback.core.spi.FilterReply	ch.qos.logback.core.spi.FilterReply	TRUE	public	ch.qos.logback:logback-core:1.2.5	FALSE	10
ch.qos.logback:logback-classic:1.2.5	ch.qos.logback.core.spi.FilterReply::NEUTRAL	ch.qos.logback.core.spi.FilterReply	ch.qos.logback.core.spi.FilterReply	ch.qos.logback.core.spi.FilterReply	TRUE	public	ch.qos.logback:logback-core:1.2.5	FALSE	14
ch.qos.logback:logback-classic:1.2.5	ch.qos.logback.core.CoreConstants::LINE_SEPARATOR	ch.qos.logback.core.CoreConstants	ch.qos.logback.core.CoreConstants	java.lang.String	TRUE	public	ch.qos.logback:logback-core:1.2.5	FALSE	7
ch.qos.logback:logback-classic:1.2.5	ch.qos.logback.core.spi.FilterReply::ACCEPT	ch.qos.logback.core.spi.FilterReply	ch.qos.logback.core.spi.FilterReply	ch.qos.logback.core.spi.FilterReply	TRUE	public	ch.qos.logback:logback-core:1.2.5	FALSE	7
ch.qos.logback:logback-classic:1.2.5	ch.qos.logback.core.spi.FilterReply::DENY	ch.qos.logback.core.spi.FilterReply	ch.qos.logback.core.spi.FilterReply	ch.qos.logback.core.spi.FilterReply	TRUE	public	ch.qos.logback:logback-core:1.2.5	FALSE	10
ch.qos.logback:logback-classic:1.2.5	ch.qos.logback.core.spi.FilterReply::NEUTRAL	ch.qos.logback.core.spi.FilterReply	ch.qos.logback.core.spi.FilterReply	ch.qos.logback.core.spi.FilterReply	TRUE	public	ch.qos.logback:logback-core:1.2.5	FALSE	14
ch.qos.logback:logback-classic:1.2.5	ch.qos.logback.core.spi.FilterReply::ACCEPT	ch.qos.logback.core.spi.FilterReply	ch.qos.logback.core.spi.FilterReply	ch.qos.logback.core.spi.FilterReply	TRUE	public	ch.qos.logback:logback-core:1.2.5	FALSE	7
ch.qos.logback:logback-classic:1.2.5	ch.qos.logback.core.spi.FilterReply::DENY	ch.qos.logback.core.spi.FilterReply	ch.qos.logback.core.spi.FilterReply	ch.qos.logback.core.spi.FilterReply	TRUE	public	ch.qos.logback:logback-core:1.2.5	FALSE	10
ch.qos.logback:logback-classic:1.2.5	ch.qos.logback.core.spi.FilterReply::NEUTRAL	ch.qos.logback.core.spi.FilterReply	ch.qos.logback.core.spi.FilterReply	ch.qos.logback.core.spi.FilterReply	TRUE	public	ch.qos.logback:logback-core:1.2.5	FALSE	14
ch.qos.logback:logback-classic:1.2.5	ch.qos.logback.core.CoreConstants::LINE_SEPARATOR	ch.qos.logback.core.CoreConstants	ch.qos.logback.core.CoreConstants	java.lang.String	TRUE	public	ch.qos.logback:logback-core:1.2.5	FALSE	5
ch.qos.logback:logback-classic:1.2.5	ch.qos.logback.core.spi.FilterReply::ACCEPT	ch.qos.logback.core.spi.FilterReply	ch.qos.logback.core.spi.FilterReply	ch.qos.logback.core.spi.FilterReply	TRUE	public	ch.qos.logback:logback-core:1.2.5	FALSE	7
ch.qos.logback:logback-classic:1.2.5	ch.qos.logback.core.spi.FilterReply::DENY	ch.qos.logback.core.spi.FilterReply	ch.qos.logback.core.spi.FilterReply	ch.qos.logback.core.spi.FilterReply	TRUE	public	ch.qos.logback:logback-core:1.2.5	FALSE	10
ch.qos.logback:logback-classic:1.2.5	ch.qos.logback.core.spi.FilterReply::NEUTRAL	ch.qos.logback.core.spi.FilterReply	ch.qos.logback.core.spi.FilterReply	ch.qos.logback.core.spi.FilterReply	TRUE	public	ch.qos.logback:logback-core:1.2.5	FALSE	14
ch.qos.logback:logback-classic:1.2.5	ch.qos.logback.core.spi.FilterReply::ACCEPT	ch.qos.logback.core.spi.FilterReply	ch.qos.logback.core.spi.FilterReply	ch.qos.logback.core.spi.FilterReply	TRUE	public	ch.qos.logback:logback-core:1.2.5	FALSE	7
ch.qos.logback:logback-classic:1.2.5	ch.qos.logback.core.spi.FilterReply::DENY	ch.qos.logback.core.spi.FilterReply	ch.qos.logback.core.spi.FilterReply	ch.qos.logback.core.spi.FilterReply	TRUE	public	ch.qos.logback:logback-core:1.2.5	FALSE	10
ch.qos.logback:logback-classic:1.2.5	ch.qos.logback.core.spi.FilterReply::NEUTRAL	ch.qos.logback.core.spi.FilterReply	ch.qos.logback.core.spi.FilterReply	ch.qos.logback.core.spi.FilterReply	TRUE	public	ch.qos.logback:logback-core:1.2.5	FALSE	14
ch.qos.logback:logback-classic:1.2.5	ch.qos.logback.core.CoreConstants::LINE_SEPARATOR	ch.qos.logback.core.CoreConstants	ch.qos.logback.core.CoreConstants	java.lang.String	TRUE	public	ch.qos.logback:logback-core:1.2.5	FALSE	7
ch.qos.logback:logback-classic:1.2.5	ch.qos.logback.core.spi.FilterReply::ACCEPT	ch.qos.logback.core.spi.FilterReply	ch.qos.logback.core.spi.FilterReply	ch.qos.logback.core.spi.FilterReply	TRUE	public	ch.qos.logback:logback-core:1.2.5	FALSE	7
ch.qos.logback:logback-classic:1.2.5	ch.qos.logback.core.CoreConstants::EMPTY_CLASS_ARRAY	ch.qos.logback.core.CoreConstants	ch.qos.logback.core.CoreConstants	java.lang.Class<?>[]	TRUE	public	ch.qos.logback:logback-core:1.2.5	FALSE	1
ch.qos.logback:logback-classic:1.2.5	ch.qos.logback.core.CoreConstants::EMPTY_STRING_ARRAY	ch.qos.logback.core.CoreConstants	ch.qos.logback.core.CoreConstants	java.lang.String[]	TRUE	public	ch.qos.logback:logback-core:1.2.5	FALSE	1
ch.qos.logback:logback-classic:1.2.5	ch.qos.logback.core.spi.FilterReply::DENY	ch.qos.logback.core.spi.FilterReply	ch.qos.logback.core.spi.FilterReply	ch.qos.logback.core.spi.FilterReply	TRUE	public	ch.qos.logback:logback-core:1.2.5	FALSE	10
ch.qos.logback:logback-classic:1.2.5	ch.qos.logback.core.spi.FilterReply::NEUTRAL	ch.qos.logback.core.spi.FilterReply	ch.qos.logback.core.spi.FilterReply	ch.qos.logback.core.spi.FilterReply	TRUE	public	ch.qos.logback:logback-core:1.2.5	FALSE	14
ch.qos.logback:logback-classic:1.2.5	ch.qos.logback.core.CoreConstants::LINE_SEPARATOR	ch.qos.logback.core.CoreConstants	ch.qos.logback.core.CoreConstants	java.lang.String	TRUE	public	ch.qos.logback:logback-core:1.2.5	FALSE	7
ch.qos.logback:logback-classic:1.2.5	ch.qos.logback.core.spi.FilterReply::ACCEPT	ch.qos.logback.core.spi.FilterReply	ch.qos.logback.core.spi.FilterReply	ch.qos.logback.core.spi.FilterReply	TRUE	public	ch.qos.logback:logback-core:1.2.5	FALSE	7
ch.qos.logback:logback-classic:1.2.5	ch.qos.logback.core.CoreConstants::EMPTY_CLASS_ARRAY	ch.qos.logback.core.CoreConstants	ch.qos.logback.core.CoreConstants	java.lang.Class<?>[]	TRUE	public	ch.qos.logback:logback-core:1.2.5	FALSE	1
ch.qos.logback:logback-classic:1.2.5	ch.qos.logback.core.CoreConstants::EMPTY_STRING_ARRAY	ch.qos.logback.core.CoreConstants	ch.qos.logback.core.CoreConstants	java.lang.String[]	TRUE	public	ch.qos.logback:logback-core:1.2.5	FALSE	1
ch.qos.logback:logback-classic:1.2.5	ch.qos.logback.core.spi.FilterReply::DENY	ch.qos.logback.core.spi.FilterReply	ch.qos.logback.core.spi.FilterReply	ch.qos.logback.core.spi.FilterReply	TRUE	public	ch.qos.logback:logback-core:1.2.5	FALSE	12
ch.qos.logback:logback-classic:1.2.5	ch.qos.logback.core.spi.FilterReply::NEUTRAL	ch.qos.logback.core.spi.FilterReply	ch.qos.logback.core.spi.FilterReply	ch.qos.logback.core.spi.FilterReply	TRUE	public	ch.qos.logback:logback-core:1.2.5	FALSE	19
ch.qos.logback:logback-classic:1.2.5	ch.qos.logback.core.spi.FilterReply::ACCEPT	ch.qos.logback.core.spi.FilterReply	ch.qos.logback.core.spi.FilterReply	ch.qos.logback.core.spi.FilterReply	TRUE	public	ch.qos.logback:logback-core:1.2.5	FALSE	9
org.slf4j:slf4j-api:1.7.31	org.slf4j.impl.StaticMarkerBinder::SINGLETON	org.slf4j.impl.StaticMarkerBinder	org.slf4j.impl.StaticMarkerBinder	org.slf4j.impl.StaticMarkerBinder	TRUE	public	ch.qos.logback:logback-classic:1.2.5	FALSE	1
ch.qos.logback:logback-classic:1.2.5	ch.qos.logback.core.spi.FilterReply::DENY	ch.qos.logback.core.spi.FilterReply	ch.qos.logback.core.spi.FilterReply	ch.qos.logback.core.spi.FilterReply	TRUE	public	ch.qos.logback:logback-core:1.2.5	FALSE	10
ch.qos.logback:logback-classic:1.2.5	ch.qos.logback.core.spi.FilterReply::NEUTRAL	ch.qos.logback.core.spi.FilterReply	ch.qos.logback.core.spi.FilterReply	ch.qos.logback.core.spi.FilterReply	TRUE	public	ch.qos.logback:logback-core:1.2.5	FALSE	14
ch.qos.logback:logback-classic:1.2.5	ch.qos.logback.core.spi.FilterReply::ACCEPT	ch.qos.logback.core.spi.FilterReply	ch.qos.logback.core.spi.FilterReply	ch.qos.logback.core.spi.FilterReply	TRUE	public	ch.qos.logback:logback-core:1.2.5	FALSE	7
org.slf4j:slf4j-api:1.7.31	org.slf4j.impl.StaticMDCBinder::SINGLETON	org.slf4j.impl.StaticMDCBinder	org.slf4j.impl.StaticMDCBinder	org.slf4j.impl.StaticMDCBinder	TRUE	public	ch.qos.logback:logback-classic:1.2.5	FALSE	1
ch.qos.logback:logback-classic:1.2.5	ch.qos.logback.core.spi.FilterReply::DENY	ch.qos.logback.core.spi.FilterReply	ch.qos.logback.core.spi.FilterReply	ch.qos.logback.core.spi.FilterReply	TRUE	public	ch.qos.logback:logback-core:1.2.5	FALSE	10
ch.qos.logback:logback-classic:1.2.5	ch.qos.logback.core.spi.FilterReply::NEUTRAL	ch.qos.logback.core.spi.FilterReply	ch.qos.logback.core.spi.FilterReply	ch.qos.logback.core.spi.FilterReply	TRUE	public	ch.qos.logback:logback-core:1.2.5	FALSE	14
ch.qos.logback:logback-classic:1.2.5	ch.qos.logback.core.spi.FilterReply::ACCEPT	ch.qos.logback.core.spi.FilterReply	ch.qos.logback.core.spi.FilterReply	ch.qos.logback.core.spi.FilterReply	TRUE	public	ch.qos.logback:logback-core:1.2.5	FALSE	7
ch.qos.logback:logback-classic:1.2.5	ch.qos.logback.core.spi.FilterReply::DENY	ch.qos.logback.core.spi.FilterReply	ch.qos.logback.core.spi.FilterReply	ch.qos.logback.core.spi.FilterReply	TRUE	public	ch.qos.logback:logback-core:1.2.5	FALSE	10
ch.qos.logback:logback-classic:1.2.5	ch.qos.logback.core.spi.FilterReply::NEUTRAL	ch.qos.logback.core.spi.FilterReply	ch.qos.logback.core.spi.FilterReply	ch.qos.logback.core.spi.FilterReply	TRUE	public	ch.qos.logback:logback-core:1.2.5	FALSE	14
ch.qos.logback:logback-classic:1.2.5	ch.qos.logback.core.spi.FilterReply::ACCEPT	ch.qos.logback.core.spi.FilterReply	ch.qos.logback.core.spi.FilterReply	ch.qos.logback.core.spi.FilterReply	TRUE	public	ch.qos.logback:logback-core:1.2.5	FALSE	7
ch.qos.logback:logback-classic:1.2.5	ch.qos.logback.core.CoreConstants::LINE_SEPARATOR	ch.qos.logback.core.CoreConstants	ch.qos.logback.core.CoreConstants	java.lang.String	TRUE	public	ch.qos.logback:logback-core:1.2.5	FALSE	4
ch.qos.logback:logback-classic:1.2.5	ch.qos.logback.core.spi.FilterReply::DENY	ch.qos.logback.core.spi.FilterReply	ch.qos.logback.core.spi.FilterReply	ch.qos.logback.core.spi.FilterReply	TRUE	public	ch.qos.logback:logback-core:1.2.5	FALSE	10
ch.qos.logback:logback-classic:1.2.5	ch.qos.logback.core.spi.FilterReply::NEUTRAL	ch.qos.logback.core.spi.FilterReply	ch.qos.logback.core.spi.FilterReply	ch.qos.logback.core.spi.FilterReply	TRUE	public	ch.qos.logback:logback-core:1.2.5	FALSE	14
ch.qos.logback:logback-classic:1.2.5	ch.qos.logback.core.CoreConstants::LINE_SEPARATOR	ch.qos.logback.core.CoreConstants	ch.qos.logback.core.CoreConstants	java.lang.String	TRUE	public	ch.qos.logback:logback-core:1.2.5	FALSE	31
ch.qos.logback:logback-classic:1.2.5	ch.qos.logback.core.spi.FilterReply::ACCEPT	ch.qos.logback.core.spi.FilterReply	ch.qos.logback.core.spi.FilterReply	ch.qos.logback.core.spi.FilterReply	TRUE	public	ch.qos.logback:logback-core:1.2.5	FALSE	7
ch.qos.logback:logback-classic:1.2.5	ch.qos.logback.core.CoreConstants::EMPTY_CLASS_ARRAY	ch.qos.logback.core.CoreConstants	ch.qos.logback.core.CoreConstants	java.lang.Class<?>[]	TRUE	public	ch.qos.logback:logback-core:1.2.5	FALSE	1
ch.qos.logback:logback-classic:1.2.5	ch.qos.logback.core.CoreConstants::EMPTY_STRING_ARRAY	ch.qos.logback.core.CoreConstants	ch.qos.logback.core.CoreConstants	java.lang.String[]	TRUE	public	ch.qos.logback:logback-core:1.2.5	FALSE	1
ch.qos.logback:logback-classic:1.2.5	ch.qos.logback.core.spi.FilterReply::DENY	ch.qos.logback.core.spi.FilterReply	ch.qos.logback.core.spi.FilterReply	ch.qos.logback.core.spi.FilterReply	TRUE	public	ch.qos.logback:logback-core:1.2.5	FALSE	10
ch.qos.logback:logback-classic:1.2.5	ch.qos.logback.core.spi.FilterReply::NEUTRAL	ch.qos.logback.core.spi.FilterReply	ch.qos.logback.core.spi.FilterReply	ch.qos.logback.core.spi.FilterReply	TRUE	public	ch.qos.logback:logback-core:1.2.5	FALSE	14
ch.qos.logback:logback-classic:1.2.5	ch.qos.logback.core.CoreConstants::LINE_SEPARATOR	ch.qos.logback.core.CoreConstants	ch.qos.logback.core.CoreConstants	java.lang.String	TRUE	public	ch.qos.logback:logback-core:1.2.5	FALSE	7
ch.qos.logback:logback-classic:1.2.5	ch.qos.logback.core.spi.FilterReply::ACCEPT	ch.qos.logback.core.spi.FilterReply	ch.qos.logback.core.spi.FilterReply	ch.qos.logback.core.spi.FilterReply	TRUE	public	ch.qos.logback:logback-core:1.2.5	FALSE	7
ch.qos.logback:logback-classic:1.2.5	ch.qos.logback.core.CoreConstants::EMPTY_CLASS_ARRAY	ch.qos.logback.core.CoreConstants	ch.qos.logback.core.CoreConstants	java.lang.Class<?>[]	TRUE	public	ch.qos.logback:logback-core:1.2.5	FALSE	1
ch.qos.logback:logback-classic:1.2.5	ch.qos.logback.core.CoreConstants::EMPTY_STRING_ARRAY	ch.qos.logback.core.CoreConstants	ch.qos.logback.core.CoreConstants	java.lang.String[]	TRUE	public	ch.qos.logback:logback-core:1.2.5	FALSE	1
ch.qos.logback:logback-classic:1.2.5	ch.qos.logback.core.CoreConstants::LINE_SEPARATOR	ch.qos.logback.core.CoreConstants	ch.qos.logback.core.CoreConstants	java.lang.String	TRUE	public	ch.qos.logback:logback-core:1.2.5	FALSE	4
ch.qos.logback:logback-classic:1.2.5	ch.qos.logback.core.spi.FilterReply::DENY	ch.qos.logback.core.spi.FilterReply	ch.qos.logback.core.spi.FilterReply	ch.qos.logback.core.spi.FilterReply	TRUE	public	ch.qos.logback:logback-core:1.2.5	FALSE	10
ch.qos.logback:logback-classic:1.2.5	ch.qos.logback.core.spi.FilterReply::NEUTRAL	ch.qos.logback.core.spi.FilterReply	ch.qos.logback.core.spi.FilterReply	ch.qos.logback.core.spi.FilterReply	TRUE	public	ch.qos.logback:logback-core:1.2.5	FALSE	14
ch.qos.logback:logback-classic:1.2.5	ch.qos.logback.core.spi.FilterReply::ACCEPT	ch.qos.logback.core.spi.FilterReply	ch.qos.logback.core.spi.FilterReply	ch.qos.logback.core.spi.FilterReply	TRUE	public	ch.qos.logback:logback-core:1.2.5	FALSE	7
ch.qos.logback:logback-classic:1.2.5	ch.qos.logback.core.spi.FilterReply::DENY	ch.qos.logback.core.spi.FilterReply	ch.qos.logback.core.spi.FilterReply	ch.qos.logback.core.spi.FilterReply	TRUE	public	ch.qos.logback:logback-core:1.2.5	FALSE	10
ch.qos.logback:logback-classic:1.2.5	ch.qos.logback.core.spi.FilterReply::NEUTRAL	ch.qos.logback.core.spi.FilterReply	ch.qos.logback.core.spi.FilterReply	ch.qos.logback.core.spi.FilterReply	TRUE	public	ch.qos.logback:logback-core:1.2.5	FALSE	14
ch.qos.logback:logback-classic:1.2.5	ch.qos.logback.core.spi.FilterReply::ACCEPT	ch.qos.logback.core.spi.FilterReply	ch.qos.logback.core.spi.FilterReply	ch.qos.logback.core.spi.FilterReply	TRUE	public	ch.qos.logback:logback-core:1.2.5	FALSE	7
ch.qos.logback:logback-classic:1.2.5	ch.qos.logback.core.CoreConstants::EMPTY_CLASS_ARRAY	ch.qos.logback.core.CoreConstants	ch.qos.logback.core.CoreConstants	java.lang.Class<?>[]	TRUE	public	ch.qos.logback:logback-core:1.2.5	FALSE	1
ch.qos.logback:logback-classic:1.2.5	ch.qos.logback.core.CoreConstants::EMPTY_STRING_ARRAY	ch.qos.logback.core.CoreConstants	ch.qos.logback.core.CoreConstants	java.lang.String[]	TRUE	public	ch.qos.logback:logback-core:1.2.5	FALSE	1
ch.qos.logback:logback-classic:1.2.5	ch.qos.logback.core.spi.FilterReply::DENY	ch.qos.logback.core.spi.FilterReply	ch.qos.logback.core.spi.FilterReply	ch.qos.logback.core.spi.FilterReply	TRUE	public	ch.qos.logback:logback-core:1.2.5	FALSE	10
ch.qos.logback:logback-classic:1.2.5	ch.qos.logback.core.spi.FilterReply::NEUTRAL	ch.qos.logback.core.spi.FilterReply	ch.qos.logback.core.spi.FilterReply	ch.qos.logback.core.spi.FilterReply	TRUE	public	ch.qos.logback:logback-core:1.2.5	FALSE	14
ch.qos.logback:logback-classic:1.2.5	ch.qos.logback.core.spi.FilterReply::ACCEPT	ch.qos.logback.core.spi.FilterReply	ch.qos.logback.core.spi.FilterReply	ch.qos.logback.core.spi.FilterReply	TRUE	public	ch.qos.logback:logback-core:1.2.5	FALSE	7
ch.qos.logback:logback-classic:1.2.5	ch.qos.logback.core.spi.FilterReply::DENY	ch.qos.logback.core.spi.FilterReply	ch.qos.logback.core.spi.FilterReply	ch.qos.logback.core.spi.FilterReply	TRUE	public	ch.qos.logback:logback-core:1.2.5	FALSE	10
ch.qos.logback:logback-classic:1.2.5	ch.qos.logback.core.spi.FilterReply::NEUTRAL	ch.qos.logback.core.spi.FilterReply	ch.qos.logback.core.spi.FilterReply	ch.qos.logback.core.spi.FilterReply	TRUE	public	ch.qos.logback:logback-core:1.2.5	FALSE	14
org.slf4j:slf4j-api:1.7.31	org.slf4j.impl.StaticMDCBinder::SINGLETON	org.slf4j.impl.StaticMDCBinder	org.slf4j.impl.StaticMDCBinder	org.slf4j.impl.StaticMDCBinder	TRUE	public	ch.qos.logback:logback-classic:1.2.5	FALSE	1
ch.qos.logback:logback-classic:1.2.5	ch.qos.logback.core.CoreConstants::LINE_SEPARATOR	ch.qos.logback.core.CoreConstants	ch.qos.logback.core.CoreConstants	java.lang.String	TRUE	public	ch.qos.logback:logback-core:1.2.5	FALSE	4
ch.qos.logback:logback-classic:1.2.5	ch.qos.logback.core.spi.FilterReply::ACCEPT	ch.qos.logback.core.spi.FilterReply	ch.qos.logback.core.spi.FilterReply	ch.qos.logback.core.spi.FilterReply	TRUE	public	ch.qos.logback:logback-core:1.2.5	FALSE	7
ch.qos.logback:logback-classic:1.2.5	ch.qos.logback.core.spi.FilterReply::DENY	ch.qos.logback.core.spi.FilterReply	ch.qos.logback.core.spi.FilterReply	ch.qos.logback.core.spi.FilterReply	TRUE	public	ch.qos.logback:logback-core:1.2.5	FALSE	12
ch.qos.logback:logback-classic:1.2.5	ch.qos.logback.core.spi.FilterReply::NEUTRAL	ch.qos.logback.core.spi.FilterReply	ch.qos.logback.core.spi.FilterReply	ch.qos.logback.core.spi.FilterReply	TRUE	public	ch.qos.logback:logback-core:1.2.5	FALSE	19
org.slf4j:slf4j-api:1.7.31	org.slf4j.impl.StaticMDCBinder::SINGLETON	org.slf4j.impl.StaticMDCBinder	org.slf4j.impl.StaticMDCBinder	org.slf4j.impl.StaticMDCBinder	TRUE	public	ch.qos.logback:logback-classic:1.2.5	FALSE	1
ch.qos.logback:logback-classic:1.2.5	ch.qos.logback.core.CoreConstants::LINE_SEPARATOR	ch.qos.logback.core.CoreConstants	ch.qos.logback.core.CoreConstants	java.lang.String	TRUE	public	ch.qos.logback:logback-core:1.2.5	FALSE	7
ch.qos.logback:logback-classic:1.2.5	ch.qos.logback.core.spi.FilterReply::ACCEPT	ch.qos.logback.core.spi.FilterReply	ch.qos.logback.core.spi.FilterReply	ch.qos.logback.core.spi.FilterReply	TRUE	public	ch.qos.logback:logback-core:1.2.5	FALSE	7
ch.qos.logback:logback-classic:1.2.5	ch.qos.logback.core.CoreConstants::EMPTY_CLASS_ARRAY	ch.qos.logback.core.CoreConstants	ch.qos.logback.core.CoreConstants	java.lang.Class<?>[]	TRUE	public	ch.qos.logback:logback-core:1.2.5	FALSE	1
ch.qos.logback:logback-classic:1.2.5	ch.qos.logback.core.CoreConstants::EMPTY_STRING_ARRAY	ch.qos.logback.core.CoreConstants	ch.qos.logback.core.CoreConstants	java.lang.String[]	TRUE	public	ch.qos.logback:logback-core:1.2.5	FALSE	1
ch.qos.logback:logback-classic:1.2.5	ch.qos.logback.core.spi.FilterReply::DENY	ch.qos.logback.core.spi.FilterReply	ch.qos.logback.core.spi.FilterReply	ch.qos.logback.core.spi.FilterReply	TRUE	public	ch.qos.logback:logback-core:1.2.5	FALSE	10
ch.qos.logback:logback-classic:1.2.5	ch.qos.logback.core.spi.FilterReply::NEUTRAL	ch.qos.logback.core.spi.FilterReply	ch.qos.logback.core.spi.FilterReply	ch.qos.logback.core.spi.FilterReply	TRUE	public	ch.qos.logback:logback-core:1.2.5	FALSE	14
org.slf4j:slf4j-api:1.7.31	org.slf4j.impl.StaticMDCBinder::SINGLETON	org.slf4j.impl.StaticMDCBinder	org.slf4j.impl.StaticMDCBinder	org.slf4j.impl.StaticMDCBinder	TRUE	public	ch.qos.logback:logback-classic:1.2.5	FALSE	1
ch.qos.logback:logback-classic:1.2.5	ch.qos.logback.core.CoreConstants::LINE_SEPARATOR	ch.qos.logback.core.CoreConstants	ch.qos.logback.core.CoreConstants	java.lang.String	TRUE	public	ch.qos.logback:logback-core:1.2.5	FALSE	5
ch.qos.logback:logback-classic:1.2.5	ch.qos.logback.core.spi.FilterReply::ACCEPT	ch.qos.logback.core.spi.FilterReply	ch.qos.logback.core.spi.FilterReply	ch.qos.logback.core.spi.FilterReply	TRUE	public	ch.qos.logback:logback-core:1.2.5	FALSE	7
ch.qos.logback:logback-classic:1.2.5	ch.qos.logback.core.spi.FilterReply::DENY	ch.qos.logback.core.spi.FilterReply	ch.qos.logback.core.spi.FilterReply	ch.qos.logback.core.spi.FilterReply	TRUE	public	ch.qos.logback:logback-core:1.2.5	FALSE	10
ch.qos.logback:logback-classic:1.2.5	ch.qos.logback.core.spi.FilterReply::NEUTRAL	ch.qos.logback.core.spi.FilterReply	ch.qos.logback.core.spi.FilterReply	ch.qos.logback.core.spi.FilterReply	TRUE	public	ch.qos.logback:logback-core:1.2.5	FALSE	14
org.slf4j:slf4j-api:1.7.31	org.slf4j.impl.StaticMDCBinder::SINGLETON	org.slf4j.impl.StaticMDCBinder	org.slf4j.impl.StaticMDCBinder	org.slf4j.impl.StaticMDCBinder	TRUE	public	ch.qos.logback:logback-classic:1.2.5	FALSE	1
ch.qos.logback:logback-classic:1.2.5	ch.qos.logback.core.CoreConstants::LINE_SEPARATOR	ch.qos.logback.core.CoreConstants	ch.qos.logback.core.CoreConstants	java.lang.String	TRUE	public	ch.qos.logback:logback-core:1.2.5	FALSE	4
ch.qos.logback:logback-classic:1.2.5	ch.qos.logback.core.spi.FilterReply::ACCEPT	ch.qos.logback.core.spi.FilterReply	ch.qos.logback.core.spi.FilterReply	ch.qos.logback.core.spi.FilterReply	TRUE	public	ch.qos.logback:logback-core:1.2.5	FALSE	7
ch.qos.logback:logback-classic:1.2.5	ch.qos.logback.core.CoreConstants::EMPTY_CLASS_ARRAY	ch.qos.logback.core.CoreConstants	ch.qos.logback.core.CoreConstants	java.lang.Class<?>[]	TRUE	public	ch.qos.logback:logback-core:1.2.5	FALSE	1
ch.qos.logback:logback-classic:1.2.5	ch.qos.logback.core.CoreConstants::EMPTY_STRING_ARRAY	ch.qos.logback.core.CoreConstants	ch.qos.logback.core.CoreConstants	java.lang.String[]	TRUE	public	ch.qos.logback:logback-core:1.2.5	FALSE	1
org.slf4j:slf4j-api:1.7.31	org.slf4j.impl.StaticMarkerBinder::SINGLETON	org.slf4j.impl.StaticMarkerBinder	org.slf4j.impl.StaticMarkerBinder	org.slf4j.impl.StaticMarkerBinder	TRUE	public	ch.qos.logback:logback-classic:1.2.5	FALSE	1
ch.qos.logback:logback-classic:1.2.5	ch.qos.logback.core.spi.FilterReply::DENY	ch.qos.logback.core.spi.FilterReply	ch.qos.logback.core.spi.FilterReply	ch.qos.logback.core.spi.FilterReply	TRUE	public	ch.qos.logback:logback-core:1.2.5	FALSE	10
ch.qos.logback:logback-classic:1.2.5	ch.qos.logback.core.spi.FilterReply::NEUTRAL	ch.qos.logback.core.spi.FilterReply	ch.qos.logback.core.spi.FilterReply	ch.qos.logback.core.spi.FilterReply	TRUE	public	ch.qos.logback:logback-core:1.2.5	FALSE	14
org.slf4j:slf4j-api:1.7.31	org.slf4j.impl.StaticMDCBinder::SINGLETON	org.slf4j.impl.StaticMDCBinder	org.slf4j.impl.StaticMDCBinder	org.slf4j.impl.StaticMDCBinder	TRUE	public	ch.qos.logback:logback-classic:1.2.5	FALSE	1
ch.qos.logback:logback-classic:1.2.5	ch.qos.logback.core.spi.FilterReply::ACCEPT	ch.qos.logback.core.spi.FilterReply	ch.qos.logback.core.spi.FilterReply	ch.qos.logback.core.spi.FilterReply	TRUE	public	ch.qos.logback:logback-core:1.2.5	FALSE	7
ch.qos.logback:logback-classic:1.2.5	ch.qos.logback.core.CoreConstants::EMPTY_CLASS_ARRAY	ch.qos.logback.core.CoreConstants	ch.qos.logback.core.CoreConstants	java.lang.Class<?>[]	TRUE	public	ch.qos.logback:logback-core:1.2.5	FALSE	1
ch.qos.logback:logback-classic:1.2.5	ch.qos.logback.core.CoreConstants::EMPTY_STRING_ARRAY	ch.qos.logback.core.CoreConstants	ch.qos.logback.core.CoreConstants	java.lang.String[]	TRUE	public	ch.qos.logback:logback-core:1.2.5	FALSE	1
ch.qos.logback:logback-classic:1.2.5	ch.qos.logback.core.spi.FilterReply::DENY	ch.qos.logback.core.spi.FilterReply	ch.qos.logback.core.spi.FilterReply	ch.qos.logback.core.spi.FilterReply	TRUE	public	ch.qos.logback:logback-core:1.2.5	FALSE	2
ch.qos.logback:logback-classic:1.2.5	ch.qos.logback.core.spi.FilterReply::NEUTRAL	ch.qos.logback.core.spi.FilterReply	ch.qos.logback.core.spi.FilterReply	ch.qos.logback.core.spi.FilterReply	TRUE	public	ch.qos.logback:logback-core:1.2.5	FALSE	6
ch.qos.logback:logback-classic:1.2.5	ch.qos.logback.core.spi.FilterReply::ACCEPT	ch.qos.logback.core.spi.FilterReply	ch.qos.logback.core.spi.FilterReply	ch.qos.logback.core.spi.FilterReply	TRUE	public	ch.qos.logback:logback-core:1.2.5	FALSE	1
ch.qos.logback:logback-classic:1.2.5	ch.qos.logback.core.spi.FilterReply::DENY	ch.qos.logback.core.spi.FilterReply	ch.qos.logback.core.spi.FilterReply	ch.qos.logback.core.spi.FilterReply	TRUE	public	ch.qos.logback:logback-core:1.2.5	FALSE	10
ch.qos.logback:logback-classic:1.2.5	ch.qos.logback.core.spi.FilterReply::NEUTRAL	ch.qos.logback.core.spi.FilterReply	ch.qos.logback.core.spi.FilterReply	ch.qos.logback.core.spi.FilterReply	TRUE	public	ch.qos.logback:logback-core:1.2.5	FALSE	14
ch.qos.logback:logback-classic:1.2.5	ch.qos.logback.core.spi.FilterReply::ACCEPT	ch.qos.logback.core.spi.FilterReply	ch.qos.logback.core.spi.FilterReply	ch.qos.logback.core.spi.FilterReply	TRUE	public	ch.qos.logback:logback-core:1.2.5	FALSE	7
ch.qos.logback:logback-classic:1.2.5	ch.qos.logback.core.spi.FilterReply::DENY	ch.qos.logback.core.spi.FilterReply	ch.qos.logback.core.spi.FilterReply	ch.qos.logback.core.spi.FilterReply	TRUE	public	ch.qos.logback:logback-core:1.2.5	FALSE	10
ch.qos.logback:logback-classic:1.2.5	ch.qos.logback.core.spi.FilterReply::NEUTRAL	ch.qos.logback.core.spi.FilterReply	ch.qos.logback.core.spi.FilterReply	ch.qos.logback.core.spi.FilterReply	TRUE	public	ch.qos.logback:logback-core:1.2.5	FALSE	14
ch.qos.logback:logback-classic:1.2.5	ch.qos.logback.core.spi.FilterReply::ACCEPT	ch.qos.logback.core.spi.FilterReply	ch.qos.logback.core.spi.FilterReply	ch.qos.logback.core.spi.FilterReply	TRUE	public	ch.qos.logback:logback-core:1.2.5	FALSE	7
ch.qos.logback:logback-classic:1.2.5	ch.qos.logback.core.spi.FilterReply::DENY	ch.qos.logback.core.spi.FilterReply	ch.qos.logback.core.spi.FilterReply	ch.qos.logback.core.spi.FilterReply	TRUE	public	ch.qos.logback:logback-core:1.2.5	FALSE	9
ch.qos.logback:logback-classic:1.2.5	ch.qos.logback.core.spi.FilterReply::NEUTRAL	ch.qos.logback.core.spi.FilterReply	ch.qos.logback.core.spi.FilterReply	ch.qos.logback.core.spi.FilterReply	TRUE	public	ch.qos.logback:logback-core:1.2.5	FALSE	12
ch.qos.logback:logback-classic:1.2.5	ch.qos.logback.core.spi.FilterReply::ACCEPT	ch.qos.logback.core.spi.FilterReply	ch.qos.logback.core.spi.FilterReply	ch.qos.logback.core.spi.FilterReply	TRUE	public	ch.qos.logback:logback-core:1.2.5	FALSE	6
ch.qos.logback:logback-classic:1.2.5	ch.qos.logback.core.spi.FilterReply::DENY	ch.qos.logback.core.spi.FilterReply	ch.qos.logback.core.spi.FilterReply	ch.qos.logback.core.spi.FilterReply	TRUE	public	ch.qos.logback:logback-core:1.2.5	FALSE	10
org.slf4j:slf4j-api:1.7.31	org.slf4j.impl.StaticLoggerBinder::REQUESTED_API_VERSION	org.slf4j.impl.StaticLoggerBinder	org.slf4j.impl.StaticLoggerBinder	java.lang.String	TRUE	public	ch.qos.logback:logback-classic:1.2.5	FALSE	1
ch.qos.logback:logback-classic:1.2.5	ch.qos.logback.core.spi.FilterReply::NEUTRAL	ch.qos.logback.core.spi.FilterReply	ch.qos.logback.core.spi.FilterReply	ch.qos.logback.core.spi.FilterReply	TRUE	public	ch.qos.logback:logback-core:1.2.5	FALSE	14
org.slf4j:slf4j-api:1.7.31	org.slf4j.impl.StaticMDCBinder::SINGLETON	org.slf4j.impl.StaticMDCBinder	org.slf4j.impl.StaticMDCBinder	org.slf4j.impl.StaticMDCBinder	TRUE	public	ch.qos.logback:logback-classic:1.2.5	FALSE	1
ch.qos.logback:logback-classic:1.2.5	ch.qos.logback.core.CoreConstants::LINE_SEPARATOR	ch.qos.logback.core.CoreConstants	ch.qos.logback.core.CoreConstants	java.lang.String	TRUE	public	ch.qos.logback:logback-core:1.2.5	FALSE	8
ch.qos.logback:logback-classic:1.2.5	ch.qos.logback.core.spi.FilterReply::ACCEPT	ch.qos.logback.core.spi.FilterReply	ch.qos.logback.core.spi.FilterReply	ch.qos.logback.core.spi.FilterReply	TRUE	public	ch.qos.logback:logback-core:1.2.5	FALSE	7
ch.qos.logback:logback-classic:1.2.5	ch.qos.logback.core.CoreConstants::EMPTY_CLASS_ARRAY	ch.qos.logback.core.CoreConstants	ch.qos.logback.core.CoreConstants	java.lang.Class<?>[]	TRUE	public	ch.qos.logback:logback-core:1.2.5	FALSE	1
ch.qos.logback:logback-classic:1.2.5	ch.qos.logback.core.CoreConstants::EMPTY_STRING_ARRAY	ch.qos.logback.core.CoreConstants	ch.qos.logback.core.CoreConstants	java.lang.String[]	TRUE	public	ch.qos.logback:logback-core:1.2.5	FALSE	1
ch.qos.logback:logback-classic:1.2.5	ch.qos.logback.core.spi.FilterReply::DENY	ch.qos.logback.core.spi.FilterReply	ch.qos.logback.core.spi.FilterReply	ch.qos.logback.core.spi.FilterReply	TRUE	public	ch.qos.logback:logback-core:1.2.5	FALSE	10
ch.qos.logback:logback-classic:1.2.5	ch.qos.logback.core.spi.FilterReply::NEUTRAL	ch.qos.logback.core.spi.FilterReply	ch.qos.logback.core.spi.FilterReply	ch.qos.logback.core.spi.FilterReply	TRUE	public	ch.qos.logback:logback-core:1.2.5	FALSE	14
ch.qos.logback:logback-classic:1.2.5	ch.qos.logback.core.CoreConstants::LINE_SEPARATOR	ch.qos.logback.core.CoreConstants	ch.qos.logback.core.CoreConstants	java.lang.String	TRUE	public	ch.qos.logback:logback-core:1.2.5	FALSE	7
ch.qos.logback:logback-classic:1.2.5	ch.qos.logback.core.spi.FilterReply::ACCEPT	ch.qos.logback.core.spi.FilterReply	ch.qos.logback.core.spi.FilterReply	ch.qos.logback.core.spi.FilterReply	TRUE	public	ch.qos.logback:logback-core:1.2.5	FALSE	7
ch.qos.logback:logback-classic:1.2.5	ch.qos.logback.core.spi.FilterReply::DENY	ch.qos.logback.core.spi.FilterReply	ch.qos.logback.core.spi.FilterReply	ch.qos.logback.core.spi.FilterReply	TRUE	public	ch.qos.logback:logback-core:1.2.5	FALSE	10
ch.qos.logback:logback-classic:1.2.5	ch.qos.logback.core.spi.FilterReply::NEUTRAL	ch.qos.logback.core.spi.FilterReply	ch.qos.logback.core.spi.FilterReply	ch.qos.logback.core.spi.FilterReply	TRUE	public	ch.qos.logback:logback-core:1.2.5	FALSE	14
ch.qos.logback:logback-classic:1.2.5	ch.qos.logback.core.spi.FilterReply::ACCEPT	ch.qos.logback.core.spi.FilterReply	ch.qos.logback.core.spi.FilterReply	ch.qos.logback.core.spi.FilterReply	TRUE	public	ch.qos.logback:logback-core:1.2.5	FALSE	7
ch.qos.logback:logback-classic:1.2.5	ch.qos.logback.core.spi.FilterReply::DENY	ch.qos.logback.core.spi.FilterReply	ch.qos.logback.core.spi.FilterReply	ch.qos.logback.core.spi.FilterReply	TRUE	public	ch.qos.logback:logback-core:1.2.5	FALSE	10
ch.qos.logback:logback-classic:1.2.5	ch.qos.logback.core.spi.FilterReply::NEUTRAL	ch.qos.logback.core.spi.FilterReply	ch.qos.logback.core.spi.FilterReply	ch.qos.logback.core.spi.FilterReply	TRUE	public	ch.qos.logback:logback-core:1.2.5	FALSE	14
org.slf4j:slf4j-api:1.7.31	org.slf4j.impl.StaticMDCBinder::SINGLETON	org.slf4j.impl.StaticMDCBinder	org.slf4j.impl.StaticMDCBinder	org.slf4j.impl.StaticMDCBinder	TRUE	public	ch.qos.logback:logback-classic:1.2.5	FALSE	1
ch.qos.logback:logback-classic:1.2.5	ch.qos.logback.core.CoreConstants::LINE_SEPARATOR	ch.qos.logback.core.CoreConstants	ch.qos.logback.core.CoreConstants	java.lang.String	TRUE	public	ch.qos.logback:logback-core:1.2.5	FALSE	10
ch.qos.logback:logback-classic:1.2.5	ch.qos.logback.core.spi.FilterReply::ACCEPT	ch.qos.logback.core.spi.FilterReply	ch.qos.logback.core.spi.FilterReply	ch.qos.logback.core.spi.FilterReply	TRUE	public	ch.qos.logback:logback-core:1.2.5	FALSE	7
org.slf4j:slf4j-api:1.7.31	org.slf4j.impl.StaticMarkerBinder::SINGLETON	org.slf4j.impl.StaticMarkerBinder	org.slf4j.impl.StaticMarkerBinder	org.slf4j.impl.StaticMarkerBinder	TRUE	public	ch.qos.logback:logback-classic:1.2.5	FALSE	1
ch.qos.logback:logback-classic:1.2.5	ch.qos.logback.core.spi.FilterReply::DENY	ch.qos.logback.core.spi.FilterReply	ch.qos.logback.core.spi.FilterReply	ch.qos.logback.core.spi.FilterReply	TRUE	public	ch.qos.logback:logback-core:1.2.5	FALSE	10
ch.qos.logback:logback-classic:1.2.5	ch.qos.logback.core.spi.FilterReply::NEUTRAL	ch.qos.logback.core.spi.FilterReply	ch.qos.logback.core.spi.FilterReply	ch.qos.logback.core.spi.FilterReply	TRUE	public	ch.qos.logback:logback-core:1.2.5	FALSE	14
ch.qos.logback:logback-classic:1.2.5	ch.qos.logback.core.CoreConstants::LINE_SEPARATOR	ch.qos.logback.core.CoreConstants	ch.qos.logback.core.CoreConstants	java.lang.String	TRUE	public	ch.qos.logback:logback-core:1.2.5	FALSE	8
ch.qos.logback:logback-classic:1.2.5	ch.qos.logback.core.spi.FilterReply::ACCEPT	ch.qos.logback.core.spi.FilterReply	ch.qos.logback.core.spi.FilterReply	ch.qos.logback.core.spi.FilterReply	TRUE	public	ch.qos.logback:logback-core:1.2.5	FALSE	7
ch.qos.logback:logback-classic:1.2.5	ch.qos.logback.core.spi.FilterReply::DENY	ch.qos.logback.core.spi.FilterReply	ch.qos.logback.core.spi.FilterReply	ch.qos.logback.core.spi.FilterReply	TRUE	public	ch.qos.logback:logback-core:1.2.5	FALSE	10
ch.qos.logback:logback-classic:1.2.5	ch.qos.logback.core.spi.FilterReply::NEUTRAL	ch.qos.logback.core.spi.FilterReply	ch.qos.logback.core.spi.FilterReply	ch.qos.logback.core.spi.FilterReply	TRUE	public	ch.qos.logback:logback-core:1.2.5	FALSE	14
ch.qos.logback:logback-classic:1.2.5	ch.qos.logback.core.CoreConstants::LINE_SEPARATOR	ch.qos.logback.core.CoreConstants	ch.qos.logback.core.CoreConstants	java.lang.String	TRUE	public	ch.qos.logback:logback-core:1.2.5	FALSE	11
ch.qos.logback:logback-classic:1.2.5	ch.qos.logback.core.spi.FilterReply::ACCEPT	ch.qos.logback.core.spi.FilterReply	ch.qos.logback.core.spi.FilterReply	ch.qos.logback.core.spi.FilterReply	TRUE	public	ch.qos.logback:logback-core:1.2.5	FALSE	7
ch.qos.logback:logback-classic:1.2.5	ch.qos.logback.core.spi.FilterReply::DENY	ch.qos.logback.core.spi.FilterReply	ch.qos.logback.core.spi.FilterReply	ch.qos.logback.core.spi.FilterReply	TRUE	public	ch.qos.logback:logback-core:1.2.5	FALSE	10
ch.qos.logback:logback-classic:1.2.5	ch.qos.logback.core.spi.FilterReply::NEUTRAL	ch.qos.logback.core.spi.FilterReply	ch.qos.logback.core.spi.FilterReply	ch.qos.logback.core.spi.FilterReply	TRUE	public	ch.qos.logback:logback-core:1.2.5	FALSE	14
org.slf4j:slf4j-api:1.7.31	org.slf4j.impl.StaticMDCBinder::SINGLETON	org.slf4j.impl.StaticMDCBinder	org.slf4j.impl.StaticMDCBinder	org.slf4j.impl.StaticMDCBinder	TRUE	public	ch.qos.logback:logback-classic:1.2.5	FALSE	1
ch.qos.logback:logback-classic:1.2.5	ch.qos.logback.core.spi.FilterReply::ACCEPT	ch.qos.logback.core.spi.FilterReply	ch.qos.logback.core.spi.FilterReply	ch.qos.logback.core.spi.FilterReply	TRUE	public	ch.qos.logback:logback-core:1.2.5	FALSE	7
ch.qos.logback:logback-classic:1.2.5	ch.qos.logback.core.spi.FilterReply::DENY	ch.qos.logback.core.spi.FilterReply	ch.qos.logback.core.spi.FilterReply	ch.qos.logback.core.spi.FilterReply	TRUE	public	ch.qos.logback:logback-core:1.2.5	FALSE	10
ch.qos.logback:logback-classic:1.2.5	ch.qos.logback.core.spi.FilterReply::NEUTRAL	ch.qos.logback.core.spi.FilterReply	ch.qos.logback.core.spi.FilterReply	ch.qos.logback.core.spi.FilterReply	TRUE	public	ch.qos.logback:logback-core:1.2.5	FALSE	14
ch.qos.logback:logback-classic:1.2.5	ch.qos.logback.core.spi.FilterReply::ACCEPT	ch.qos.logback.core.spi.FilterReply	ch.qos.logback.core.spi.FilterReply	ch.qos.logback.core.spi.FilterReply	TRUE	public	ch.qos.logback:logback-core:1.2.5	FALSE	7
ch.qos.logback:logback-classic:1.2.5	ch.qos.logback.core.spi.FilterReply::DENY	ch.qos.logback.core.spi.FilterReply	ch.qos.logback.core.spi.FilterReply	ch.qos.logback.core.spi.FilterReply	TRUE	public	ch.qos.logback:logback-core:1.2.5	FALSE	10
ch.qos.logback:logback-classic:1.2.5	ch.qos.logback.core.spi.FilterReply::NEUTRAL	ch.qos.logback.core.spi.FilterReply	ch.qos.logback.core.spi.FilterReply	ch.qos.logback.core.spi.FilterReply	TRUE	public	ch.qos.logback:logback-core:1.2.5	FALSE	14
ch.qos.logback:logback-classic:1.2.5	ch.qos.logback.core.CoreConstants::LINE_SEPARATOR	ch.qos.logback.core.CoreConstants	ch.qos.logback.core.CoreConstants	java.lang.String	TRUE	public	ch.qos.logback:logback-core:1.2.5	FALSE	11
ch.qos.logback:logback-classic:1.2.5	ch.qos.logback.core.spi.FilterReply::ACCEPT	ch.qos.logback.core.spi.FilterReply	ch.qos.logback.core.spi.FilterReply	ch.qos.logback.core.spi.FilterReply	TRUE	public	ch.qos.logback:logback-core:1.2.5	FALSE	7
ch.qos.logback:logback-classic:1.2.5	ch.qos.logback.core.spi.FilterReply::DENY	ch.qos.logback.core.spi.FilterReply	ch.qos.logback.core.spi.FilterReply	ch.qos.logback.core.spi.FilterReply	TRUE	public	ch.qos.logback:logback-core:1.2.5	FALSE	10
ch.qos.logback:logback-classic:1.2.5	ch.qos.logback.core.spi.FilterReply::NEUTRAL	ch.qos.logback.core.spi.FilterReply	ch.qos.logback.core.spi.FilterReply	ch.qos.logback.core.spi.FilterReply	TRUE	public	ch.qos.logback:logback-core:1.2.5	FALSE	14
org.slf4j:slf4j-api:1.7.31	org.slf4j.impl.StaticMDCBinder::SINGLETON	org.slf4j.impl.StaticMDCBinder	org.slf4j.impl.StaticMDCBinder	org.slf4j.impl.StaticMDCBinder	TRUE	public	ch.qos.logback:logback-classic:1.2.5	FALSE	1
ch.qos.logback:logback-classic:1.2.5	ch.qos.logback.core.CoreConstants::LINE_SEPARATOR	ch.qos.logback.core.CoreConstants	ch.qos.logback.core.CoreConstants	java.lang.String	TRUE	public	ch.qos.logback:logback-core:1.2.5	FALSE	4
ch.qos.logback:logback-classic:1.2.5	ch.qos.logback.core.spi.FilterReply::ACCEPT	ch.qos.logback.core.spi.FilterReply	ch.qos.logback.core.spi.FilterReply	ch.qos.logback.core.spi.FilterReply	TRUE	public	ch.qos.logback:logback-core:1.2.5	FALSE	7
ch.qos.logback:logback-classic:1.2.5	ch.qos.logback.core.spi.FilterReply::DENY	ch.qos.logback.core.spi.FilterReply	ch.qos.logback.core.spi.FilterReply	ch.qos.logback.core.spi.FilterReply	TRUE	public	ch.qos.logback:logback-core:1.2.5	FALSE	10
org.slf4j:slf4j-api:1.7.31	org.slf4j.impl.StaticLoggerBinder::REQUESTED_API_VERSION	org.slf4j.impl.StaticLoggerBinder	org.slf4j.impl.StaticLoggerBinder	java.lang.String	TRUE	public	ch.qos.logback:logback-classic:1.2.5	FALSE	1
ch.qos.logback:logback-classic:1.2.5	ch.qos.logback.core.spi.FilterReply::NEUTRAL	ch.qos.logback.core.spi.FilterReply	ch.qos.logback.core.spi.FilterReply	ch.qos.logback.core.spi.FilterReply	TRUE	public	ch.qos.logback:logback-core:1.2.5	FALSE	14
org.slf4j:slf4j-api:1.7.31	org.slf4j.impl.StaticMDCBinder::SINGLETON	org.slf4j.impl.StaticMDCBinder	org.slf4j.impl.StaticMDCBinder	org.slf4j.impl.StaticMDCBinder	TRUE	public	ch.qos.logback:logback-classic:1.2.5	FALSE	1
ch.qos.logback:logback-classic:1.2.5	ch.qos.logback.core.CoreConstants::LINE_SEPARATOR	ch.qos.logback.core.CoreConstants	ch.qos.logback.core.CoreConstants	java.lang.String	TRUE	public	ch.qos.logback:logback-core:1.2.5	FALSE	6
ch.qos.logback:logback-classic:1.2.5	ch.qos.logback.core.spi.FilterReply::ACCEPT	ch.qos.logback.core.spi.FilterReply	ch.qos.logback.core.spi.FilterReply	ch.qos.logback.core.spi.FilterReply	TRUE	public	ch.qos.logback:logback-core:1.2.5	FALSE	7
ch.qos.logback:logback-classic:1.2.5	ch.qos.logback.core.spi.FilterReply::DENY	ch.qos.logback.core.spi.FilterReply	ch.qos.logback.core.spi.FilterReply	ch.qos.logback.core.spi.FilterReply	TRUE	public	ch.qos.logback:logback-core:1.2.5	FALSE	10
org.slf4j:slf4j-api:1.7.31	org.slf4j.impl.StaticLoggerBinder::REQUESTED_API_VERSION	org.slf4j.impl.StaticLoggerBinder	org.slf4j.impl.StaticLoggerBinder	java.lang.String	TRUE	public	ch.qos.logback:logback-classic:1.2.5	FALSE	1
ch.qos.logback:logback-classic:1.2.5	ch.qos.logback.core.spi.FilterReply::NEUTRAL	ch.qos.logback.core.spi.FilterReply	ch.qos.logback.core.spi.FilterReply	ch.qos.logback.core.spi.FilterReply	TRUE	public	ch.qos.logback:logback-core:1.2.5	FALSE	14
ch.qos.logback:logback-classic:1.2.5	ch.qos.logback.core.CoreConstants::LINE_SEPARATOR	ch.qos.logback.core.CoreConstants	ch.qos.logback.core.CoreConstants	java.lang.String	TRUE	public	ch.qos.logback:logback-core:1.2.5	FALSE	5
ch.qos.logback:logback-classic:1.2.5	ch.qos.logback.core.spi.FilterReply::ACCEPT	ch.qos.logback.core.spi.FilterReply	ch.qos.logback.core.spi.FilterReply	ch.qos.logback.core.spi.FilterReply	TRUE	public	ch.qos.logback:logback-core:1.2.5	FALSE	7
org.slf4j:slf4j-api:1.7.31	org.slf4j.impl.StaticLoggerBinder::REQUESTED_API_VERSION	org.slf4j.impl.StaticLoggerBinder	org.slf4j.impl.StaticLoggerBinder	java.lang.String	TRUE	public	ch.qos.logback:logback-classic:1.2.5	FALSE	1
ch.qos.logback:logback-classic:1.2.5	ch.qos.logback.core.spi.FilterReply::DENY	ch.qos.logback.core.spi.FilterReply	ch.qos.logback.core.spi.FilterReply	ch.qos.logback.core.spi.FilterReply	TRUE	public	ch.qos.logback:logback-core:1.2.5	FALSE	10
ch.qos.logback:logback-classic:1.2.5	ch.qos.logback.core.spi.FilterReply::NEUTRAL	ch.qos.logback.core.spi.FilterReply	ch.qos.logback.core.spi.FilterReply	ch.qos.logback.core.spi.FilterReply	TRUE	public	ch.qos.logback:logback-core:1.2.5	FALSE	14
org.slf4j:slf4j-api:1.7.31	org.slf4j.impl.StaticMDCBinder::SINGLETON	org.slf4j.impl.StaticMDCBinder	org.slf4j.impl.StaticMDCBinder	org.slf4j.impl.StaticMDCBinder	TRUE	public	ch.qos.logback:logback-classic:1.2.5	FALSE	1
ch.qos.logback:logback-classic:1.2.5	ch.qos.logback.core.CoreConstants::LINE_SEPARATOR	ch.qos.logback.core.CoreConstants	ch.qos.logback.core.CoreConstants	java.lang.String	TRUE	public	ch.qos.logback:logback-core:1.2.5	FALSE	11
ch.qos.logback:logback-classic:1.2.5	ch.qos.logback.core.spi.FilterReply::ACCEPT	ch.qos.logback.core.spi.FilterReply	ch.qos.logback.core.spi.FilterReply	ch.qos.logback.core.spi.FilterReply	TRUE	public	ch.qos.logback:logback-core:1.2.5	FALSE	7
ch.qos.logback:logback-classic:1.2.5	ch.qos.logback.core.CoreConstants::EMPTY_CLASS_ARRAY	ch.qos.logback.core.CoreConstants	ch.qos.logback.core.CoreConstants	java.lang.Class<?>[]	TRUE	public	ch.qos.logback:logback-core:1.2.5	FALSE	1
ch.qos.logback:logback-classic:1.2.5	ch.qos.logback.core.CoreConstants::EMPTY_STRING_ARRAY	ch.qos.logback.core.CoreConstants	ch.qos.logback.core.CoreConstants	java.lang.String[]	TRUE	public	ch.qos.logback:logback-core:1.2.5	FALSE	1