SubClass,Sub Library,Super Class/Interface,Super Library
org.eclipse.jetty.server.Response,jetty-server-9.4.26.v20200117,javax.servlet.http.HttpServletResponse,javax.servlet-api-3.1.0
org.eclipse.jetty.server.HttpOutput$WriteCompleteCB,jetty-server-9.4.26.v20200117,org.eclipse.jetty.util.Callback,jetty-util-9.4.26.v20200117
org.eclipse.jetty.util.MultiPartInputStreamParser$MultiPart,jetty-util-9.4.26.v20200117,javax.servlet.http.Part,javax.servlet-api-3.1.0
org.eclipse.jetty.server.Connector,jetty-server-9.4.26.v20200117,org.eclipse.jetty.util.component.Container,jetty-util-9.4.26.v20200117
org.eclipse.jetty.server.HttpChannel$SendCallback,jetty-server-9.4.26.v20200117,org.eclipse.jetty.util.Callback$Nested,jetty-util-9.4.26.v20200117
org.eclipse.jetty.server.handler.AbstractHandler,jetty-server-9.4.26.v20200117,org.eclipse.jetty.util.component.ContainerLifeCycle,jetty-util-9.4.26.v20200117
org.eclipse.jetty.servlet.ServletHandler,jetty-servlet-9.4.26.v20200117,org.eclipse.jetty.server.handler.ScopedHandler,jetty-server-9.4.26.v20200117
org.eclipse.jetty.server.HttpConnection$BlockingReadCallback,jetty-server-9.4.26.v20200117,org.eclipse.jetty.util.Callback,jetty-util-9.4.26.v20200117
org.eclipse.jetty.servlet.ServletHolder,jetty-servlet-9.4.26.v20200117,org.eclipse.jetty.server.UserIdentity$Scope,jetty-server-9.4.26.v20200117
org.eclipse.jetty.servlet.Holder$HolderRegistration,jetty-servlet-9.4.26.v20200117,javax.servlet.Registration$Dynamic,javax.servlet-api-3.1.0
org.eclipse.jetty.servlet.FilterMapping,jetty-servlet-9.4.26.v20200117,org.eclipse.jetty.util.component.Dumpable,jetty-util-9.4.26.v20200117
org.eclipse.jetty.servlet.ServletContextHandler,jetty-servlet-9.4.26.v20200117,org.eclipse.jetty.server.handler.ContextHandler,jetty-server-9.4.26.v20200117
org.eclipse.jetty.http.pathmap.PathMappings,jetty-http-9.4.26.v20200117,org.eclipse.jetty.util.component.Dumpable,jetty-util-9.4.26.v20200117
org.eclipse.jetty.server.HttpOutput,jetty-server-9.4.26.v20200117,javax.servlet.ServletOutputStream,javax.servlet-api-3.1.0
org.eclipse.jetty.io.SelectorManager,jetty-io-9.4.26.v20200117,org.eclipse.jetty.util.component.Dumpable,jetty-util-9.4.26.v20200117
org.eclipse.jetty.server.HttpChannelOverHttp,jetty-server-9.4.26.v20200117,org.eclipse.jetty.http.HttpParser$ComplianceHandler,jetty-http-9.4.26.v20200117
org.eclipse.jetty.server.HttpConnection,jetty-server-9.4.26.v20200117,org.eclipse.jetty.io.AbstractConnection,jetty-io-9.4.26.v20200117
org.eclipse.jetty.server.AbstractConnector$1,jetty-server-9.4.26.v20200117,org.eclipse.jetty.util.component.Container$Listener,jetty-util-9.4.26.v20200117
org.eclipse.jetty.io.ManagedSelector$SelectorProducer,jetty-io-9.4.26.v20200117,org.eclipse.jetty.util.thread.ExecutionStrategy$Producer,jetty-util-9.4.26.v20200117
org.eclipse.jetty.server.AbstractConnectionFactory,jetty-server-9.4.26.v20200117,org.eclipse.jetty.util.component.ContainerLifeCycle,jetty-util-9.4.26.v20200117
org.eclipse.jetty.io.AbstractConnection$ReadCallback,jetty-io-9.4.26.v20200117,org.eclipse.jetty.util.Callback,jetty-util-9.4.26.v20200117
org.eclipse.jetty.server.HttpConnection$AsyncReadCallback,jetty-server-9.4.26.v20200117,org.eclipse.jetty.util.Callback,jetty-util-9.4.26.v20200117
org.eclipse.jetty.server.Request,jetty-server-9.4.26.v20200117,javax.servlet.http.HttpServletRequest,javax.servlet-api-3.1.0
org.eclipse.jetty.servlet.BaseHolder,jetty-servlet-9.4.26.v20200117,org.eclipse.jetty.util.component.AbstractLifeCycle,jetty-util-9.4.26.v20200117
org.eclipse.jetty.server.HttpInput,jetty-server-9.4.26.v20200117,javax.servlet.ServletInputStream,javax.servlet-api-3.1.0
org.eclipse.jetty.server.HttpInput$Content,jetty-server-9.4.26.v20200117,org.eclipse.jetty.util.Callback,jetty-util-9.4.26.v20200117
org.eclipse.jetty.server.Handler,jetty-server-9.4.26.v20200117,org.eclipse.jetty.util.component.LifeCycle,jetty-util-9.4.26.v20200117
org.eclipse.jetty.server.Connector,jetty-server-9.4.26.v20200117,org.eclipse.jetty.util.component.LifeCycle,jetty-util-9.4.26.v20200117
org.eclipse.jetty.server.ServletResponseHttpWrapper,jetty-server-9.4.26.v20200117,javax.servlet.http.HttpServletResponse,javax.servlet-api-3.1.0
org.eclipse.jetty.server.HttpChannelOverHttp,jetty-server-9.4.26.v20200117,org.eclipse.jetty.http.HttpParser$RequestHandler,jetty-http-9.4.26.v20200117
org.eclipse.jetty.server.ServletResponseHttpWrapper,jetty-server-9.4.26.v20200117,javax.servlet.ServletResponseWrapper,javax.servlet-api-3.1.0
org.eclipse.jetty.server.AbstractConnector,jetty-server-9.4.26.v20200117,org.eclipse.jetty.util.component.ContainerLifeCycle,jetty-util-9.4.26.v20200117
org.eclipse.jetty.server.ServerConnector$ServerConnectorManager,jetty-server-9.4.26.v20200117,org.eclipse.jetty.io.SelectorManager,jetty-io-9.4.26.v20200117
org.eclipse.jetty.server.HttpConnection,jetty-server-9.4.26.v20200117,org.eclipse.jetty.io.Connection$UpgradeFrom,jetty-io-9.4.26.v20200117
org.junit.internal.AssumptionViolatedException,junit-4.12,org.hamcrest.SelfDescribing,mockito-all-1.10.19
org.eclipse.jetty.server.handler.ContextHandler,jetty-server-9.4.26.v20200117,org.eclipse.jetty.util.component.Graceful,jetty-util-9.4.26.v20200117
org.eclipse.jetty.server.Handler,jetty-server-9.4.26.v20200117,org.eclipse.jetty.util.component.Destroyable,jetty-util-9.4.26.v20200117
org.eclipse.jetty.server.HandlerContainer,jetty-server-9.4.26.v20200117,org.eclipse.jetty.util.component.LifeCycle,jetty-util-9.4.26.v20200117
org.eclipse.jetty.io.ManagedSelector,jetty-io-9.4.26.v20200117,org.eclipse.jetty.util.component.ContainerLifeCycle,jetty-util-9.4.26.v20200117
org.eclipse.jetty.io.ChannelEndPoint$RunnableTask,jetty-io-9.4.26.v20200117,org.eclipse.jetty.util.thread.Invocable,jetty-util-9.4.26.v20200117
org.eclipse.jetty.servlet.ServletHandler$Default404Servlet,jetty-servlet-9.4.26.v20200117,javax.servlet.http.HttpServlet,javax.servlet-api-3.1.0
org.eclipse.jetty.server.ServletRequestHttpWrapper,jetty-server-9.4.26.v20200117,javax.servlet.ServletRequestWrapper,javax.servlet-api-3.1.0
org.eclipse.jetty.server.HttpConnection$SendCallback,jetty-server-9.4.26.v20200117,org.eclipse.jetty.util.IteratingCallback,jetty-util-9.4.26.v20200117
org.eclipse.jetty.server.HttpConfiguration,jetty-server-9.4.26.v20200117,org.eclipse.jetty.util.component.Dumpable,jetty-util-9.4.26.v20200117
org.eclipse.jetty.server.HttpConnection,jetty-server-9.4.26.v20200117,org.eclipse.jetty.io.WriteFlusher$Listener,jetty-io-9.4.26.v20200117
org.eclipse.jetty.server.HttpConnection,jetty-server-9.4.26.v20200117,org.eclipse.jetty.io.Connection$UpgradeTo,jetty-io-9.4.26.v20200117
org.eclipse.jetty.server.Connector,jetty-server-9.4.26.v20200117,org.eclipse.jetty.util.component.Graceful,jetty-util-9.4.26.v20200117
org.eclipse.jetty.servlet.BaseHolder,jetty-servlet-9.4.26.v20200117,org.eclipse.jetty.util.component.Dumpable,jetty-util-9.4.26.v20200117
org.eclipse.jetty.io.SelectorManager,jetty-io-9.4.26.v20200117,org.eclipse.jetty.util.component.ContainerLifeCycle,jetty-util-9.4.26.v20200117
org.eclipse.jetty.server.HttpOutput$WriteBlocker,jetty-server-9.4.26.v20200117,org.eclipse.jetty.util.SharedBlockingCallback,jetty-util-9.4.26.v20200117
org.eclipse.jetty.server.AsyncContextEvent,jetty-server-9.4.26.v20200117,javax.servlet.AsyncEvent,javax.servlet-api-3.1.0
org.eclipse.jetty.server.AbstractConnector,jetty-server-9.4.26.v20200117,org.eclipse.jetty.util.component.Dumpable,jetty-util-9.4.26.v20200117
org.eclipse.jetty.server.QuietServletException,jetty-server-9.4.26.v20200117,javax.servlet.ServletException,javax.servlet-api-3.1.0
org.eclipse.jetty.server.handler.ContextHandler,jetty-server-9.4.26.v20200117,org.eclipse.jetty.util.Attributes,jetty-util-9.4.26.v20200117
org.eclipse.jetty.server.handler.ContextHandler$StaticContext,jetty-server-9.4.26.v20200117,javax.servlet.ServletContext,javax.servlet-api-3.1.0
org.eclipse.jetty.servlet.ServletHolder$Config,jetty-servlet-9.4.26.v20200117,javax.servlet.ServletConfig,javax.servlet-api-3.1.0
org.eclipse.jetty.server.HttpOutput$ChannelWriteCB,jetty-server-9.4.26.v20200117,org.eclipse.jetty.util.IteratingCallback,jetty-util-9.4.26.v20200117
org.eclipse.jetty.server.Server,jetty-server-9.4.26.v20200117,org.eclipse.jetty.util.Attributes,jetty-util-9.4.26.v20200117
org.eclipse.jetty.servlet.ServletHolder$Registration,jetty-servlet-9.4.26.v20200117,javax.servlet.ServletRegistration$Dynamic,javax.servlet-api-3.1.0
org.eclipse.jetty.server.handler.ContextHandler$StaticContext,jetty-server-9.4.26.v20200117,org.eclipse.jetty.util.AttributesMap,jetty-util-9.4.26.v20200117
org.eclipse.jetty.server.ServletRequestHttpWrapper,jetty-server-9.4.26.v20200117,javax.servlet.http.HttpServletRequest,javax.servlet-api-3.1.0
org.eclipse.jetty.io.ManagedSelector,jetty-io-9.4.26.v20200117,org.eclipse.jetty.util.component.Dumpable,jetty-util-9.4.26.v20200117
org.eclipse.jetty.server.QuietServletException,jetty-server-9.4.26.v20200117,org.eclipse.jetty.io.QuietException,jetty-io-9.4.26.v20200117
org.eclipse.jetty.servlet.ServletHolder$1,jetty-servlet-9.4.26.v20200117,javax.servlet.UnavailableException,javax.servlet-api-3.1.0
