ClientLibrary	FieldLibrary	FieldName	FieldSignature	Visibility	Static	Counts
"org.springframework:spring-beans:5.1.10.RELEASE"	"com.alibaba:druid-spring-boot-starter:1.1.20"	"com.alibaba.druid.spring.boot.autoconfigure.DruidDataSourceWrapper::basicProperties"	"org.springframework.boot.autoconfigure.jdbc.DataSourceProperties"	"private"	"false"	1
"org.springframework:spring-beans:5.1.10.RELEASE"	"org.springframework.data:spring-data-commons:2.1.11.RELEASE"	"org.springframework.boot.autoconfigure.data.AbstractRepositoryConfigurationSourceSupport$1::attributes"	"org.springframework.core.annotation.AnnotationAttributes"	"private"	"false"	1
"org.codehaus.groovy:groovy:3.0.8"	"io.rest-assured:json-path:4.4.0"	"java.lang.Class::BIG_INTEGER"	"io.restassured.path.json.config.JsonPathConfig$NumberReturnType"	"public"	"true"	1
"org.codehaus.groovy:groovy:3.0.8"	"io.rest-assured:json-path:4.4.0"	"java.lang.Class::DOUBLE"	"io.restassured.path.json.config.JsonPathConfig$NumberReturnType"	"public"	"true"	1
"org.codehaus.groovy:groovy:3.0.8"	"io.rest-assured:json-path:4.4.0"	"java.lang.Class::GSON"	"io.restassured.path.json.config.JsonParserType"	"public"	"true"	1
"org.codehaus.groovy:groovy:3.0.8"	"io.rest-assured:json-path:4.4.0"	"java.lang.Class::JACKSON_1"	"io.restassured.path.json.config.JsonParserType"	"public"	"true"	1
"org.codehaus.groovy:groovy:3.0.8"	"io.rest-assured:json-path:4.4.0"	"java.lang.Class::JACKSON_2"	"io.restassured.path.json.config.JsonParserType"	"public"	"true"	1
"org.codehaus.groovy:groovy:3.0.8"	"io.rest-assured:json-path:4.4.0"	"java.lang.Class::JOHNZON"	"io.restassured.path.json.config.JsonParserType"	"public"	"true"	1
"org.codehaus.groovy:groovy:3.0.8"	"io.rest-assured:json-path:4.4.0"	"java.lang.Class::JSONB"	"io.restassured.path.json.config.JsonParserType"	"public"	"true"	1
"org.codehaus.groovy:groovy:3.0.8"	"io.rest-assured:json-path:4.4.0"	"java.lang.Class::numberReturnType"	"java.lang.ThreadLocal<io.restassured.path.json.config.JsonPathConfig$NumberReturnType>"	"private"	"true"	1
"org.codehaus.groovy:groovy:3.0.8"	"io.rest-assured:rest-assured-common:4.4.0"	"java.lang.Class::closureEndFragment"	"java.lang.Object"	"private"	"true"	1
"org.codehaus.groovy:groovy:3.0.8"	"io.rest-assured:rest-assured-common:4.4.0"	"java.lang.Class::closureStartFragment"	"java.lang.Object"	"private"	"true"	1
"org.codehaus.groovy:groovy:3.0.8"	"io.rest-assured:rest-assured-common:4.4.0"	"java.lang.Class::listGetterFragment"	"java.lang.Object"	"private"	"true"	1
"org.codehaus.groovy:groovy:3.0.8"	"io.rest-assured:rest-assured-common:4.4.0"	"java.lang.Class::listIndexEndFragment"	"java.lang.Object"	"private"	"true"	1
"org.codehaus.groovy:groovy:3.0.8"	"io.rest-assured:rest-assured-common:4.4.0"	"java.lang.Class::listIndexStartFragment"	"java.lang.Object"	"private"	"true"	1
"org.codehaus.groovy:groovy:3.0.8"	"io.rest-assured:rest-assured-common:4.4.0"	"java.lang.Class::space"	"java.lang.Object"	"private"	"true"	1
"org.codehaus.groovy:groovy:3.0.8"	"org.codehaus.groovy:groovy-json:3.0.8"	"java.lang.Class::CLOSE_BRACKET"	"groovy.json.JsonTokenType"	"public"	"true"	1
"org.codehaus.groovy:groovy:3.0.8"	"org.codehaus.groovy:groovy-json:3.0.8"	"java.lang.Class::CLOSE_CURLY"	"groovy.json.JsonTokenType"	"public"	"true"	1
"org.codehaus.groovy:groovy:3.0.8"	"org.codehaus.groovy:groovy-json:3.0.8"	"java.lang.Class::COLON"	"groovy.json.JsonTokenType"	"public"	"true"	1
"org.codehaus.groovy:groovy:3.0.8"	"org.codehaus.groovy:groovy-json:3.0.8"	"java.lang.Class::COMMA"	"groovy.json.JsonTokenType"	"public"	"true"	1
"org.codehaus.groovy:groovy:3.0.8"	"org.codehaus.groovy:groovy-json:3.0.8"	"java.lang.Class::NULL"	"groovy.json.JsonTokenType"	"public"	"true"	1
"org.codehaus.groovy:groovy:3.0.8"	"org.codehaus.groovy:groovy-json:3.0.8"	"java.lang.Class::OPEN_BRACKET"	"groovy.json.JsonTokenType"	"public"	"true"	1
"org.codehaus.groovy:groovy:3.0.8"	"org.codehaus.groovy:groovy-json:3.0.8"	"java.lang.Class::OPEN_CURLY"	"groovy.json.JsonTokenType"	"public"	"true"	1
"org.codehaus.groovy:groovy:3.0.8"	"org.codehaus.groovy:groovy-json:3.0.8"	"java.lang.Class::STRING"	"groovy.json.JsonTokenType"	"public"	"true"	1
"org.apache.commons:commons-lang3:3.4"	"org.apache.rocketmq:rocketmq-broker:4.9.1"	"org.apache.rocketmq.broker.filter.ConsumerFilterData::bloomFilterData"	"org.apache.rocketmq.filter.util.BloomFilterData"	"private"	"false"	1
"org.apache.commons:commons-lang3:3.4"	"org.apache.rocketmq:rocketmq-broker:4.9.1"	"org.apache.rocketmq.broker.filter.ConsumerFilterData::bornTime"	"long"	"private"	"false"	1
"org.apache.commons:commons-lang3:3.4"	"org.apache.rocketmq:rocketmq-broker:4.9.1"	"org.apache.rocketmq.broker.filter.ConsumerFilterData::clientVersion"	"long"	"private"	"false"	1
"org.apache.commons:commons-lang3:3.4"	"org.apache.rocketmq:rocketmq-broker:4.9.1"	"org.apache.rocketmq.broker.filter.ConsumerFilterData::consumerGroup"	"java.lang.String"	"private"	"false"	1
"org.apache.commons:commons-lang3:3.4"	"org.apache.rocketmq:rocketmq-broker:4.9.1"	"org.apache.rocketmq.broker.filter.ConsumerFilterData::deadTime"	"long"	"private"	"false"	1
"org.apache.commons:commons-lang3:3.4"	"org.apache.rocketmq:rocketmq-broker:4.9.1"	"org.apache.rocketmq.broker.filter.ConsumerFilterData::expression"	"java.lang.String"	"private"	"false"	1
"org.apache.commons:commons-lang3:3.4"	"org.apache.rocketmq:rocketmq-broker:4.9.1"	"org.apache.rocketmq.broker.filter.ConsumerFilterData::expressionType"	"java.lang.String"	"private"	"false"	1
"org.apache.commons:commons-lang3:3.4"	"org.apache.rocketmq:rocketmq-broker:4.9.1"	"org.apache.rocketmq.broker.filter.ConsumerFilterData::topic"	"java.lang.String"	"private"	"false"	1
"org.apache.rocketmq:rocketmq-common:4.9.1"	"org.apache.rocketmq:rocketmq-remoting:4.9.1"	"org.apache.rocketmq.remoting.netty.NettyClientConfig::channelNotActiveInterval"	"long"	"private"	"false"	11
"org.apache.rocketmq:rocketmq-common:4.9.1"	"org.apache.rocketmq:rocketmq-remoting:4.9.1"	"org.apache.rocketmq.remoting.netty.NettyClientConfig::clientAsyncSemaphoreValue"	"int"	"private"	"false"	11
"org.apache.rocketmq:rocketmq-common:4.9.1"	"org.apache.rocketmq:rocketmq-remoting:4.9.1"	"org.apache.rocketmq.remoting.netty.NettyClientConfig::clientCallbackExecutorThreads"	"int"	"private"	"false"	11
"org.apache.rocketmq:rocketmq-common:4.9.1"	"org.apache.rocketmq:rocketmq-remoting:4.9.1"	"org.apache.rocketmq.remoting.netty.NettyClientConfig::clientChannelMaxIdleTimeSeconds"	"int"	"private"	"false"	11
"org.apache.rocketmq:rocketmq-common:4.9.1"	"org.apache.rocketmq:rocketmq-remoting:4.9.1"	"org.apache.rocketmq.remoting.netty.NettyClientConfig::clientCloseSocketIfTimeout"	"boolean"	"private"	"false"	11
"org.apache.rocketmq:rocketmq-common:4.9.1"	"org.apache.rocketmq:rocketmq-remoting:4.9.1"	"org.apache.rocketmq.remoting.netty.NettyClientConfig::clientOnewaySemaphoreValue"	"int"	"private"	"false"	11
"org.apache.rocketmq:rocketmq-common:4.9.1"	"org.apache.rocketmq:rocketmq-remoting:4.9.1"	"org.apache.rocketmq.remoting.netty.NettyClientConfig::clientPooledByteBufAllocatorEnable"	"boolean"	"private"	"false"	11
"org.apache.rocketmq:rocketmq-common:4.9.1"	"org.apache.rocketmq:rocketmq-remoting:4.9.1"	"org.apache.rocketmq.remoting.netty.NettyClientConfig::clientSocketRcvBufSize"	"int"	"private"	"false"	11
"org.apache.rocketmq:rocketmq-common:4.9.1"	"org.apache.rocketmq:rocketmq-remoting:4.9.1"	"org.apache.rocketmq.remoting.netty.NettyClientConfig::clientSocketSndBufSize"	"int"	"private"	"false"	11
"org.apache.rocketmq:rocketmq-common:4.9.1"	"org.apache.rocketmq:rocketmq-remoting:4.9.1"	"org.apache.rocketmq.remoting.netty.NettyClientConfig::clientWorkerThreads"	"int"	"private"	"false"	11
"org.apache.rocketmq:rocketmq-common:4.9.1"	"org.apache.rocketmq:rocketmq-remoting:4.9.1"	"org.apache.rocketmq.remoting.netty.NettyClientConfig::connectTimeoutMillis"	"int"	"private"	"false"	11
"org.apache.rocketmq:rocketmq-common:4.9.1"	"org.apache.rocketmq:rocketmq-remoting:4.9.1"	"org.apache.rocketmq.remoting.netty.NettyClientConfig::useTLS"	"boolean"	"private"	"false"	11
"org.apache.rocketmq:rocketmq-common:4.9.1"	"org.apache.rocketmq:rocketmq-remoting:4.9.1"	"org.apache.rocketmq.remoting.netty.NettyServerConfig::listenPort"	"int"	"private"	"false"	11
"org.apache.rocketmq:rocketmq-common:4.9.1"	"org.apache.rocketmq:rocketmq-remoting:4.9.1"	"org.apache.rocketmq.remoting.netty.NettyServerConfig::serverAsyncSemaphoreValue"	"int"	"private"	"false"	11
"org.apache.rocketmq:rocketmq-common:4.9.1"	"org.apache.rocketmq:rocketmq-remoting:4.9.1"	"org.apache.rocketmq.remoting.netty.NettyServerConfig::serverCallbackExecutorThreads"	"int"	"private"	"false"	11
"org.apache.rocketmq:rocketmq-common:4.9.1"	"org.apache.rocketmq:rocketmq-remoting:4.9.1"	"org.apache.rocketmq.remoting.netty.NettyServerConfig::serverChannelMaxIdleTimeSeconds"	"int"	"private"	"false"	11
"org.apache.rocketmq:rocketmq-common:4.9.1"	"org.apache.rocketmq:rocketmq-remoting:4.9.1"	"org.apache.rocketmq.remoting.netty.NettyServerConfig::serverOnewaySemaphoreValue"	"int"	"private"	"false"	11
"org.apache.rocketmq:rocketmq-common:4.9.1"	"org.apache.rocketmq:rocketmq-remoting:4.9.1"	"org.apache.rocketmq.remoting.netty.NettyServerConfig::serverPooledByteBufAllocatorEnable"	"boolean"	"private"	"false"	11
"org.apache.rocketmq:rocketmq-common:4.9.1"	"org.apache.rocketmq:rocketmq-remoting:4.9.1"	"org.apache.rocketmq.remoting.netty.NettyServerConfig::serverSelectorThreads"	"int"	"private"	"false"	11
"org.apache.rocketmq:rocketmq-common:4.9.1"	"org.apache.rocketmq:rocketmq-remoting:4.9.1"	"org.apache.rocketmq.remoting.netty.NettyServerConfig::serverSocketRcvBufSize"	"int"	"private"	"false"	11
"org.apache.rocketmq:rocketmq-common:4.9.1"	"org.apache.rocketmq:rocketmq-remoting:4.9.1"	"org.apache.rocketmq.remoting.netty.NettyServerConfig::serverSocketSndBufSize"	"int"	"private"	"false"	11
"org.apache.rocketmq:rocketmq-common:4.9.1"	"org.apache.rocketmq:rocketmq-remoting:4.9.1"	"org.apache.rocketmq.remoting.netty.NettyServerConfig::serverWorkerThreads"	"int"	"private"	"false"	11
"org.apache.rocketmq:rocketmq-common:4.9.1"	"org.apache.rocketmq:rocketmq-remoting:4.9.1"	"org.apache.rocketmq.remoting.netty.NettyServerConfig::useEpollNativeSelector"	"boolean"	"private"	"false"	11
"org.apache.rocketmq:rocketmq-common:4.9.1"	"org.apache.rocketmq:rocketmq-store:4.9.1"	"org.apache.rocketmq.store.config.MessageStoreConfig::accessMessageInMemoryMaxRatio"	"int"	"private"	"false"	11
"org.apache.rocketmq:rocketmq-common:4.9.1"	"org.apache.rocketmq:rocketmq-store:4.9.1"	"org.apache.rocketmq.store.config.MessageStoreConfig::bitMapLengthConsumeQueueExt"	"int"	"private"	"false"	11
"org.apache.rocketmq:rocketmq-common:4.9.1"	"org.apache.rocketmq:rocketmq-store:4.9.1"	"org.apache.rocketmq.store.config.MessageStoreConfig::brokerRole"	"org.apache.rocketmq.store.config.BrokerRole"	"private"	"false"	11
"org.apache.rocketmq:rocketmq-common:4.9.1"	"org.apache.rocketmq:rocketmq-store:4.9.1"	"org.apache.rocketmq.store.config.MessageStoreConfig::checkCRCOnRecover"	"boolean"	"private"	"false"	11
"org.apache.rocketmq:rocketmq-common:4.9.1"	"org.apache.rocketmq:rocketmq-store:4.9.1"	"org.apache.rocketmq.store.config.MessageStoreConfig::cleanFileForciblyEnable"	"boolean"	"private"	"false"	11
"org.apache.rocketmq:rocketmq-common:4.9.1"	"org.apache.rocketmq:rocketmq-store:4.9.1"	"org.apache.rocketmq.store.config.MessageStoreConfig::cleanResourceInterval"	"int"	"private"	"false"	11
"org.apache.rocketmq:rocketmq-common:4.9.1"	"org.apache.rocketmq:rocketmq-store:4.9.1"	"org.apache.rocketmq.store.config.MessageStoreConfig::commitCommitLogLeastPages"	"int"	"private"	"false"	11
"org.apache.rocketmq:rocketmq-common:4.9.1"	"org.apache.rocketmq:rocketmq-store:4.9.1"	"org.apache.rocketmq.store.config.MessageStoreConfig::commitCommitLogThoroughInterval"	"int"	"private"	"false"	11
"org.apache.rocketmq:rocketmq-common:4.9.1"	"org.apache.rocketmq:rocketmq-store:4.9.1"	"org.apache.rocketmq.store.config.MessageStoreConfig::commitIntervalCommitLog"	"int"	"private"	"false"	11
"org.apache.rocketmq:rocketmq-common:4.9.1"	"org.apache.rocketmq:rocketmq-store:4.9.1"	"org.apache.rocketmq.store.config.MessageStoreConfig::debugLockEnable"	"boolean"	"private"	"false"	11
"org.apache.rocketmq:rocketmq-common:4.9.1"	"org.apache.rocketmq:rocketmq-store:4.9.1"	"org.apache.rocketmq.store.config.MessageStoreConfig::defaultQueryMaxNum"	"int"	"private"	"false"	11
"org.apache.rocketmq:rocketmq-common:4.9.1"	"org.apache.rocketmq:rocketmq-store:4.9.1"	"org.apache.rocketmq.store.config.MessageStoreConfig::deleteCommitLogFilesInterval"	"int"	"private"	"false"	11
"org.apache.rocketmq:rocketmq-common:4.9.1"	"org.apache.rocketmq:rocketmq-store:4.9.1"	"org.apache.rocketmq.store.config.MessageStoreConfig::deleteConsumeQueueFilesInterval"	"int"	"private"	"false"	11
"org.apache.rocketmq:rocketmq-common:4.9.1"	"org.apache.rocketmq:rocketmq-store:4.9.1"	"org.apache.rocketmq.store.config.MessageStoreConfig::deleteWhen"	"java.lang.String"	"private"	"false"	11
"org.apache.rocketmq:rocketmq-common:4.9.1"	"org.apache.rocketmq:rocketmq-store:4.9.1"	"org.apache.rocketmq.store.config.MessageStoreConfig::destroyMapedFileIntervalForcibly"	"int"	"private"	"false"	11
"org.apache.rocketmq:rocketmq-common:4.9.1"	"org.apache.rocketmq:rocketmq-store:4.9.1"	"org.apache.rocketmq.store.config.MessageStoreConfig::diskFallRecorded"	"boolean"	"private"	"false"	11
"org.apache.rocketmq:rocketmq-common:4.9.1"	"org.apache.rocketmq:rocketmq-store:4.9.1"	"org.apache.rocketmq.store.config.MessageStoreConfig::diskMaxUsedSpaceRatio"	"int"	"private"	"false"	11
"org.apache.rocketmq:rocketmq-common:4.9.1"	"org.apache.rocketmq:rocketmq-store:4.9.1"	"org.apache.rocketmq.store.config.MessageStoreConfig::dLegerGroup"	"java.lang.String"	"private"	"false"	11
"org.apache.rocketmq:rocketmq-common:4.9.1"	"org.apache.rocketmq:rocketmq-store:4.9.1"	"org.apache.rocketmq.store.config.MessageStoreConfig::dLegerPeers"	"java.lang.String"	"private"	"false"	11
"org.apache.rocketmq:rocketmq-common:4.9.1"	"org.apache.rocketmq:rocketmq-store:4.9.1"	"org.apache.rocketmq.store.config.MessageStoreConfig::dLegerSelfId"	"java.lang.String"	"private"	"false"	11
"org.apache.rocketmq:rocketmq-common:4.9.1"	"org.apache.rocketmq:rocketmq-store:4.9.1"	"org.apache.rocketmq.store.config.MessageStoreConfig::duplicationEnable"	"boolean"	"private"	"false"	11
"org.apache.rocketmq:rocketmq-common:4.9.1"	"org.apache.rocketmq:rocketmq-store:4.9.1"	"org.apache.rocketmq.store.config.MessageStoreConfig::enableConsumeQueueExt"	"boolean"	"private"	"false"	11
"org.apache.rocketmq:rocketmq-common:4.9.1"	"org.apache.rocketmq:rocketmq-store:4.9.1"	"org.apache.rocketmq.store.config.MessageStoreConfig::enableDLegerCommitLog"	"boolean"	"private"	"false"	11
"org.apache.rocketmq:rocketmq-common:4.9.1"	"org.apache.rocketmq:rocketmq-store:4.9.1"	"org.apache.rocketmq.store.config.MessageStoreConfig::enableScheduleMessageStats"	"boolean"	"private"	"false"	11
"org.apache.rocketmq:rocketmq-common:4.9.1"	"org.apache.rocketmq:rocketmq-store:4.9.1"	"org.apache.rocketmq.store.config.MessageStoreConfig::fastFailIfNoBufferInStorePool"	"boolean"	"private"	"false"	11
"org.apache.rocketmq:rocketmq-common:4.9.1"	"org.apache.rocketmq:rocketmq-store:4.9.1"	"org.apache.rocketmq.store.config.MessageStoreConfig::fileReservedTime"	"int"	"private"	"false"	11
"org.apache.rocketmq:rocketmq-common:4.9.1"	"org.apache.rocketmq:rocketmq-store:4.9.1"	"org.apache.rocketmq.store.config.MessageStoreConfig::flushCommitLogLeastPages"	"int"	"private"	"false"	11
"org.apache.rocketmq:rocketmq-common:4.9.1"	"org.apache.rocketmq:rocketmq-store:4.9.1"	"org.apache.rocketmq.store.config.MessageStoreConfig::flushCommitLogThoroughInterval"	"int"	"private"	"false"	11
"org.apache.rocketmq:rocketmq-common:4.9.1"	"org.apache.rocketmq:rocketmq-store:4.9.1"	"org.apache.rocketmq.store.config.MessageStoreConfig::flushCommitLogTimed"	"boolean"	"private"	"false"	11
"org.apache.rocketmq:rocketmq-common:4.9.1"	"org.apache.rocketmq:rocketmq-store:4.9.1"	"org.apache.rocketmq.store.config.MessageStoreConfig::flushConsumeQueueLeastPages"	"int"	"private"	"false"	11
"org.apache.rocketmq:rocketmq-common:4.9.1"	"org.apache.rocketmq:rocketmq-store:4.9.1"	"org.apache.rocketmq.store.config.MessageStoreConfig::flushConsumeQueueThoroughInterval"	"int"	"private"	"false"	11
"org.apache.rocketmq:rocketmq-common:4.9.1"	"org.apache.rocketmq:rocketmq-store:4.9.1"	"org.apache.rocketmq.store.config.MessageStoreConfig::flushDelayOffsetInterval"	"long"	"private"	"false"	11
"org.apache.rocketmq:rocketmq-common:4.9.1"	"org.apache.rocketmq:rocketmq-store:4.9.1"	"org.apache.rocketmq.store.config.MessageStoreConfig::flushDiskType"	"org.apache.rocketmq.store.config.FlushDiskType"	"private"	"false"	11
"org.apache.rocketmq:rocketmq-common:4.9.1"	"org.apache.rocketmq:rocketmq-store:4.9.1"	"org.apache.rocketmq.store.config.MessageStoreConfig::flushIntervalCommitLog"	"int"	"private"	"false"	11
"org.apache.rocketmq:rocketmq-common:4.9.1"	"org.apache.rocketmq:rocketmq-store:4.9.1"	"org.apache.rocketmq.store.config.MessageStoreConfig::flushIntervalConsumeQueue"	"int"	"private"	"false"	11
"org.apache.rocketmq:rocketmq-common:4.9.1"	"org.apache.rocketmq:rocketmq-store:4.9.1"	"org.apache.rocketmq.store.config.MessageStoreConfig::flushLeastPagesWhenWarmMapedFile"	"int"	"private"	"false"	11
"org.apache.rocketmq:rocketmq-common:4.9.1"	"org.apache.rocketmq:rocketmq-store:4.9.1"	"org.apache.rocketmq.store.config.MessageStoreConfig::haHousekeepingInterval"	"int"	"private"	"false"	11
"org.apache.rocketmq:rocketmq-common:4.9.1"	"org.apache.rocketmq:rocketmq-store:4.9.1"	"org.apache.rocketmq.store.config.MessageStoreConfig::haListenPort"	"int"	"private"	"false"	11
"org.apache.rocketmq:rocketmq-common:4.9.1"	"org.apache.rocketmq:rocketmq-store:4.9.1"	"org.apache.rocketmq.store.config.MessageStoreConfig::haMasterAddress"	"java.lang.String"	"private"	"false"	11
"org.apache.rocketmq:rocketmq-common:4.9.1"	"org.apache.rocketmq:rocketmq-store:4.9.1"	"org.apache.rocketmq.store.config.MessageStoreConfig::haSendHeartbeatInterval"	"int"	"private"	"false"	11
"org.apache.rocketmq:rocketmq-common:4.9.1"	"org.apache.rocketmq:rocketmq-store:4.9.1"	"org.apache.rocketmq.store.config.MessageStoreConfig::haSlaveFallbehindMax"	"int"	"private"	"false"	11
"org.apache.rocketmq:rocketmq-common:4.9.1"	"org.apache.rocketmq:rocketmq-store:4.9.1"	"org.apache.rocketmq.store.config.MessageStoreConfig::haTransferBatchSize"	"int"	"private"	"false"	11
"org.apache.rocketmq:rocketmq-common:4.9.1"	"org.apache.rocketmq:rocketmq-store:4.9.1"	"org.apache.rocketmq.store.config.MessageStoreConfig::isEnableBatchPush"	"boolean"	"private"	"false"	11
"org.apache.rocketmq:rocketmq-common:4.9.1"	"org.apache.rocketmq:rocketmq-store:4.9.1"	"org.apache.rocketmq.store.config.MessageStoreConfig::mappedFileSizeCommitLog"	"int"	"private"	"false"	11
"org.apache.rocketmq:rocketmq-common:4.9.1"	"org.apache.rocketmq:rocketmq-store:4.9.1"	"org.apache.rocketmq.store.config.MessageStoreConfig::mappedFileSizeConsumeQueue"	"int"	"private"	"false"	11
"org.apache.rocketmq:rocketmq-common:4.9.1"	"org.apache.rocketmq:rocketmq-store:4.9.1"	"org.apache.rocketmq.store.config.MessageStoreConfig::mappedFileSizeConsumeQueueExt"	"int"	"private"	"false"	11
"org.apache.rocketmq:rocketmq-common:4.9.1"	"org.apache.rocketmq:rocketmq-store:4.9.1"	"org.apache.rocketmq.store.config.MessageStoreConfig::maxHashSlotNum"	"int"	"private"	"false"	11
"org.apache.rocketmq:rocketmq-common:4.9.1"	"org.apache.rocketmq:rocketmq-store:4.9.1"	"org.apache.rocketmq.store.config.MessageStoreConfig::maxIndexNum"	"int"	"private"	"false"	11
"org.apache.rocketmq:rocketmq-common:4.9.1"	"org.apache.rocketmq:rocketmq-store:4.9.1"	"org.apache.rocketmq.store.config.MessageStoreConfig::maxMessageSize"	"int"	"private"	"false"	11
"org.apache.rocketmq:rocketmq-common:4.9.1"	"org.apache.rocketmq:rocketmq-store:4.9.1"	"org.apache.rocketmq.store.config.MessageStoreConfig::maxMsgsNumBatch"	"int"	"private"	"false"	11
"org.apache.rocketmq:rocketmq-common:4.9.1"	"org.apache.rocketmq:rocketmq-store:4.9.1"	"org.apache.rocketmq.store.config.MessageStoreConfig::maxTransferBytesOnMessageInDisk"	"int"	"private"	"false"	11
"org.apache.rocketmq:rocketmq-common:4.9.1"	"org.apache.rocketmq:rocketmq-store:4.9.1"	"org.apache.rocketmq.store.config.MessageStoreConfig::maxTransferBytesOnMessageInMemory"	"int"	"private"	"false"	11
"org.apache.rocketmq:rocketmq-common:4.9.1"	"org.apache.rocketmq:rocketmq-store:4.9.1"	"org.apache.rocketmq.store.config.MessageStoreConfig::maxTransferCountOnMessageInDisk"	"int"	"private"	"false"	11
"org.apache.rocketmq:rocketmq-common:4.9.1"	"org.apache.rocketmq:rocketmq-store:4.9.1"	"org.apache.rocketmq.store.config.MessageStoreConfig::maxTransferCountOnMessageInMemory"	"int"	"private"	"false"	11
"org.apache.rocketmq:rocketmq-common:4.9.1"	"org.apache.rocketmq:rocketmq-store:4.9.1"	"org.apache.rocketmq.store.config.MessageStoreConfig::messageDelayLevel"	"java.lang.String"	"private"	"false"	11
"org.apache.rocketmq:rocketmq-common:4.9.1"	"org.apache.rocketmq:rocketmq-store:4.9.1"	"org.apache.rocketmq.store.config.MessageStoreConfig::messageIndexEnable"	"boolean"	"private"	"false"	11
"org.apache.rocketmq:rocketmq-common:4.9.1"	"org.apache.rocketmq:rocketmq-store:4.9.1"	"org.apache.rocketmq.store.config.MessageStoreConfig::messageIndexSafe"	"boolean"	"private"	"false"	11
"org.apache.rocketmq:rocketmq-common:4.9.1"	"org.apache.rocketmq:rocketmq-store:4.9.1"	"org.apache.rocketmq.store.config.MessageStoreConfig::offsetCheckInSlave"	"boolean"	"private"	"false"	11
"org.apache.rocketmq:rocketmq-common:4.9.1"	"org.apache.rocketmq:rocketmq-store:4.9.1"	"org.apache.rocketmq.store.config.MessageStoreConfig::osPageCacheBusyTimeOutMills"	"long"	"private"	"false"	11
"org.apache.rocketmq:rocketmq-common:4.9.1"	"org.apache.rocketmq:rocketmq-store:4.9.1"	"org.apache.rocketmq.store.config.MessageStoreConfig::preferredLeaderId"	"java.lang.String"	"private"	"false"	11
"org.apache.rocketmq:rocketmq-common:4.9.1"	"org.apache.rocketmq:rocketmq-store:4.9.1"	"org.apache.rocketmq.store.config.MessageStoreConfig::putMsgIndexHightWater"	"int"	"private"	"false"	11
"org.apache.rocketmq:rocketmq-common:4.9.1"	"org.apache.rocketmq:rocketmq-store:4.9.1"	"org.apache.rocketmq.store.config.MessageStoreConfig::redeleteHangedFileInterval"	"int"	"private"	"false"	11
"org.apache.rocketmq:rocketmq-common:4.9.1"	"org.apache.rocketmq:rocketmq-store:4.9.1"	"org.apache.rocketmq.store.config.MessageStoreConfig::storePathCommitLog"	"java.lang.String"	"private"	"false"	11
"org.apache.rocketmq:rocketmq-common:4.9.1"	"org.apache.rocketmq:rocketmq-store:4.9.1"	"org.apache.rocketmq.store.config.MessageStoreConfig::storePathRootDir"	"java.lang.String"	"private"	"false"	11
"org.apache.rocketmq:rocketmq-common:4.9.1"	"org.apache.rocketmq:rocketmq-store:4.9.1"	"org.apache.rocketmq.store.config.MessageStoreConfig::syncFlushTimeout"	"int"	"private"	"false"	11
"org.apache.rocketmq:rocketmq-common:4.9.1"	"org.apache.rocketmq:rocketmq-store:4.9.1"	"org.apache.rocketmq.store.config.MessageStoreConfig::transientStorePoolEnable"	"boolean"	"private"	"false"	11
"org.apache.rocketmq:rocketmq-common:4.9.1"	"org.apache.rocketmq:rocketmq-store:4.9.1"	"org.apache.rocketmq.store.config.MessageStoreConfig::transientStorePoolSize"	"int"	"private"	"false"	11
"org.apache.rocketmq:rocketmq-common:4.9.1"	"org.apache.rocketmq:rocketmq-store:4.9.1"	"org.apache.rocketmq.store.config.MessageStoreConfig::useReentrantLockWhenPutMessage"	"boolean"	"private"	"false"	11
"org.apache.rocketmq:rocketmq-common:4.9.1"	"org.apache.rocketmq:rocketmq-store:4.9.1"	"org.apache.rocketmq.store.config.MessageStoreConfig::warmMapedFileEnable"	"boolean"	"private"	"false"	11
"org.apache.rocketmq:rocketmq-remoting:4.9.1"	"org.apache.rocketmq:rocketmq-common:4.9.1"	"org.apache.rocketmq.common.protocol.header.ConsumerSendMsgBackRequestHeader::delayLevel"	"java.lang.Integer"	"private"	"false"	1
"org.apache.rocketmq:rocketmq-remoting:4.9.1"	"org.apache.rocketmq:rocketmq-common:4.9.1"	"org.apache.rocketmq.common.protocol.header.ConsumerSendMsgBackRequestHeader::group"	"java.lang.String"	"private"	"false"	1
"org.apache.rocketmq:rocketmq-remoting:4.9.1"	"org.apache.rocketmq:rocketmq-common:4.9.1"	"org.apache.rocketmq.common.protocol.header.ConsumerSendMsgBackRequestHeader::maxReconsumeTimes"	"java.lang.Integer"	"private"	"false"	1
"org.apache.rocketmq:rocketmq-remoting:4.9.1"	"org.apache.rocketmq:rocketmq-common:4.9.1"	"org.apache.rocketmq.common.protocol.header.ConsumerSendMsgBackRequestHeader::offset"	"java.lang.Long"	"private"	"false"	1
"org.apache.rocketmq:rocketmq-remoting:4.9.1"	"org.apache.rocketmq:rocketmq-common:4.9.1"	"org.apache.rocketmq.common.protocol.header.ConsumerSendMsgBackRequestHeader::originMsgId"	"java.lang.String"	"private"	"false"	1
"org.apache.rocketmq:rocketmq-remoting:4.9.1"	"org.apache.rocketmq:rocketmq-common:4.9.1"	"org.apache.rocketmq.common.protocol.header.ConsumerSendMsgBackRequestHeader::originTopic"	"java.lang.String"	"private"	"false"	1
"org.apache.rocketmq:rocketmq-remoting:4.9.1"	"org.apache.rocketmq:rocketmq-common:4.9.1"	"org.apache.rocketmq.common.protocol.header.ConsumerSendMsgBackRequestHeader::unitMode"	"boolean"	"private"	"false"	1
"org.apache.rocketmq:rocketmq-remoting:4.9.1"	"org.apache.rocketmq:rocketmq-common:4.9.1"	"org.apache.rocketmq.common.protocol.header.CreateTopicRequestHeader::defaultTopic"	"java.lang.String"	"private"	"false"	1
"org.apache.rocketmq:rocketmq-remoting:4.9.1"	"org.apache.rocketmq:rocketmq-common:4.9.1"	"org.apache.rocketmq.common.protocol.header.CreateTopicRequestHeader::order"	"java.lang.Boolean"	"private"	"false"	1
"org.apache.rocketmq:rocketmq-remoting:4.9.1"	"org.apache.rocketmq:rocketmq-common:4.9.1"	"org.apache.rocketmq.common.protocol.header.CreateTopicRequestHeader::perm"	"java.lang.Integer"	"private"	"false"	1
"org.apache.rocketmq:rocketmq-remoting:4.9.1"	"org.apache.rocketmq:rocketmq-common:4.9.1"	"org.apache.rocketmq.common.protocol.header.CreateTopicRequestHeader::readQueueNums"	"java.lang.Integer"	"private"	"false"	1
"org.apache.rocketmq:rocketmq-remoting:4.9.1"	"org.apache.rocketmq:rocketmq-common:4.9.1"	"org.apache.rocketmq.common.protocol.header.CreateTopicRequestHeader::topic"	"java.lang.String"	"private"	"false"	1
"org.apache.rocketmq:rocketmq-remoting:4.9.1"	"org.apache.rocketmq:rocketmq-common:4.9.1"	"org.apache.rocketmq.common.protocol.header.CreateTopicRequestHeader::topicFilterType"	"java.lang.String"	"private"	"false"	1
"org.apache.rocketmq:rocketmq-remoting:4.9.1"	"org.apache.rocketmq:rocketmq-common:4.9.1"	"org.apache.rocketmq.common.protocol.header.CreateTopicRequestHeader::topicSysFlag"	"java.lang.Integer"	"private"	"false"	1
"org.apache.rocketmq:rocketmq-remoting:4.9.1"	"org.apache.rocketmq:rocketmq-common:4.9.1"	"org.apache.rocketmq.common.protocol.header.CreateTopicRequestHeader::writeQueueNums"	"java.lang.Integer"	"private"	"false"	1
"org.apache.rocketmq:rocketmq-remoting:4.9.1"	"org.apache.rocketmq:rocketmq-common:4.9.1"	"org.apache.rocketmq.common.protocol.header.DeleteTopicRequestHeader::topic"	"java.lang.String"	"private"	"false"	1
"org.apache.rocketmq:rocketmq-remoting:4.9.1"	"org.apache.rocketmq:rocketmq-common:4.9.1"	"org.apache.rocketmq.common.protocol.header.EndTransactionRequestHeader::commitLogOffset"	"java.lang.Long"	"private"	"false"	1
"org.apache.rocketmq:rocketmq-remoting:4.9.1"	"org.apache.rocketmq:rocketmq-common:4.9.1"	"org.apache.rocketmq.common.protocol.header.EndTransactionRequestHeader::commitOrRollback"	"java.lang.Integer"	"private"	"false"	1
"org.apache.rocketmq:rocketmq-remoting:4.9.1"	"org.apache.rocketmq:rocketmq-common:4.9.1"	"org.apache.rocketmq.common.protocol.header.EndTransactionRequestHeader::fromTransactionCheck"	"java.lang.Boolean"	"private"	"false"	1
"org.apache.rocketmq:rocketmq-remoting:4.9.1"	"org.apache.rocketmq:rocketmq-common:4.9.1"	"org.apache.rocketmq.common.protocol.header.EndTransactionRequestHeader::msgId"	"java.lang.String"	"private"	"false"	1
"org.apache.rocketmq:rocketmq-remoting:4.9.1"	"org.apache.rocketmq:rocketmq-common:4.9.1"	"org.apache.rocketmq.common.protocol.header.EndTransactionRequestHeader::producerGroup"	"java.lang.String"	"private"	"false"	1
"org.apache.rocketmq:rocketmq-remoting:4.9.1"	"org.apache.rocketmq:rocketmq-common:4.9.1"	"org.apache.rocketmq.common.protocol.header.EndTransactionRequestHeader::transactionId"	"java.lang.String"	"private"	"false"	1
"org.apache.rocketmq:rocketmq-remoting:4.9.1"	"org.apache.rocketmq:rocketmq-common:4.9.1"	"org.apache.rocketmq.common.protocol.header.EndTransactionRequestHeader::tranStateTableOffset"	"java.lang.Long"	"private"	"false"	1
"org.apache.rocketmq:rocketmq-remoting:4.9.1"	"org.apache.rocketmq:rocketmq-common:4.9.1"	"org.apache.rocketmq.common.protocol.header.PullMessageRequestHeader::commitOffset"	"java.lang.Long"	"private"	"false"	1
"org.apache.rocketmq:rocketmq-remoting:4.9.1"	"org.apache.rocketmq:rocketmq-common:4.9.1"	"org.apache.rocketmq.common.protocol.header.PullMessageRequestHeader::consumerGroup"	"java.lang.String"	"private"	"false"	1
"org.apache.rocketmq:rocketmq-remoting:4.9.1"	"org.apache.rocketmq:rocketmq-common:4.9.1"	"org.apache.rocketmq.common.protocol.header.PullMessageRequestHeader::expressionType"	"java.lang.String"	"private"	"false"	1
"org.apache.rocketmq:rocketmq-remoting:4.9.1"	"org.apache.rocketmq:rocketmq-common:4.9.1"	"org.apache.rocketmq.common.protocol.header.PullMessageRequestHeader::maxMsgNums"	"java.lang.Integer"	"private"	"false"	1
"org.apache.rocketmq:rocketmq-remoting:4.9.1"	"org.apache.rocketmq:rocketmq-common:4.9.1"	"org.apache.rocketmq.common.protocol.header.PullMessageRequestHeader::queueId"	"java.lang.Integer"	"private"	"false"	1
"org.apache.rocketmq:rocketmq-remoting:4.9.1"	"org.apache.rocketmq:rocketmq-common:4.9.1"	"org.apache.rocketmq.common.protocol.header.PullMessageRequestHeader::queueOffset"	"java.lang.Long"	"private"	"false"	1
"org.apache.rocketmq:rocketmq-remoting:4.9.1"	"org.apache.rocketmq:rocketmq-common:4.9.1"	"org.apache.rocketmq.common.protocol.header.PullMessageRequestHeader::subscription"	"java.lang.String"	"private"	"false"	1
"org.apache.rocketmq:rocketmq-remoting:4.9.1"	"org.apache.rocketmq:rocketmq-common:4.9.1"	"org.apache.rocketmq.common.protocol.header.PullMessageRequestHeader::subVersion"	"java.lang.Long"	"private"	"false"	1
"org.apache.rocketmq:rocketmq-remoting:4.9.1"	"org.apache.rocketmq:rocketmq-common:4.9.1"	"org.apache.rocketmq.common.protocol.header.PullMessageRequestHeader::suspendTimeoutMillis"	"java.lang.Long"	"private"	"false"	1
"org.apache.rocketmq:rocketmq-remoting:4.9.1"	"org.apache.rocketmq:rocketmq-common:4.9.1"	"org.apache.rocketmq.common.protocol.header.PullMessageRequestHeader::sysFlag"	"java.lang.Integer"	"private"	"false"	1
"org.apache.rocketmq:rocketmq-remoting:4.9.1"	"org.apache.rocketmq:rocketmq-common:4.9.1"	"org.apache.rocketmq.common.protocol.header.PullMessageRequestHeader::topic"	"java.lang.String"	"private"	"false"	1
"org.apache.rocketmq:rocketmq-remoting:4.9.1"	"org.apache.rocketmq:rocketmq-common:4.9.1"	"org.apache.rocketmq.common.protocol.header.ResumeCheckHalfMessageRequestHeader::msgId"	"java.lang.String"	"private"	"false"	1
"org.apache.rocketmq:rocketmq-remoting:4.9.1"	"org.apache.rocketmq:rocketmq-common:4.9.1"	"org.apache.rocketmq.common.protocol.header.SendMessageRequestHeader::batch"	"boolean"	"private"	"false"	2
"org.apache.rocketmq:rocketmq-remoting:4.9.1"	"org.apache.rocketmq:rocketmq-common:4.9.1"	"org.apache.rocketmq.common.protocol.header.SendMessageRequestHeader::bornTimestamp"	"java.lang.Long"	"private"	"false"	2
"org.apache.rocketmq:rocketmq-remoting:4.9.1"	"org.apache.rocketmq:rocketmq-common:4.9.1"	"org.apache.rocketmq.common.protocol.header.SendMessageRequestHeader::defaultTopic"	"java.lang.String"	"private"	"false"	2
"org.apache.rocketmq:rocketmq-remoting:4.9.1"	"org.apache.rocketmq:rocketmq-common:4.9.1"	"org.apache.rocketmq.common.protocol.header.SendMessageRequestHeader::defaultTopicQueueNums"	"java.lang.Integer"	"private"	"false"	2
"org.apache.rocketmq:rocketmq-remoting:4.9.1"	"org.apache.rocketmq:rocketmq-common:4.9.1"	"org.apache.rocketmq.common.protocol.header.SendMessageRequestHeader::flag"	"java.lang.Integer"	"private"	"false"	2
"org.apache.rocketmq:rocketmq-remoting:4.9.1"	"org.apache.rocketmq:rocketmq-common:4.9.1"	"org.apache.rocketmq.common.protocol.header.SendMessageRequestHeader::maxReconsumeTimes"	"java.lang.Integer"	"private"	"false"	2
"org.apache.rocketmq:rocketmq-remoting:4.9.1"	"org.apache.rocketmq:rocketmq-common:4.9.1"	"org.apache.rocketmq.common.protocol.header.SendMessageRequestHeader::producerGroup"	"java.lang.String"	"private"	"false"	2
"org.apache.rocketmq:rocketmq-remoting:4.9.1"	"org.apache.rocketmq:rocketmq-common:4.9.1"	"org.apache.rocketmq.common.protocol.header.SendMessageRequestHeader::properties"	"java.lang.String"	"private"	"false"	2
"org.apache.rocketmq:rocketmq-remoting:4.9.1"	"org.apache.rocketmq:rocketmq-common:4.9.1"	"org.apache.rocketmq.common.protocol.header.SendMessageRequestHeader::queueId"	"java.lang.Integer"	"private"	"false"	2
"org.apache.rocketmq:rocketmq-remoting:4.9.1"	"org.apache.rocketmq:rocketmq-common:4.9.1"	"org.apache.rocketmq.common.protocol.header.SendMessageRequestHeader::reconsumeTimes"	"java.lang.Integer"	"private"	"false"	2
"org.apache.rocketmq:rocketmq-remoting:4.9.1"	"org.apache.rocketmq:rocketmq-common:4.9.1"	"org.apache.rocketmq.common.protocol.header.SendMessageRequestHeader::sysFlag"	"java.lang.Integer"	"private"	"false"	2
"org.apache.rocketmq:rocketmq-remoting:4.9.1"	"org.apache.rocketmq:rocketmq-common:4.9.1"	"org.apache.rocketmq.common.protocol.header.SendMessageRequestHeader::topic"	"java.lang.String"	"private"	"false"	2
"org.apache.rocketmq:rocketmq-remoting:4.9.1"	"org.apache.rocketmq:rocketmq-common:4.9.1"	"org.apache.rocketmq.common.protocol.header.SendMessageRequestHeader::unitMode"	"boolean"	"private"	"false"	2
"org.apache.rocketmq:rocketmq-remoting:4.9.1"	"org.apache.rocketmq:rocketmq-common:4.9.1"	"org.apache.rocketmq.common.protocol.header.SendMessageRequestHeaderV2::a"	"java.lang.String"	"private"	"false"	1
"org.apache.rocketmq:rocketmq-remoting:4.9.1"	"org.apache.rocketmq:rocketmq-common:4.9.1"	"org.apache.rocketmq.common.protocol.header.SendMessageRequestHeaderV2::b"	"java.lang.String"	"private"	"false"	1
"org.apache.rocketmq:rocketmq-remoting:4.9.1"	"org.apache.rocketmq:rocketmq-common:4.9.1"	"org.apache.rocketmq.common.protocol.header.SendMessageRequestHeaderV2::c"	"java.lang.String"	"private"	"false"	1
"org.apache.rocketmq:rocketmq-remoting:4.9.1"	"org.apache.rocketmq:rocketmq-common:4.9.1"	"org.apache.rocketmq.common.protocol.header.SendMessageRequestHeaderV2::d"	"java.lang.Integer"	"private"	"false"	1
"org.apache.rocketmq:rocketmq-remoting:4.9.1"	"org.apache.rocketmq:rocketmq-common:4.9.1"	"org.apache.rocketmq.common.protocol.header.SendMessageRequestHeaderV2::e"	"java.lang.Integer"	"private"	"false"	1
"org.apache.rocketmq:rocketmq-remoting:4.9.1"	"org.apache.rocketmq:rocketmq-common:4.9.1"	"org.apache.rocketmq.common.protocol.header.SendMessageRequestHeaderV2::f"	"java.lang.Integer"	"private"	"false"	1
"org.apache.rocketmq:rocketmq-remoting:4.9.1"	"org.apache.rocketmq:rocketmq-common:4.9.1"	"org.apache.rocketmq.common.protocol.header.SendMessageRequestHeaderV2::g"	"java.lang.Long"	"private"	"false"	1
"org.apache.rocketmq:rocketmq-remoting:4.9.1"	"org.apache.rocketmq:rocketmq-common:4.9.1"	"org.apache.rocketmq.common.protocol.header.SendMessageRequestHeaderV2::h"	"java.lang.Integer"	"private"	"false"	1
"org.apache.rocketmq:rocketmq-remoting:4.9.1"	"org.apache.rocketmq:rocketmq-common:4.9.1"	"org.apache.rocketmq.common.protocol.header.SendMessageRequestHeaderV2::i"	"java.lang.String"	"private"	"false"	1
"org.apache.rocketmq:rocketmq-remoting:4.9.1"	"org.apache.rocketmq:rocketmq-common:4.9.1"	"org.apache.rocketmq.common.protocol.header.SendMessageRequestHeaderV2::j"	"java.lang.Integer"	"private"	"false"	1
"org.apache.rocketmq:rocketmq-remoting:4.9.1"	"org.apache.rocketmq:rocketmq-common:4.9.1"	"org.apache.rocketmq.common.protocol.header.SendMessageRequestHeaderV2::k"	"boolean"	"private"	"false"	1
"org.apache.rocketmq:rocketmq-remoting:4.9.1"	"org.apache.rocketmq:rocketmq-common:4.9.1"	"org.apache.rocketmq.common.protocol.header.SendMessageRequestHeaderV2::l"	"java.lang.Integer"	"private"	"false"	1
"org.apache.rocketmq:rocketmq-remoting:4.9.1"	"org.apache.rocketmq:rocketmq-common:4.9.1"	"org.apache.rocketmq.common.protocol.header.SendMessageRequestHeaderV2::m"	"boolean"	"private"	"false"	1
"org.apache.rocketmq:rocketmq-remoting:4.9.1"	"org.apache.rocketmq:rocketmq-common:4.9.1"	"org.apache.rocketmq.common.protocol.header.UnregisterClientRequestHeader::clientID"	"java.lang.String"	"private"	"false"	1
"org.apache.rocketmq:rocketmq-remoting:4.9.1"	"org.apache.rocketmq:rocketmq-common:4.9.1"	"org.apache.rocketmq.common.protocol.header.UnregisterClientRequestHeader::consumerGroup"	"java.lang.String"	"private"	"false"	1
"org.apache.rocketmq:rocketmq-remoting:4.9.1"	"org.apache.rocketmq:rocketmq-common:4.9.1"	"org.apache.rocketmq.common.protocol.header.UnregisterClientRequestHeader::producerGroup"	"java.lang.String"	"private"	"false"	1
"ognl:ognl:3.1.26"	"org.thymeleaf:thymeleaf:3.0.12-SNAPSHOT"	"org.thymeleaf.context.WebEngineContext$RequestParameterValues::length"	"int"	"public"	"false"	1
"org.springframework:spring-expression:5.1.0.RELEASE"	"org.thymeleaf:thymeleaf:3.0.12-SNAPSHOT"	"java.lang.Class::TIMER_LOGGER_NAME"	"java.lang.String"	"public"	"true"	1
"org.springframework:spring-expression:5.1.0.RELEASE"	"org.thymeleaf:thymeleaf:3.0.12-SNAPSHOT"	"org.thymeleaf.context.WebEngineContext$RequestParameterValues::length"	"int"	"public"	"false"	1
